hash,config,rep,experiment_subdir
bd2019bf18,"{""config"": {""instance_level"": {""0"": {""match_policy"": ""first"", ""queue_depth"": 32, ""queue_policy"": ""fcfs"", ""reservation_depth"": 64}, ""1"": {""match_policy"": ""first"", ""queue_depth"": 32, ""queue_policy"": ""fcfs"", ""reservation_depth"": 64}, ""2"": {""job_request_cores_per_task"": 1, ""job_request_gpus_per_task"": 0, ""job_request_nodes"": 1, ""job_request_ntasks_per_node"": 1, ""job_request_time"": ""30s"", ""match_policy"": ""first"", ""n_jobs"": 1000, ""problem_class"": ""B"", ""queue_depth"": 32, ""queue_policy"": ""fcfs"", ""reservation_depth"": 64, ""workload"": ""babelstream""}}}, ""system"": {""cpu_affinity"": true, ""flux_time_limit"": ""7m"", ""max_cores_per_node"": 112, ""max_gpus_per_node"": 0, ""queue"": ""pbatch"", ""slurm_time_limit"": ""00:07:00"", ""sys_nodes"": 1}}",1,dane/SW_C
bd2019bf18,"{""config"": {""instance_level"": {""0"": {""match_policy"": ""first"", ""queue_depth"": 32, ""queue_policy"": ""fcfs"", ""reservation_depth"": 64}, ""1"": {""match_policy"": ""first"", ""queue_depth"": 32, ""queue_policy"": ""fcfs"", ""reservation_depth"": 64}, ""2"": {""job_request_cores_per_task"": 1, ""job_request_gpus_per_task"": 0, ""job_request_nodes"": 1, ""job_request_ntasks_per_node"": 1, ""job_request_time"": ""30s"", ""match_policy"": ""first"", ""n_jobs"": 1000, ""problem_class"": ""B"", ""queue_depth"": 32, ""queue_policy"": ""fcfs"", ""reservation_depth"": 64, ""workload"": ""babelstream""}}}, ""system"": {""cpu_affinity"": true, ""flux_time_limit"": ""7m"", ""max_cores_per_node"": 112, ""max_gpus_per_node"": 0, ""queue"": ""pbatch"", ""slurm_time_limit"": ""00:07:00"", ""sys_nodes"": 1}}",2,dane/SW_C
bd2019bf18,"{""config"": {""instance_level"": {""0"": {""match_policy"": ""first"", ""queue_depth"": 32, ""queue_policy"": ""fcfs"", ""reservation_depth"": 64}, ""1"": {""match_policy"": ""first"", ""queue_depth"": 32, ""queue_policy"": ""fcfs"", ""reservation_depth"": 64}, ""2"": {""job_request_cores_per_task"": 1, ""job_request_gpus_per_task"": 0, ""job_request_nodes"": 1, ""job_request_ntasks_per_node"": 1, ""job_request_time"": ""30s"", ""match_policy"": ""first"", ""n_jobs"": 1000, ""problem_class"": ""B"", ""queue_depth"": 32, ""queue_policy"": ""fcfs"", ""reservation_depth"": 64, ""workload"": ""babelstream""}}}, ""system"": {""cpu_affinity"": true, ""flux_time_limit"": ""7m"", ""max_cores_per_node"": 112, ""max_gpus_per_node"": 0, ""queue"": ""pbatch"", ""slurm_time_limit"": ""00:07:00"", ""sys_nodes"": 1}}",3,dane/SW_C
bd2019bf18,"{""config"": {""instance_level"": {""0"": {""match_policy"": ""first"", ""queue_depth"": 32, ""queue_policy"": ""fcfs"", ""reservation_depth"": 64}, ""1"": {""match_policy"": ""first"", ""queue_depth"": 32, ""queue_policy"": ""fcfs"", ""reservation_depth"": 64}, ""2"": {""job_request_cores_per_task"": 1, ""job_request_gpus_per_task"": 0, ""job_request_nodes"": 1, ""job_request_ntasks_per_node"": 1, ""job_request_time"": ""30s"", ""match_policy"": ""first"", ""n_jobs"": 1000, ""problem_class"": ""B"", ""queue_depth"": 32, ""queue_policy"": ""fcfs"", ""reservation_depth"": 64, ""workload"": ""babelstream""}}}, ""system"": {""cpu_affinity"": true, ""flux_time_limit"": ""7m"", ""max_cores_per_node"": 112, ""max_gpus_per_node"": 0, ""queue"": ""pbatch"", ""slurm_time_limit"": ""00:07:00"", ""sys_nodes"": 1}}",4,dane/SW_C
bd2019bf18,"{""config"": {""instance_level"": {""0"": {""match_policy"": ""first"", ""queue_depth"": 32, ""queue_policy"": ""fcfs"", ""reservation_depth"": 64}, ""1"": {""match_policy"": ""first"", ""queue_depth"": 32, ""queue_policy"": ""fcfs"", ""reservation_depth"": 64}, ""2"": {""job_request_cores_per_task"": 1, ""job_request_gpus_per_task"": 0, ""job_request_nodes"": 1, ""job_request_ntasks_per_node"": 1, ""job_request_time"": ""30s"", ""match_policy"": ""first"", ""n_jobs"": 1000, ""problem_class"": ""B"", ""queue_depth"": 32, ""queue_policy"": ""fcfs"", ""reservation_depth"": 64, ""workload"": ""babelstream""}}}, ""system"": {""cpu_affinity"": true, ""flux_time_limit"": ""7m"", ""max_cores_per_node"": 112, ""max_gpus_per_node"": 0, ""queue"": ""pbatch"", ""slurm_time_limit"": ""00:07:00"", ""sys_nodes"": 1}}",5,dane/SW_C
a44dffb9a8,"{""config"": {""instance_level"": {""0"": {""match_policy"": ""first"", ""queue_depth"": 32, ""queue_policy"": ""fcfs"", ""reservation_depth"": 64}, ""1"": {""match_policy"": ""first"", ""queue_depth"": 32, ""queue_policy"": ""fcfs"", ""reservation_depth"": 64}, ""2"": {""job_request_cores_per_task"": 1, ""job_request_gpus_per_task"": 0, ""job_request_nodes"": 1, ""job_request_ntasks_per_node"": 1, ""job_request_time"": ""30s"", ""match_policy"": ""first"", ""n_jobs"": 1000, ""problem_class"": ""B"", ""queue_depth"": 32, ""queue_policy"": ""fcfs"", ""reservation_depth"": 64, ""workload"": ""raja-perf%Polybench_GEMM%Base_OpenMP""}}}, ""system"": {""cpu_affinity"": true, ""flux_time_limit"": ""7m"", ""max_cores_per_node"": 112, ""max_gpus_per_node"": 0, ""queue"": ""pbatch"", ""slurm_time_limit"": ""00:07:00"", ""sys_nodes"": 1}}",1,dane/SW_C
a44dffb9a8,"{""config"": {""instance_level"": {""0"": {""match_policy"": ""first"", ""queue_depth"": 32, ""queue_policy"": ""fcfs"", ""reservation_depth"": 64}, ""1"": {""match_policy"": ""first"", ""queue_depth"": 32, ""queue_policy"": ""fcfs"", ""reservation_depth"": 64}, ""2"": {""job_request_cores_per_task"": 1, ""job_request_gpus_per_task"": 0, ""job_request_nodes"": 1, ""job_request_ntasks_per_node"": 1, ""job_request_time"": ""30s"", ""match_policy"": ""first"", ""n_jobs"": 1000, ""problem_class"": ""B"", ""queue_depth"": 32, ""queue_policy"": ""fcfs"", ""reservation_depth"": 64, ""workload"": ""raja-perf%Polybench_GEMM%Base_OpenMP""}}}, ""system"": {""cpu_affinity"": true, ""flux_time_limit"": ""7m"", ""max_cores_per_node"": 112, ""max_gpus_per_node"": 0, ""queue"": ""pbatch"", ""slurm_time_limit"": ""00:07:00"", ""sys_nodes"": 1}}",2,dane/SW_C
a44dffb9a8,"{""config"": {""instance_level"": {""0"": {""match_policy"": ""first"", ""queue_depth"": 32, ""queue_policy"": ""fcfs"", ""reservation_depth"": 64}, ""1"": {""match_policy"": ""first"", ""queue_depth"": 32, ""queue_policy"": ""fcfs"", ""reservation_depth"": 64}, ""2"": {""job_request_cores_per_task"": 1, ""job_request_gpus_per_task"": 0, ""job_request_nodes"": 1, ""job_request_ntasks_per_node"": 1, ""job_request_time"": ""30s"", ""match_policy"": ""first"", ""n_jobs"": 1000, ""problem_class"": ""B"", ""queue_depth"": 32, ""queue_policy"": ""fcfs"", ""reservation_depth"": 64, ""workload"": ""raja-perf%Polybench_GEMM%Base_OpenMP""}}}, ""system"": {""cpu_affinity"": true, ""flux_time_limit"": ""7m"", ""max_cores_per_node"": 112, ""max_gpus_per_node"": 0, ""queue"": ""pbatch"", ""slurm_time_limit"": ""00:07:00"", ""sys_nodes"": 1}}",3,dane/SW_C
a44dffb9a8,"{""config"": {""instance_level"": {""0"": {""match_policy"": ""first"", ""queue_depth"": 32, ""queue_policy"": ""fcfs"", ""reservation_depth"": 64}, ""1"": {""match_policy"": ""first"", ""queue_depth"": 32, ""queue_policy"": ""fcfs"", ""reservation_depth"": 64}, ""2"": {""job_request_cores_per_task"": 1, ""job_request_gpus_per_task"": 0, ""job_request_nodes"": 1, ""job_request_ntasks_per_node"": 1, ""job_request_time"": ""30s"", ""match_policy"": ""first"", ""n_jobs"": 1000, ""problem_class"": ""B"", ""queue_depth"": 32, ""queue_policy"": ""fcfs"", ""reservation_depth"": 64, ""workload"": ""raja-perf%Polybench_GEMM%Base_OpenMP""}}}, ""system"": {""cpu_affinity"": true, ""flux_time_limit"": ""7m"", ""max_cores_per_node"": 112, ""max_gpus_per_node"": 0, ""queue"": ""pbatch"", ""slurm_time_limit"": ""00:07:00"", ""sys_nodes"": 1}}",4,dane/SW_C
a44dffb9a8,"{""config"": {""instance_level"": {""0"": {""match_policy"": ""first"", ""queue_depth"": 32, ""queue_policy"": ""fcfs"", ""reservation_depth"": 64}, ""1"": {""match_policy"": ""first"", ""queue_depth"": 32, ""queue_policy"": ""fcfs"", ""reservation_depth"": 64}, ""2"": {""job_request_cores_per_task"": 1, ""job_request_gpus_per_task"": 0, ""job_request_nodes"": 1, ""job_request_ntasks_per_node"": 1, ""job_request_time"": ""30s"", ""match_policy"": ""first"", ""n_jobs"": 1000, ""problem_class"": ""B"", ""queue_depth"": 32, ""queue_policy"": ""fcfs"", ""reservation_depth"": 64, ""workload"": ""raja-perf%Polybench_GEMM%Base_OpenMP""}}}, ""system"": {""cpu_affinity"": true, ""flux_time_limit"": ""7m"", ""max_cores_per_node"": 112, ""max_gpus_per_node"": 0, ""queue"": ""pbatch"", ""slurm_time_limit"": ""00:07:00"", ""sys_nodes"": 1}}",5,dane/SW_C
8d522cf957,"{""config"": {""instance_level"": {""0"": {""match_policy"": ""first"", ""queue_depth"": 32, ""queue_policy"": ""fcfs"", ""reservation_depth"": 64}, ""1"": {""match_policy"": ""first"", ""queue_depth"": 32, ""queue_policy"": ""fcfs"", ""reservation_depth"": 64}, ""2"": {""job_request_cores_per_task"": 1, ""job_request_gpus_per_task"": 0, ""job_request_nodes"": 1, ""job_request_ntasks_per_node"": 1, ""job_request_time"": ""30s"", ""match_policy"": ""first"", ""n_jobs"": 1000, ""problem_class"": ""B"", ""queue_depth"": 32, ""queue_policy"": ""hybrid"", ""reservation_depth"": 64, ""workload"": ""babelstream""}}}, ""system"": {""cpu_affinity"": true, ""flux_time_limit"": ""7m"", ""max_cores_per_node"": 112, ""max_gpus_per_node"": 0, ""queue"": ""pbatch"", ""slurm_time_limit"": ""00:07:00"", ""sys_nodes"": 1}}",1,dane/SW_C
8d522cf957,"{""config"": {""instance_level"": {""0"": {""match_policy"": ""first"", ""queue_depth"": 32, ""queue_policy"": ""fcfs"", ""reservation_depth"": 64}, ""1"": {""match_policy"": ""first"", ""queue_depth"": 32, ""queue_policy"": ""fcfs"", ""reservation_depth"": 64}, ""2"": {""job_request_cores_per_task"": 1, ""job_request_gpus_per_task"": 0, ""job_request_nodes"": 1, ""job_request_ntasks_per_node"": 1, ""job_request_time"": ""30s"", ""match_policy"": ""first"", ""n_jobs"": 1000, ""problem_class"": ""B"", ""queue_depth"": 32, ""queue_policy"": ""hybrid"", ""reservation_depth"": 64, ""workload"": ""babelstream""}}}, ""system"": {""cpu_affinity"": true, ""flux_time_limit"": ""7m"", ""max_cores_per_node"": 112, ""max_gpus_per_node"": 0, ""queue"": ""pbatch"", ""slurm_time_limit"": ""00:07:00"", ""sys_nodes"": 1}}",2,dane/SW_C
8d522cf957,"{""config"": {""instance_level"": {""0"": {""match_policy"": ""first"", ""queue_depth"": 32, ""queue_policy"": ""fcfs"", ""reservation_depth"": 64}, ""1"": {""match_policy"": ""first"", ""queue_depth"": 32, ""queue_policy"": ""fcfs"", ""reservation_depth"": 64}, ""2"": {""job_request_cores_per_task"": 1, ""job_request_gpus_per_task"": 0, ""job_request_nodes"": 1, ""job_request_ntasks_per_node"": 1, ""job_request_time"": ""30s"", ""match_policy"": ""first"", ""n_jobs"": 1000, ""problem_class"": ""B"", ""queue_depth"": 32, ""queue_policy"": ""hybrid"", ""reservation_depth"": 64, ""workload"": ""babelstream""}}}, ""system"": {""cpu_affinity"": true, ""flux_time_limit"": ""7m"", ""max_cores_per_node"": 112, ""max_gpus_per_node"": 0, ""queue"": ""pbatch"", ""slurm_time_limit"": ""00:07:00"", ""sys_nodes"": 1}}",3,dane/SW_C
8d522cf957,"{""config"": {""instance_level"": {""0"": {""match_policy"": ""first"", ""queue_depth"": 32, ""queue_policy"": ""fcfs"", ""reservation_depth"": 64}, ""1"": {""match_policy"": ""first"", ""queue_depth"": 32, ""queue_policy"": ""fcfs"", ""reservation_depth"": 64}, ""2"": {""job_request_cores_per_task"": 1, ""job_request_gpus_per_task"": 0, ""job_request_nodes"": 1, ""job_request_ntasks_per_node"": 1, ""job_request_time"": ""30s"", ""match_policy"": ""first"", ""n_jobs"": 1000, ""problem_class"": ""B"", ""queue_depth"": 32, ""queue_policy"": ""hybrid"", ""reservation_depth"": 64, ""workload"": ""babelstream""}}}, ""system"": {""cpu_affinity"": true, ""flux_time_limit"": ""7m"", ""max_cores_per_node"": 112, ""max_gpus_per_node"": 0, ""queue"": ""pbatch"", ""slurm_time_limit"": ""00:07:00"", ""sys_nodes"": 1}}",4,dane/SW_C
8d522cf957,"{""config"": {""instance_level"": {""0"": {""match_policy"": ""first"", ""queue_depth"": 32, ""queue_policy"": ""fcfs"", ""reservation_depth"": 64}, ""1"": {""match_policy"": ""first"", ""queue_depth"": 32, ""queue_policy"": ""fcfs"", ""reservation_depth"": 64}, ""2"": {""job_request_cores_per_task"": 1, ""job_request_gpus_per_task"": 0, ""job_request_nodes"": 1, ""job_request_ntasks_per_node"": 1, ""job_request_time"": ""30s"", ""match_policy"": ""first"", ""n_jobs"": 1000, ""problem_class"": ""B"", ""queue_depth"": 32, ""queue_policy"": ""hybrid"", ""reservation_depth"": 64, ""workload"": ""babelstream""}}}, ""system"": {""cpu_affinity"": true, ""flux_time_limit"": ""7m"", ""max_cores_per_node"": 112, ""max_gpus_per_node"": 0, ""queue"": ""pbatch"", ""slurm_time_limit"": ""00:07:00"", ""sys_nodes"": 1}}",5,dane/SW_C
d0374a123b,"{""config"": {""instance_level"": {""0"": {""match_policy"": ""first"", ""queue_depth"": 32, ""queue_policy"": ""fcfs"", ""reservation_depth"": 64}, ""1"": {""match_policy"": ""first"", ""queue_depth"": 32, ""queue_policy"": ""fcfs"", ""reservation_depth"": 64}, ""2"": {""job_request_cores_per_task"": 1, ""job_request_gpus_per_task"": 0, ""job_request_nodes"": 1, ""job_request_ntasks_per_node"": 1, ""job_request_time"": ""30s"", ""match_policy"": ""first"", ""n_jobs"": 1000, ""problem_class"": ""B"", ""queue_depth"": 32, ""queue_policy"": ""hybrid"", ""reservation_depth"": 64, ""workload"": ""raja-perf%Polybench_GEMM%Base_OpenMP""}}}, ""system"": {""cpu_affinity"": true, ""flux_time_limit"": ""7m"", ""max_cores_per_node"": 112, ""max_gpus_per_node"": 0, ""queue"": ""pbatch"", ""slurm_time_limit"": ""00:07:00"", ""sys_nodes"": 1}}",1,dane/SW_C
d0374a123b,"{""config"": {""instance_level"": {""0"": {""match_policy"": ""first"", ""queue_depth"": 32, ""queue_policy"": ""fcfs"", ""reservation_depth"": 64}, ""1"": {""match_policy"": ""first"", ""queue_depth"": 32, ""queue_policy"": ""fcfs"", ""reservation_depth"": 64}, ""2"": {""job_request_cores_per_task"": 1, ""job_request_gpus_per_task"": 0, ""job_request_nodes"": 1, ""job_request_ntasks_per_node"": 1, ""job_request_time"": ""30s"", ""match_policy"": ""first"", ""n_jobs"": 1000, ""problem_class"": ""B"", ""queue_depth"": 32, ""queue_policy"": ""hybrid"", ""reservation_depth"": 64, ""workload"": ""raja-perf%Polybench_GEMM%Base_OpenMP""}}}, ""system"": {""cpu_affinity"": true, ""flux_time_limit"": ""7m"", ""max_cores_per_node"": 112, ""max_gpus_per_node"": 0, ""queue"": ""pbatch"", ""slurm_time_limit"": ""00:07:00"", ""sys_nodes"": 1}}",2,dane/SW_C
d0374a123b,"{""config"": {""instance_level"": {""0"": {""match_policy"": ""first"", ""queue_depth"": 32, ""queue_policy"": ""fcfs"", ""reservation_depth"": 64}, ""1"": {""match_policy"": ""first"", ""queue_depth"": 32, ""queue_policy"": ""fcfs"", ""reservation_depth"": 64}, ""2"": {""job_request_cores_per_task"": 1, ""job_request_gpus_per_task"": 0, ""job_request_nodes"": 1, ""job_request_ntasks_per_node"": 1, ""job_request_time"": ""30s"", ""match_policy"": ""first"", ""n_jobs"": 1000, ""problem_class"": ""B"", ""queue_depth"": 32, ""queue_policy"": ""hybrid"", ""reservation_depth"": 64, ""workload"": ""raja-perf%Polybench_GEMM%Base_OpenMP""}}}, ""system"": {""cpu_affinity"": true, ""flux_time_limit"": ""7m"", ""max_cores_per_node"": 112, ""max_gpus_per_node"": 0, ""queue"": ""pbatch"", ""slurm_time_limit"": ""00:07:00"", ""sys_nodes"": 1}}",3,dane/SW_C
d0374a123b,"{""config"": {""instance_level"": {""0"": {""match_policy"": ""first"", ""queue_depth"": 32, ""queue_policy"": ""fcfs"", ""reservation_depth"": 64}, ""1"": {""match_policy"": ""first"", ""queue_depth"": 32, ""queue_policy"": ""fcfs"", ""reservation_depth"": 64}, ""2"": {""job_request_cores_per_task"": 1, ""job_request_gpus_per_task"": 0, ""job_request_nodes"": 1, ""job_request_ntasks_per_node"": 1, ""job_request_time"": ""30s"", ""match_policy"": ""first"", ""n_jobs"": 1000, ""problem_class"": ""B"", ""queue_depth"": 32, ""queue_policy"": ""hybrid"", ""reservation_depth"": 64, ""workload"": ""raja-perf%Polybench_GEMM%Base_OpenMP""}}}, ""system"": {""cpu_affinity"": true, ""flux_time_limit"": ""7m"", ""max_cores_per_node"": 112, ""max_gpus_per_node"": 0, ""queue"": ""pbatch"", ""slurm_time_limit"": ""00:07:00"", ""sys_nodes"": 1}}",4,dane/SW_C
d0374a123b,"{""config"": {""instance_level"": {""0"": {""match_policy"": ""first"", ""queue_depth"": 32, ""queue_policy"": ""fcfs"", ""reservation_depth"": 64}, ""1"": {""match_policy"": ""first"", ""queue_depth"": 32, ""queue_policy"": ""fcfs"", ""reservation_depth"": 64}, ""2"": {""job_request_cores_per_task"": 1, ""job_request_gpus_per_task"": 0, ""job_request_nodes"": 1, ""job_request_ntasks_per_node"": 1, ""job_request_time"": ""30s"", ""match_policy"": ""first"", ""n_jobs"": 1000, ""problem_class"": ""B"", ""queue_depth"": 32, ""queue_policy"": ""hybrid"", ""reservation_depth"": 64, ""workload"": ""raja-perf%Polybench_GEMM%Base_OpenMP""}}}, ""system"": {""cpu_affinity"": true, ""flux_time_limit"": ""7m"", ""max_cores_per_node"": 112, ""max_gpus_per_node"": 0, ""queue"": ""pbatch"", ""slurm_time_limit"": ""00:07:00"", ""sys_nodes"": 1}}",5,dane/SW_C
4dc99cd984,"{""config"": {""instance_level"": {""0"": {""match_policy"": ""first"", ""queue_depth"": 32, ""queue_policy"": ""fcfs"", ""reservation_depth"": 64}, ""1"": {""match_policy"": ""first"", ""queue_depth"": 32, ""queue_policy"": ""fcfs"", ""reservation_depth"": 64}, ""2"": {""job_request_cores_per_task"": 1, ""job_request_gpus_per_task"": 0, ""job_request_nodes"": 1, ""job_request_ntasks_per_node"": 1, ""job_request_time"": ""30s"", ""match_policy"": ""low"", ""n_jobs"": 1000, ""problem_class"": ""B"", ""queue_depth"": 32, ""queue_policy"": ""fcfs"", ""reservation_depth"": 64, ""workload"": ""babelstream""}}}, ""system"": {""cpu_affinity"": true, ""flux_time_limit"": ""7m"", ""max_cores_per_node"": 112, ""max_gpus_per_node"": 0, ""queue"": ""pbatch"", ""slurm_time_limit"": ""00:07:00"", ""sys_nodes"": 1}}",1,dane/SW_C
4dc99cd984,"{""config"": {""instance_level"": {""0"": {""match_policy"": ""first"", ""queue_depth"": 32, ""queue_policy"": ""fcfs"", ""reservation_depth"": 64}, ""1"": {""match_policy"": ""first"", ""queue_depth"": 32, ""queue_policy"": ""fcfs"", ""reservation_depth"": 64}, ""2"": {""job_request_cores_per_task"": 1, ""job_request_gpus_per_task"": 0, ""job_request_nodes"": 1, ""job_request_ntasks_per_node"": 1, ""job_request_time"": ""30s"", ""match_policy"": ""low"", ""n_jobs"": 1000, ""problem_class"": ""B"", ""queue_depth"": 32, ""queue_policy"": ""fcfs"", ""reservation_depth"": 64, ""workload"": ""babelstream""}}}, ""system"": {""cpu_affinity"": true, ""flux_time_limit"": ""7m"", ""max_cores_per_node"": 112, ""max_gpus_per_node"": 0, ""queue"": ""pbatch"", ""slurm_time_limit"": ""00:07:00"", ""sys_nodes"": 1}}",2,dane/SW_C
4dc99cd984,"{""config"": {""instance_level"": {""0"": {""match_policy"": ""first"", ""queue_depth"": 32, ""queue_policy"": ""fcfs"", ""reservation_depth"": 64}, ""1"": {""match_policy"": ""first"", ""queue_depth"": 32, ""queue_policy"": ""fcfs"", ""reservation_depth"": 64}, ""2"": {""job_request_cores_per_task"": 1, ""job_request_gpus_per_task"": 0, ""job_request_nodes"": 1, ""job_request_ntasks_per_node"": 1, ""job_request_time"": ""30s"", ""match_policy"": ""low"", ""n_jobs"": 1000, ""problem_class"": ""B"", ""queue_depth"": 32, ""queue_policy"": ""fcfs"", ""reservation_depth"": 64, ""workload"": ""babelstream""}}}, ""system"": {""cpu_affinity"": true, ""flux_time_limit"": ""7m"", ""max_cores_per_node"": 112, ""max_gpus_per_node"": 0, ""queue"": ""pbatch"", ""slurm_time_limit"": ""00:07:00"", ""sys_nodes"": 1}}",3,dane/SW_C
4dc99cd984,"{""config"": {""instance_level"": {""0"": {""match_policy"": ""first"", ""queue_depth"": 32, ""queue_policy"": ""fcfs"", ""reservation_depth"": 64}, ""1"": {""match_policy"": ""first"", ""queue_depth"": 32, ""queue_policy"": ""fcfs"", ""reservation_depth"": 64}, ""2"": {""job_request_cores_per_task"": 1, ""job_request_gpus_per_task"": 0, ""job_request_nodes"": 1, ""job_request_ntasks_per_node"": 1, ""job_request_time"": ""30s"", ""match_policy"": ""low"", ""n_jobs"": 1000, ""problem_class"": ""B"", ""queue_depth"": 32, ""queue_policy"": ""fcfs"", ""reservation_depth"": 64, ""workload"": ""babelstream""}}}, ""system"": {""cpu_affinity"": true, ""flux_time_limit"": ""7m"", ""max_cores_per_node"": 112, ""max_gpus_per_node"": 0, ""queue"": ""pbatch"", ""slurm_time_limit"": ""00:07:00"", ""sys_nodes"": 1}}",4,dane/SW_C
4dc99cd984,"{""config"": {""instance_level"": {""0"": {""match_policy"": ""first"", ""queue_depth"": 32, ""queue_policy"": ""fcfs"", ""reservation_depth"": 64}, ""1"": {""match_policy"": ""first"", ""queue_depth"": 32, ""queue_policy"": ""fcfs"", ""reservation_depth"": 64}, ""2"": {""job_request_cores_per_task"": 1, ""job_request_gpus_per_task"": 0, ""job_request_nodes"": 1, ""job_request_ntasks_per_node"": 1, ""job_request_time"": ""30s"", ""match_policy"": ""low"", ""n_jobs"": 1000, ""problem_class"": ""B"", ""queue_depth"": 32, ""queue_policy"": ""fcfs"", ""reservation_depth"": 64, ""workload"": ""babelstream""}}}, ""system"": {""cpu_affinity"": true, ""flux_time_limit"": ""7m"", ""max_cores_per_node"": 112, ""max_gpus_per_node"": 0, ""queue"": ""pbatch"", ""slurm_time_limit"": ""00:07:00"", ""sys_nodes"": 1}}",5,dane/SW_C
cf62db5796,"{""config"": {""instance_level"": {""0"": {""match_policy"": ""first"", ""queue_depth"": 32, ""queue_policy"": ""fcfs"", ""reservation_depth"": 64}, ""1"": {""match_policy"": ""first"", ""queue_depth"": 32, ""queue_policy"": ""fcfs"", ""reservation_depth"": 64}, ""2"": {""job_request_cores_per_task"": 1, ""job_request_gpus_per_task"": 0, ""job_request_nodes"": 1, ""job_request_ntasks_per_node"": 1, ""job_request_time"": ""30s"", ""match_policy"": ""low"", ""n_jobs"": 1000, ""problem_class"": ""B"", ""queue_depth"": 32, ""queue_policy"": ""fcfs"", ""reservation_depth"": 64, ""workload"": ""raja-perf%Polybench_GEMM%Base_OpenMP""}}}, ""system"": {""cpu_affinity"": true, ""flux_time_limit"": ""7m"", ""max_cores_per_node"": 112, ""max_gpus_per_node"": 0, ""queue"": ""pbatch"", ""slurm_time_limit"": ""00:07:00"", ""sys_nodes"": 1}}",1,dane/SW_C
cf62db5796,"{""config"": {""instance_level"": {""0"": {""match_policy"": ""first"", ""queue_depth"": 32, ""queue_policy"": ""fcfs"", ""reservation_depth"": 64}, ""1"": {""match_policy"": ""first"", ""queue_depth"": 32, ""queue_policy"": ""fcfs"", ""reservation_depth"": 64}, ""2"": {""job_request_cores_per_task"": 1, ""job_request_gpus_per_task"": 0, ""job_request_nodes"": 1, ""job_request_ntasks_per_node"": 1, ""job_request_time"": ""30s"", ""match_policy"": ""low"", ""n_jobs"": 1000, ""problem_class"": ""B"", ""queue_depth"": 32, ""queue_policy"": ""fcfs"", ""reservation_depth"": 64, ""workload"": ""raja-perf%Polybench_GEMM%Base_OpenMP""}}}, ""system"": {""cpu_affinity"": true, ""flux_time_limit"": ""7m"", ""max_cores_per_node"": 112, ""max_gpus_per_node"": 0, ""queue"": ""pbatch"", ""slurm_time_limit"": ""00:07:00"", ""sys_nodes"": 1}}",2,dane/SW_C
cf62db5796,"{""config"": {""instance_level"": {""0"": {""match_policy"": ""first"", ""queue_depth"": 32, ""queue_policy"": ""fcfs"", ""reservation_depth"": 64}, ""1"": {""match_policy"": ""first"", ""queue_depth"": 32, ""queue_policy"": ""fcfs"", ""reservation_depth"": 64}, ""2"": {""job_request_cores_per_task"": 1, ""job_request_gpus_per_task"": 0, ""job_request_nodes"": 1, ""job_request_ntasks_per_node"": 1, ""job_request_time"": ""30s"", ""match_policy"": ""low"", ""n_jobs"": 1000, ""problem_class"": ""B"", ""queue_depth"": 32, ""queue_policy"": ""fcfs"", ""reservation_depth"": 64, ""workload"": ""raja-perf%Polybench_GEMM%Base_OpenMP""}}}, ""system"": {""cpu_affinity"": true, ""flux_time_limit"": ""7m"", ""max_cores_per_node"": 112, ""max_gpus_per_node"": 0, ""queue"": ""pbatch"", ""slurm_time_limit"": ""00:07:00"", ""sys_nodes"": 1}}",3,dane/SW_C
cf62db5796,"{""config"": {""instance_level"": {""0"": {""match_policy"": ""first"", ""queue_depth"": 32, ""queue_policy"": ""fcfs"", ""reservation_depth"": 64}, ""1"": {""match_policy"": ""first"", ""queue_depth"": 32, ""queue_policy"": ""fcfs"", ""reservation_depth"": 64}, ""2"": {""job_request_cores_per_task"": 1, ""job_request_gpus_per_task"": 0, ""job_request_nodes"": 1, ""job_request_ntasks_per_node"": 1, ""job_request_time"": ""30s"", ""match_policy"": ""low"", ""n_jobs"": 1000, ""problem_class"": ""B"", ""queue_depth"": 32, ""queue_policy"": ""fcfs"", ""reservation_depth"": 64, ""workload"": ""raja-perf%Polybench_GEMM%Base_OpenMP""}}}, ""system"": {""cpu_affinity"": true, ""flux_time_limit"": ""7m"", ""max_cores_per_node"": 112, ""max_gpus_per_node"": 0, ""queue"": ""pbatch"", ""slurm_time_limit"": ""00:07:00"", ""sys_nodes"": 1}}",4,dane/SW_C
cf62db5796,"{""config"": {""instance_level"": {""0"": {""match_policy"": ""first"", ""queue_depth"": 32, ""queue_policy"": ""fcfs"", ""reservation_depth"": 64}, ""1"": {""match_policy"": ""first"", ""queue_depth"": 32, ""queue_policy"": ""fcfs"", ""reservation_depth"": 64}, ""2"": {""job_request_cores_per_task"": 1, ""job_request_gpus_per_task"": 0, ""job_request_nodes"": 1, ""job_request_ntasks_per_node"": 1, ""job_request_time"": ""30s"", ""match_policy"": ""low"", ""n_jobs"": 1000, ""problem_class"": ""B"", ""queue_depth"": 32, ""queue_policy"": ""fcfs"", ""reservation_depth"": 64, ""workload"": ""raja-perf%Polybench_GEMM%Base_OpenMP""}}}, ""system"": {""cpu_affinity"": true, ""flux_time_limit"": ""7m"", ""max_cores_per_node"": 112, ""max_gpus_per_node"": 0, ""queue"": ""pbatch"", ""slurm_time_limit"": ""00:07:00"", ""sys_nodes"": 1}}",5,dane/SW_C
a15d1e3214,"{""config"": {""instance_level"": {""0"": {""match_policy"": ""first"", ""queue_depth"": 32, ""queue_policy"": ""fcfs"", ""reservation_depth"": 64}, ""1"": {""match_policy"": ""first"", ""queue_depth"": 32, ""queue_policy"": ""fcfs"", ""reservation_depth"": 64}, ""2"": {""job_request_cores_per_task"": 1, ""job_request_gpus_per_task"": 0, ""job_request_nodes"": 1, ""job_request_ntasks_per_node"": 1, ""job_request_time"": ""30s"", ""match_policy"": ""low"", ""n_jobs"": 1000, ""problem_class"": ""B"", ""queue_depth"": 32, ""queue_policy"": ""hybrid"", ""reservation_depth"": 64, ""workload"": ""babelstream""}}}, ""system"": {""cpu_affinity"": true, ""flux_time_limit"": ""7m"", ""max_cores_per_node"": 112, ""max_gpus_per_node"": 0, ""queue"": ""pbatch"", ""slurm_time_limit"": ""00:07:00"", ""sys_nodes"": 1}}",1,dane/SW_C
a15d1e3214,"{""config"": {""instance_level"": {""0"": {""match_policy"": ""first"", ""queue_depth"": 32, ""queue_policy"": ""fcfs"", ""reservation_depth"": 64}, ""1"": {""match_policy"": ""first"", ""queue_depth"": 32, ""queue_policy"": ""fcfs"", ""reservation_depth"": 64}, ""2"": {""job_request_cores_per_task"": 1, ""job_request_gpus_per_task"": 0, ""job_request_nodes"": 1, ""job_request_ntasks_per_node"": 1, ""job_request_time"": ""30s"", ""match_policy"": ""low"", ""n_jobs"": 1000, ""problem_class"": ""B"", ""queue_depth"": 32, ""queue_policy"": ""hybrid"", ""reservation_depth"": 64, ""workload"": ""babelstream""}}}, ""system"": {""cpu_affinity"": true, ""flux_time_limit"": ""7m"", ""max_cores_per_node"": 112, ""max_gpus_per_node"": 0, ""queue"": ""pbatch"", ""slurm_time_limit"": ""00:07:00"", ""sys_nodes"": 1}}",2,dane/SW_C
a15d1e3214,"{""config"": {""instance_level"": {""0"": {""match_policy"": ""first"", ""queue_depth"": 32, ""queue_policy"": ""fcfs"", ""reservation_depth"": 64}, ""1"": {""match_policy"": ""first"", ""queue_depth"": 32, ""queue_policy"": ""fcfs"", ""reservation_depth"": 64}, ""2"": {""job_request_cores_per_task"": 1, ""job_request_gpus_per_task"": 0, ""job_request_nodes"": 1, ""job_request_ntasks_per_node"": 1, ""job_request_time"": ""30s"", ""match_policy"": ""low"", ""n_jobs"": 1000, ""problem_class"": ""B"", ""queue_depth"": 32, ""queue_policy"": ""hybrid"", ""reservation_depth"": 64, ""workload"": ""babelstream""}}}, ""system"": {""cpu_affinity"": true, ""flux_time_limit"": ""7m"", ""max_cores_per_node"": 112, ""max_gpus_per_node"": 0, ""queue"": ""pbatch"", ""slurm_time_limit"": ""00:07:00"", ""sys_nodes"": 1}}",3,dane/SW_C
a15d1e3214,"{""config"": {""instance_level"": {""0"": {""match_policy"": ""first"", ""queue_depth"": 32, ""queue_policy"": ""fcfs"", ""reservation_depth"": 64}, ""1"": {""match_policy"": ""first"", ""queue_depth"": 32, ""queue_policy"": ""fcfs"", ""reservation_depth"": 64}, ""2"": {""job_request_cores_per_task"": 1, ""job_request_gpus_per_task"": 0, ""job_request_nodes"": 1, ""job_request_ntasks_per_node"": 1, ""job_request_time"": ""30s"", ""match_policy"": ""low"", ""n_jobs"": 1000, ""problem_class"": ""B"", ""queue_depth"": 32, ""queue_policy"": ""hybrid"", ""reservation_depth"": 64, ""workload"": ""babelstream""}}}, ""system"": {""cpu_affinity"": true, ""flux_time_limit"": ""7m"", ""max_cores_per_node"": 112, ""max_gpus_per_node"": 0, ""queue"": ""pbatch"", ""slurm_time_limit"": ""00:07:00"", ""sys_nodes"": 1}}",4,dane/SW_C
a15d1e3214,"{""config"": {""instance_level"": {""0"": {""match_policy"": ""first"", ""queue_depth"": 32, ""queue_policy"": ""fcfs"", ""reservation_depth"": 64}, ""1"": {""match_policy"": ""first"", ""queue_depth"": 32, ""queue_policy"": ""fcfs"", ""reservation_depth"": 64}, ""2"": {""job_request_cores_per_task"": 1, ""job_request_gpus_per_task"": 0, ""job_request_nodes"": 1, ""job_request_ntasks_per_node"": 1, ""job_request_time"": ""30s"", ""match_policy"": ""low"", ""n_jobs"": 1000, ""problem_class"": ""B"", ""queue_depth"": 32, ""queue_policy"": ""hybrid"", ""reservation_depth"": 64, ""workload"": ""babelstream""}}}, ""system"": {""cpu_affinity"": true, ""flux_time_limit"": ""7m"", ""max_cores_per_node"": 112, ""max_gpus_per_node"": 0, ""queue"": ""pbatch"", ""slurm_time_limit"": ""00:07:00"", ""sys_nodes"": 1}}",5,dane/SW_C
873e3c5f09,"{""config"": {""instance_level"": {""0"": {""match_policy"": ""first"", ""queue_depth"": 32, ""queue_policy"": ""fcfs"", ""reservation_depth"": 64}, ""1"": {""match_policy"": ""first"", ""queue_depth"": 32, ""queue_policy"": ""fcfs"", ""reservation_depth"": 64}, ""2"": {""job_request_cores_per_task"": 1, ""job_request_gpus_per_task"": 0, ""job_request_nodes"": 1, ""job_request_ntasks_per_node"": 1, ""job_request_time"": ""30s"", ""match_policy"": ""low"", ""n_jobs"": 1000, ""problem_class"": ""B"", ""queue_depth"": 32, ""queue_policy"": ""hybrid"", ""reservation_depth"": 64, ""workload"": ""raja-perf%Polybench_GEMM%Base_OpenMP""}}}, ""system"": {""cpu_affinity"": true, ""flux_time_limit"": ""7m"", ""max_cores_per_node"": 112, ""max_gpus_per_node"": 0, ""queue"": ""pbatch"", ""slurm_time_limit"": ""00:07:00"", ""sys_nodes"": 1}}",1,dane/SW_C
873e3c5f09,"{""config"": {""instance_level"": {""0"": {""match_policy"": ""first"", ""queue_depth"": 32, ""queue_policy"": ""fcfs"", ""reservation_depth"": 64}, ""1"": {""match_policy"": ""first"", ""queue_depth"": 32, ""queue_policy"": ""fcfs"", ""reservation_depth"": 64}, ""2"": {""job_request_cores_per_task"": 1, ""job_request_gpus_per_task"": 0, ""job_request_nodes"": 1, ""job_request_ntasks_per_node"": 1, ""job_request_time"": ""30s"", ""match_policy"": ""low"", ""n_jobs"": 1000, ""problem_class"": ""B"", ""queue_depth"": 32, ""queue_policy"": ""hybrid"", ""reservation_depth"": 64, ""workload"": ""raja-perf%Polybench_GEMM%Base_OpenMP""}}}, ""system"": {""cpu_affinity"": true, ""flux_time_limit"": ""7m"", ""max_cores_per_node"": 112, ""max_gpus_per_node"": 0, ""queue"": ""pbatch"", ""slurm_time_limit"": ""00:07:00"", ""sys_nodes"": 1}}",2,dane/SW_C
873e3c5f09,"{""config"": {""instance_level"": {""0"": {""match_policy"": ""first"", ""queue_depth"": 32, ""queue_policy"": ""fcfs"", ""reservation_depth"": 64}, ""1"": {""match_policy"": ""first"", ""queue_depth"": 32, ""queue_policy"": ""fcfs"", ""reservation_depth"": 64}, ""2"": {""job_request_cores_per_task"": 1, ""job_request_gpus_per_task"": 0, ""job_request_nodes"": 1, ""job_request_ntasks_per_node"": 1, ""job_request_time"": ""30s"", ""match_policy"": ""low"", ""n_jobs"": 1000, ""problem_class"": ""B"", ""queue_depth"": 32, ""queue_policy"": ""hybrid"", ""reservation_depth"": 64, ""workload"": ""raja-perf%Polybench_GEMM%Base_OpenMP""}}}, ""system"": {""cpu_affinity"": true, ""flux_time_limit"": ""7m"", ""max_cores_per_node"": 112, ""max_gpus_per_node"": 0, ""queue"": ""pbatch"", ""slurm_time_limit"": ""00:07:00"", ""sys_nodes"": 1}}",3,dane/SW_C
873e3c5f09,"{""config"": {""instance_level"": {""0"": {""match_policy"": ""first"", ""queue_depth"": 32, ""queue_policy"": ""fcfs"", ""reservation_depth"": 64}, ""1"": {""match_policy"": ""first"", ""queue_depth"": 32, ""queue_policy"": ""fcfs"", ""reservation_depth"": 64}, ""2"": {""job_request_cores_per_task"": 1, ""job_request_gpus_per_task"": 0, ""job_request_nodes"": 1, ""job_request_ntasks_per_node"": 1, ""job_request_time"": ""30s"", ""match_policy"": ""low"", ""n_jobs"": 1000, ""problem_class"": ""B"", ""queue_depth"": 32, ""queue_policy"": ""hybrid"", ""reservation_depth"": 64, ""workload"": ""raja-perf%Polybench_GEMM%Base_OpenMP""}}}, ""system"": {""cpu_affinity"": true, ""flux_time_limit"": ""7m"", ""max_cores_per_node"": 112, ""max_gpus_per_node"": 0, ""queue"": ""pbatch"", ""slurm_time_limit"": ""00:07:00"", ""sys_nodes"": 1}}",4,dane/SW_C
873e3c5f09,"{""config"": {""instance_level"": {""0"": {""match_policy"": ""first"", ""queue_depth"": 32, ""queue_policy"": ""fcfs"", ""reservation_depth"": 64}, ""1"": {""match_policy"": ""first"", ""queue_depth"": 32, ""queue_policy"": ""fcfs"", ""reservation_depth"": 64}, ""2"": {""job_request_cores_per_task"": 1, ""job_request_gpus_per_task"": 0, ""job_request_nodes"": 1, ""job_request_ntasks_per_node"": 1, ""job_request_time"": ""30s"", ""match_policy"": ""low"", ""n_jobs"": 1000, ""problem_class"": ""B"", ""queue_depth"": 32, ""queue_policy"": ""hybrid"", ""reservation_depth"": 64, ""workload"": ""raja-perf%Polybench_GEMM%Base_OpenMP""}}}, ""system"": {""cpu_affinity"": true, ""flux_time_limit"": ""7m"", ""max_cores_per_node"": 112, ""max_gpus_per_node"": 0, ""queue"": ""pbatch"", ""slurm_time_limit"": ""00:07:00"", ""sys_nodes"": 1}}",5,dane/SW_C
b996a5b879,"{""config"": {""instance_level"": {""0"": {""match_policy"": ""first"", ""queue_depth"": 32, ""queue_policy"": ""fcfs"", ""reservation_depth"": 64}, ""1"": {""match_policy"": ""first"", ""queue_depth"": 32, ""queue_policy"": ""hybrid"", ""reservation_depth"": 64}, ""2"": {""job_request_cores_per_task"": 1, ""job_request_gpus_per_task"": 0, ""job_request_nodes"": 1, ""job_request_ntasks_per_node"": 1, ""job_request_time"": ""30s"", ""match_policy"": ""first"", ""n_jobs"": 1000, ""problem_class"": ""B"", ""queue_depth"": 32, ""queue_policy"": ""fcfs"", ""reservation_depth"": 64, ""workload"": ""babelstream""}}}, ""system"": {""cpu_affinity"": true, ""flux_time_limit"": ""7m"", ""max_cores_per_node"": 112, ""max_gpus_per_node"": 0, ""queue"": ""pbatch"", ""slurm_time_limit"": ""00:07:00"", ""sys_nodes"": 1}}",1,dane/SW_C
b996a5b879,"{""config"": {""instance_level"": {""0"": {""match_policy"": ""first"", ""queue_depth"": 32, ""queue_policy"": ""fcfs"", ""reservation_depth"": 64}, ""1"": {""match_policy"": ""first"", ""queue_depth"": 32, ""queue_policy"": ""hybrid"", ""reservation_depth"": 64}, ""2"": {""job_request_cores_per_task"": 1, ""job_request_gpus_per_task"": 0, ""job_request_nodes"": 1, ""job_request_ntasks_per_node"": 1, ""job_request_time"": ""30s"", ""match_policy"": ""first"", ""n_jobs"": 1000, ""problem_class"": ""B"", ""queue_depth"": 32, ""queue_policy"": ""fcfs"", ""reservation_depth"": 64, ""workload"": ""babelstream""}}}, ""system"": {""cpu_affinity"": true, ""flux_time_limit"": ""7m"", ""max_cores_per_node"": 112, ""max_gpus_per_node"": 0, ""queue"": ""pbatch"", ""slurm_time_limit"": ""00:07:00"", ""sys_nodes"": 1}}",2,dane/SW_C
b996a5b879,"{""config"": {""instance_level"": {""0"": {""match_policy"": ""first"", ""queue_depth"": 32, ""queue_policy"": ""fcfs"", ""reservation_depth"": 64}, ""1"": {""match_policy"": ""first"", ""queue_depth"": 32, ""queue_policy"": ""hybrid"", ""reservation_depth"": 64}, ""2"": {""job_request_cores_per_task"": 1, ""job_request_gpus_per_task"": 0, ""job_request_nodes"": 1, ""job_request_ntasks_per_node"": 1, ""job_request_time"": ""30s"", ""match_policy"": ""first"", ""n_jobs"": 1000, ""problem_class"": ""B"", ""queue_depth"": 32, ""queue_policy"": ""fcfs"", ""reservation_depth"": 64, ""workload"": ""babelstream""}}}, ""system"": {""cpu_affinity"": true, ""flux_time_limit"": ""7m"", ""max_cores_per_node"": 112, ""max_gpus_per_node"": 0, ""queue"": ""pbatch"", ""slurm_time_limit"": ""00:07:00"", ""sys_nodes"": 1}}",3,dane/SW_C
b996a5b879,"{""config"": {""instance_level"": {""0"": {""match_policy"": ""first"", ""queue_depth"": 32, ""queue_policy"": ""fcfs"", ""reservation_depth"": 64}, ""1"": {""match_policy"": ""first"", ""queue_depth"": 32, ""queue_policy"": ""hybrid"", ""reservation_depth"": 64}, ""2"": {""job_request_cores_per_task"": 1, ""job_request_gpus_per_task"": 0, ""job_request_nodes"": 1, ""job_request_ntasks_per_node"": 1, ""job_request_time"": ""30s"", ""match_policy"": ""first"", ""n_jobs"": 1000, ""problem_class"": ""B"", ""queue_depth"": 32, ""queue_policy"": ""fcfs"", ""reservation_depth"": 64, ""workload"": ""babelstream""}}}, ""system"": {""cpu_affinity"": true, ""flux_time_limit"": ""7m"", ""max_cores_per_node"": 112, ""max_gpus_per_node"": 0, ""queue"": ""pbatch"", ""slurm_time_limit"": ""00:07:00"", ""sys_nodes"": 1}}",4,dane/SW_C
b996a5b879,"{""config"": {""instance_level"": {""0"": {""match_policy"": ""first"", ""queue_depth"": 32, ""queue_policy"": ""fcfs"", ""reservation_depth"": 64}, ""1"": {""match_policy"": ""first"", ""queue_depth"": 32, ""queue_policy"": ""hybrid"", ""reservation_depth"": 64}, ""2"": {""job_request_cores_per_task"": 1, ""job_request_gpus_per_task"": 0, ""job_request_nodes"": 1, ""job_request_ntasks_per_node"": 1, ""job_request_time"": ""30s"", ""match_policy"": ""first"", ""n_jobs"": 1000, ""problem_class"": ""B"", ""queue_depth"": 32, ""queue_policy"": ""fcfs"", ""reservation_depth"": 64, ""workload"": ""babelstream""}}}, ""system"": {""cpu_affinity"": true, ""flux_time_limit"": ""7m"", ""max_cores_per_node"": 112, ""max_gpus_per_node"": 0, ""queue"": ""pbatch"", ""slurm_time_limit"": ""00:07:00"", ""sys_nodes"": 1}}",5,dane/SW_C
ea1f8371f5,"{""config"": {""instance_level"": {""0"": {""match_policy"": ""first"", ""queue_depth"": 32, ""queue_policy"": ""fcfs"", ""reservation_depth"": 64}, ""1"": {""match_policy"": ""first"", ""queue_depth"": 32, ""queue_policy"": ""hybrid"", ""reservation_depth"": 64}, ""2"": {""job_request_cores_per_task"": 1, ""job_request_gpus_per_task"": 0, ""job_request_nodes"": 1, ""job_request_ntasks_per_node"": 1, ""job_request_time"": ""30s"", ""match_policy"": ""first"", ""n_jobs"": 1000, ""problem_class"": ""B"", ""queue_depth"": 32, ""queue_policy"": ""fcfs"", ""reservation_depth"": 64, ""workload"": ""raja-perf%Polybench_GEMM%Base_OpenMP""}}}, ""system"": {""cpu_affinity"": true, ""flux_time_limit"": ""7m"", ""max_cores_per_node"": 112, ""max_gpus_per_node"": 0, ""queue"": ""pbatch"", ""slurm_time_limit"": ""00:07:00"", ""sys_nodes"": 1}}",1,dane/SW_C
ea1f8371f5,"{""config"": {""instance_level"": {""0"": {""match_policy"": ""first"", ""queue_depth"": 32, ""queue_policy"": ""fcfs"", ""reservation_depth"": 64}, ""1"": {""match_policy"": ""first"", ""queue_depth"": 32, ""queue_policy"": ""hybrid"", ""reservation_depth"": 64}, ""2"": {""job_request_cores_per_task"": 1, ""job_request_gpus_per_task"": 0, ""job_request_nodes"": 1, ""job_request_ntasks_per_node"": 1, ""job_request_time"": ""30s"", ""match_policy"": ""first"", ""n_jobs"": 1000, ""problem_class"": ""B"", ""queue_depth"": 32, ""queue_policy"": ""fcfs"", ""reservation_depth"": 64, ""workload"": ""raja-perf%Polybench_GEMM%Base_OpenMP""}}}, ""system"": {""cpu_affinity"": true, ""flux_time_limit"": ""7m"", ""max_cores_per_node"": 112, ""max_gpus_per_node"": 0, ""queue"": ""pbatch"", ""slurm_time_limit"": ""00:07:00"", ""sys_nodes"": 1}}",2,dane/SW_C
ea1f8371f5,"{""config"": {""instance_level"": {""0"": {""match_policy"": ""first"", ""queue_depth"": 32, ""queue_policy"": ""fcfs"", ""reservation_depth"": 64}, ""1"": {""match_policy"": ""first"", ""queue_depth"": 32, ""queue_policy"": ""hybrid"", ""reservation_depth"": 64}, ""2"": {""job_request_cores_per_task"": 1, ""job_request_gpus_per_task"": 0, ""job_request_nodes"": 1, ""job_request_ntasks_per_node"": 1, ""job_request_time"": ""30s"", ""match_policy"": ""first"", ""n_jobs"": 1000, ""problem_class"": ""B"", ""queue_depth"": 32, ""queue_policy"": ""fcfs"", ""reservation_depth"": 64, ""workload"": ""raja-perf%Polybench_GEMM%Base_OpenMP""}}}, ""system"": {""cpu_affinity"": true, ""flux_time_limit"": ""7m"", ""max_cores_per_node"": 112, ""max_gpus_per_node"": 0, ""queue"": ""pbatch"", ""slurm_time_limit"": ""00:07:00"", ""sys_nodes"": 1}}",3,dane/SW_C
ea1f8371f5,"{""config"": {""instance_level"": {""0"": {""match_policy"": ""first"", ""queue_depth"": 32, ""queue_policy"": ""fcfs"", ""reservation_depth"": 64}, ""1"": {""match_policy"": ""first"", ""queue_depth"": 32, ""queue_policy"": ""hybrid"", ""reservation_depth"": 64}, ""2"": {""job_request_cores_per_task"": 1, ""job_request_gpus_per_task"": 0, ""job_request_nodes"": 1, ""job_request_ntasks_per_node"": 1, ""job_request_time"": ""30s"", ""match_policy"": ""first"", ""n_jobs"": 1000, ""problem_class"": ""B"", ""queue_depth"": 32, ""queue_policy"": ""fcfs"", ""reservation_depth"": 64, ""workload"": ""raja-perf%Polybench_GEMM%Base_OpenMP""}}}, ""system"": {""cpu_affinity"": true, ""flux_time_limit"": ""7m"", ""max_cores_per_node"": 112, ""max_gpus_per_node"": 0, ""queue"": ""pbatch"", ""slurm_time_limit"": ""00:07:00"", ""sys_nodes"": 1}}",4,dane/SW_C
ea1f8371f5,"{""config"": {""instance_level"": {""0"": {""match_policy"": ""first"", ""queue_depth"": 32, ""queue_policy"": ""fcfs"", ""reservation_depth"": 64}, ""1"": {""match_policy"": ""first"", ""queue_depth"": 32, ""queue_policy"": ""hybrid"", ""reservation_depth"": 64}, ""2"": {""job_request_cores_per_task"": 1, ""job_request_gpus_per_task"": 0, ""job_request_nodes"": 1, ""job_request_ntasks_per_node"": 1, ""job_request_time"": ""30s"", ""match_policy"": ""first"", ""n_jobs"": 1000, ""problem_class"": ""B"", ""queue_depth"": 32, ""queue_policy"": ""fcfs"", ""reservation_depth"": 64, ""workload"": ""raja-perf%Polybench_GEMM%Base_OpenMP""}}}, ""system"": {""cpu_affinity"": true, ""flux_time_limit"": ""7m"", ""max_cores_per_node"": 112, ""max_gpus_per_node"": 0, ""queue"": ""pbatch"", ""slurm_time_limit"": ""00:07:00"", ""sys_nodes"": 1}}",5,dane/SW_C
60df82a48b,"{""config"": {""instance_level"": {""0"": {""match_policy"": ""first"", ""queue_depth"": 32, ""queue_policy"": ""fcfs"", ""reservation_depth"": 64}, ""1"": {""match_policy"": ""first"", ""queue_depth"": 32, ""queue_policy"": ""hybrid"", ""reservation_depth"": 64}, ""2"": {""job_request_cores_per_task"": 1, ""job_request_gpus_per_task"": 0, ""job_request_nodes"": 1, ""job_request_ntasks_per_node"": 1, ""job_request_time"": ""30s"", ""match_policy"": ""first"", ""n_jobs"": 1000, ""problem_class"": ""B"", ""queue_depth"": 32, ""queue_policy"": ""hybrid"", ""reservation_depth"": 64, ""workload"": ""babelstream""}}}, ""system"": {""cpu_affinity"": true, ""flux_time_limit"": ""7m"", ""max_cores_per_node"": 112, ""max_gpus_per_node"": 0, ""queue"": ""pbatch"", ""slurm_time_limit"": ""00:07:00"", ""sys_nodes"": 1}}",1,dane/SW_C
60df82a48b,"{""config"": {""instance_level"": {""0"": {""match_policy"": ""first"", ""queue_depth"": 32, ""queue_policy"": ""fcfs"", ""reservation_depth"": 64}, ""1"": {""match_policy"": ""first"", ""queue_depth"": 32, ""queue_policy"": ""hybrid"", ""reservation_depth"": 64}, ""2"": {""job_request_cores_per_task"": 1, ""job_request_gpus_per_task"": 0, ""job_request_nodes"": 1, ""job_request_ntasks_per_node"": 1, ""job_request_time"": ""30s"", ""match_policy"": ""first"", ""n_jobs"": 1000, ""problem_class"": ""B"", ""queue_depth"": 32, ""queue_policy"": ""hybrid"", ""reservation_depth"": 64, ""workload"": ""babelstream""}}}, ""system"": {""cpu_affinity"": true, ""flux_time_limit"": ""7m"", ""max_cores_per_node"": 112, ""max_gpus_per_node"": 0, ""queue"": ""pbatch"", ""slurm_time_limit"": ""00:07:00"", ""sys_nodes"": 1}}",2,dane/SW_C
60df82a48b,"{""config"": {""instance_level"": {""0"": {""match_policy"": ""first"", ""queue_depth"": 32, ""queue_policy"": ""fcfs"", ""reservation_depth"": 64}, ""1"": {""match_policy"": ""first"", ""queue_depth"": 32, ""queue_policy"": ""hybrid"", ""reservation_depth"": 64}, ""2"": {""job_request_cores_per_task"": 1, ""job_request_gpus_per_task"": 0, ""job_request_nodes"": 1, ""job_request_ntasks_per_node"": 1, ""job_request_time"": ""30s"", ""match_policy"": ""first"", ""n_jobs"": 1000, ""problem_class"": ""B"", ""queue_depth"": 32, ""queue_policy"": ""hybrid"", ""reservation_depth"": 64, ""workload"": ""babelstream""}}}, ""system"": {""cpu_affinity"": true, ""flux_time_limit"": ""7m"", ""max_cores_per_node"": 112, ""max_gpus_per_node"": 0, ""queue"": ""pbatch"", ""slurm_time_limit"": ""00:07:00"", ""sys_nodes"": 1}}",3,dane/SW_C
60df82a48b,"{""config"": {""instance_level"": {""0"": {""match_policy"": ""first"", ""queue_depth"": 32, ""queue_policy"": ""fcfs"", ""reservation_depth"": 64}, ""1"": {""match_policy"": ""first"", ""queue_depth"": 32, ""queue_policy"": ""hybrid"", ""reservation_depth"": 64}, ""2"": {""job_request_cores_per_task"": 1, ""job_request_gpus_per_task"": 0, ""job_request_nodes"": 1, ""job_request_ntasks_per_node"": 1, ""job_request_time"": ""30s"", ""match_policy"": ""first"", ""n_jobs"": 1000, ""problem_class"": ""B"", ""queue_depth"": 32, ""queue_policy"": ""hybrid"", ""reservation_depth"": 64, ""workload"": ""babelstream""}}}, ""system"": {""cpu_affinity"": true, ""flux_time_limit"": ""7m"", ""max_cores_per_node"": 112, ""max_gpus_per_node"": 0, ""queue"": ""pbatch"", ""slurm_time_limit"": ""00:07:00"", ""sys_nodes"": 1}}",4,dane/SW_C
60df82a48b,"{""config"": {""instance_level"": {""0"": {""match_policy"": ""first"", ""queue_depth"": 32, ""queue_policy"": ""fcfs"", ""reservation_depth"": 64}, ""1"": {""match_policy"": ""first"", ""queue_depth"": 32, ""queue_policy"": ""hybrid"", ""reservation_depth"": 64}, ""2"": {""job_request_cores_per_task"": 1, ""job_request_gpus_per_task"": 0, ""job_request_nodes"": 1, ""job_request_ntasks_per_node"": 1, ""job_request_time"": ""30s"", ""match_policy"": ""first"", ""n_jobs"": 1000, ""problem_class"": ""B"", ""queue_depth"": 32, ""queue_policy"": ""hybrid"", ""reservation_depth"": 64, ""workload"": ""babelstream""}}}, ""system"": {""cpu_affinity"": true, ""flux_time_limit"": ""7m"", ""max_cores_per_node"": 112, ""max_gpus_per_node"": 0, ""queue"": ""pbatch"", ""slurm_time_limit"": ""00:07:00"", ""sys_nodes"": 1}}",5,dane/SW_C
164adb6ead,"{""config"": {""instance_level"": {""0"": {""match_policy"": ""first"", ""queue_depth"": 32, ""queue_policy"": ""fcfs"", ""reservation_depth"": 64}, ""1"": {""match_policy"": ""first"", ""queue_depth"": 32, ""queue_policy"": ""hybrid"", ""reservation_depth"": 64}, ""2"": {""job_request_cores_per_task"": 1, ""job_request_gpus_per_task"": 0, ""job_request_nodes"": 1, ""job_request_ntasks_per_node"": 1, ""job_request_time"": ""30s"", ""match_policy"": ""first"", ""n_jobs"": 1000, ""problem_class"": ""B"", ""queue_depth"": 32, ""queue_policy"": ""hybrid"", ""reservation_depth"": 64, ""workload"": ""raja-perf%Polybench_GEMM%Base_OpenMP""}}}, ""system"": {""cpu_affinity"": true, ""flux_time_limit"": ""7m"", ""max_cores_per_node"": 112, ""max_gpus_per_node"": 0, ""queue"": ""pbatch"", ""slurm_time_limit"": ""00:07:00"", ""sys_nodes"": 1}}",1,dane/SW_C
164adb6ead,"{""config"": {""instance_level"": {""0"": {""match_policy"": ""first"", ""queue_depth"": 32, ""queue_policy"": ""fcfs"", ""reservation_depth"": 64}, ""1"": {""match_policy"": ""first"", ""queue_depth"": 32, ""queue_policy"": ""hybrid"", ""reservation_depth"": 64}, ""2"": {""job_request_cores_per_task"": 1, ""job_request_gpus_per_task"": 0, ""job_request_nodes"": 1, ""job_request_ntasks_per_node"": 1, ""job_request_time"": ""30s"", ""match_policy"": ""first"", ""n_jobs"": 1000, ""problem_class"": ""B"", ""queue_depth"": 32, ""queue_policy"": ""hybrid"", ""reservation_depth"": 64, ""workload"": ""raja-perf%Polybench_GEMM%Base_OpenMP""}}}, ""system"": {""cpu_affinity"": true, ""flux_time_limit"": ""7m"", ""max_cores_per_node"": 112, ""max_gpus_per_node"": 0, ""queue"": ""pbatch"", ""slurm_time_limit"": ""00:07:00"", ""sys_nodes"": 1}}",2,dane/SW_C
164adb6ead,"{""config"": {""instance_level"": {""0"": {""match_policy"": ""first"", ""queue_depth"": 32, ""queue_policy"": ""fcfs"", ""reservation_depth"": 64}, ""1"": {""match_policy"": ""first"", ""queue_depth"": 32, ""queue_policy"": ""hybrid"", ""reservation_depth"": 64}, ""2"": {""job_request_cores_per_task"": 1, ""job_request_gpus_per_task"": 0, ""job_request_nodes"": 1, ""job_request_ntasks_per_node"": 1, ""job_request_time"": ""30s"", ""match_policy"": ""first"", ""n_jobs"": 1000, ""problem_class"": ""B"", ""queue_depth"": 32, ""queue_policy"": ""hybrid"", ""reservation_depth"": 64, ""workload"": ""raja-perf%Polybench_GEMM%Base_OpenMP""}}}, ""system"": {""cpu_affinity"": true, ""flux_time_limit"": ""7m"", ""max_cores_per_node"": 112, ""max_gpus_per_node"": 0, ""queue"": ""pbatch"", ""slurm_time_limit"": ""00:07:00"", ""sys_nodes"": 1}}",3,dane/SW_C
164adb6ead,"{""config"": {""instance_level"": {""0"": {""match_policy"": ""first"", ""queue_depth"": 32, ""queue_policy"": ""fcfs"", ""reservation_depth"": 64}, ""1"": {""match_policy"": ""first"", ""queue_depth"": 32, ""queue_policy"": ""hybrid"", ""reservation_depth"": 64}, ""2"": {""job_request_cores_per_task"": 1, ""job_request_gpus_per_task"": 0, ""job_request_nodes"": 1, ""job_request_ntasks_per_node"": 1, ""job_request_time"": ""30s"", ""match_policy"": ""first"", ""n_jobs"": 1000, ""problem_class"": ""B"", ""queue_depth"": 32, ""queue_policy"": ""hybrid"", ""reservation_depth"": 64, ""workload"": ""raja-perf%Polybench_GEMM%Base_OpenMP""}}}, ""system"": {""cpu_affinity"": true, ""flux_time_limit"": ""7m"", ""max_cores_per_node"": 112, ""max_gpus_per_node"": 0, ""queue"": ""pbatch"", ""slurm_time_limit"": ""00:07:00"", ""sys_nodes"": 1}}",4,dane/SW_C
164adb6ead,"{""config"": {""instance_level"": {""0"": {""match_policy"": ""first"", ""queue_depth"": 32, ""queue_policy"": ""fcfs"", ""reservation_depth"": 64}, ""1"": {""match_policy"": ""first"", ""queue_depth"": 32, ""queue_policy"": ""hybrid"", ""reservation_depth"": 64}, ""2"": {""job_request_cores_per_task"": 1, ""job_request_gpus_per_task"": 0, ""job_request_nodes"": 1, ""job_request_ntasks_per_node"": 1, ""job_request_time"": ""30s"", ""match_policy"": ""first"", ""n_jobs"": 1000, ""problem_class"": ""B"", ""queue_depth"": 32, ""queue_policy"": ""hybrid"", ""reservation_depth"": 64, ""workload"": ""raja-perf%Polybench_GEMM%Base_OpenMP""}}}, ""system"": {""cpu_affinity"": true, ""flux_time_limit"": ""7m"", ""max_cores_per_node"": 112, ""max_gpus_per_node"": 0, ""queue"": ""pbatch"", ""slurm_time_limit"": ""00:07:00"", ""sys_nodes"": 1}}",5,dane/SW_C
3b7ca3894f,"{""config"": {""instance_level"": {""0"": {""match_policy"": ""first"", ""queue_depth"": 32, ""queue_policy"": ""fcfs"", ""reservation_depth"": 64}, ""1"": {""match_policy"": ""first"", ""queue_depth"": 32, ""queue_policy"": ""hybrid"", ""reservation_depth"": 64}, ""2"": {""job_request_cores_per_task"": 1, ""job_request_gpus_per_task"": 0, ""job_request_nodes"": 1, ""job_request_ntasks_per_node"": 1, ""job_request_time"": ""30s"", ""match_policy"": ""low"", ""n_jobs"": 1000, ""problem_class"": ""B"", ""queue_depth"": 32, ""queue_policy"": ""fcfs"", ""reservation_depth"": 64, ""workload"": ""babelstream""}}}, ""system"": {""cpu_affinity"": true, ""flux_time_limit"": ""7m"", ""max_cores_per_node"": 112, ""max_gpus_per_node"": 0, ""queue"": ""pbatch"", ""slurm_time_limit"": ""00:07:00"", ""sys_nodes"": 1}}",1,dane/SW_C
3b7ca3894f,"{""config"": {""instance_level"": {""0"": {""match_policy"": ""first"", ""queue_depth"": 32, ""queue_policy"": ""fcfs"", ""reservation_depth"": 64}, ""1"": {""match_policy"": ""first"", ""queue_depth"": 32, ""queue_policy"": ""hybrid"", ""reservation_depth"": 64}, ""2"": {""job_request_cores_per_task"": 1, ""job_request_gpus_per_task"": 0, ""job_request_nodes"": 1, ""job_request_ntasks_per_node"": 1, ""job_request_time"": ""30s"", ""match_policy"": ""low"", ""n_jobs"": 1000, ""problem_class"": ""B"", ""queue_depth"": 32, ""queue_policy"": ""fcfs"", ""reservation_depth"": 64, ""workload"": ""babelstream""}}}, ""system"": {""cpu_affinity"": true, ""flux_time_limit"": ""7m"", ""max_cores_per_node"": 112, ""max_gpus_per_node"": 0, ""queue"": ""pbatch"", ""slurm_time_limit"": ""00:07:00"", ""sys_nodes"": 1}}",2,dane/SW_C
3b7ca3894f,"{""config"": {""instance_level"": {""0"": {""match_policy"": ""first"", ""queue_depth"": 32, ""queue_policy"": ""fcfs"", ""reservation_depth"": 64}, ""1"": {""match_policy"": ""first"", ""queue_depth"": 32, ""queue_policy"": ""hybrid"", ""reservation_depth"": 64}, ""2"": {""job_request_cores_per_task"": 1, ""job_request_gpus_per_task"": 0, ""job_request_nodes"": 1, ""job_request_ntasks_per_node"": 1, ""job_request_time"": ""30s"", ""match_policy"": ""low"", ""n_jobs"": 1000, ""problem_class"": ""B"", ""queue_depth"": 32, ""queue_policy"": ""fcfs"", ""reservation_depth"": 64, ""workload"": ""babelstream""}}}, ""system"": {""cpu_affinity"": true, ""flux_time_limit"": ""7m"", ""max_cores_per_node"": 112, ""max_gpus_per_node"": 0, ""queue"": ""pbatch"", ""slurm_time_limit"": ""00:07:00"", ""sys_nodes"": 1}}",3,dane/SW_C
3b7ca3894f,"{""config"": {""instance_level"": {""0"": {""match_policy"": ""first"", ""queue_depth"": 32, ""queue_policy"": ""fcfs"", ""reservation_depth"": 64}, ""1"": {""match_policy"": ""first"", ""queue_depth"": 32, ""queue_policy"": ""hybrid"", ""reservation_depth"": 64}, ""2"": {""job_request_cores_per_task"": 1, ""job_request_gpus_per_task"": 0, ""job_request_nodes"": 1, ""job_request_ntasks_per_node"": 1, ""job_request_time"": ""30s"", ""match_policy"": ""low"", ""n_jobs"": 1000, ""problem_class"": ""B"", ""queue_depth"": 32, ""queue_policy"": ""fcfs"", ""reservation_depth"": 64, ""workload"": ""babelstream""}}}, ""system"": {""cpu_affinity"": true, ""flux_time_limit"": ""7m"", ""max_cores_per_node"": 112, ""max_gpus_per_node"": 0, ""queue"": ""pbatch"", ""slurm_time_limit"": ""00:07:00"", ""sys_nodes"": 1}}",4,dane/SW_C
3b7ca3894f,"{""config"": {""instance_level"": {""0"": {""match_policy"": ""first"", ""queue_depth"": 32, ""queue_policy"": ""fcfs"", ""reservation_depth"": 64}, ""1"": {""match_policy"": ""first"", ""queue_depth"": 32, ""queue_policy"": ""hybrid"", ""reservation_depth"": 64}, ""2"": {""job_request_cores_per_task"": 1, ""job_request_gpus_per_task"": 0, ""job_request_nodes"": 1, ""job_request_ntasks_per_node"": 1, ""job_request_time"": ""30s"", ""match_policy"": ""low"", ""n_jobs"": 1000, ""problem_class"": ""B"", ""queue_depth"": 32, ""queue_policy"": ""fcfs"", ""reservation_depth"": 64, ""workload"": ""babelstream""}}}, ""system"": {""cpu_affinity"": true, ""flux_time_limit"": ""7m"", ""max_cores_per_node"": 112, ""max_gpus_per_node"": 0, ""queue"": ""pbatch"", ""slurm_time_limit"": ""00:07:00"", ""sys_nodes"": 1}}",5,dane/SW_C
a2475f2395,"{""config"": {""instance_level"": {""0"": {""match_policy"": ""first"", ""queue_depth"": 32, ""queue_policy"": ""fcfs"", ""reservation_depth"": 64}, ""1"": {""match_policy"": ""first"", ""queue_depth"": 32, ""queue_policy"": ""hybrid"", ""reservation_depth"": 64}, ""2"": {""job_request_cores_per_task"": 1, ""job_request_gpus_per_task"": 0, ""job_request_nodes"": 1, ""job_request_ntasks_per_node"": 1, ""job_request_time"": ""30s"", ""match_policy"": ""low"", ""n_jobs"": 1000, ""problem_class"": ""B"", ""queue_depth"": 32, ""queue_policy"": ""fcfs"", ""reservation_depth"": 64, ""workload"": ""raja-perf%Polybench_GEMM%Base_OpenMP""}}}, ""system"": {""cpu_affinity"": true, ""flux_time_limit"": ""7m"", ""max_cores_per_node"": 112, ""max_gpus_per_node"": 0, ""queue"": ""pbatch"", ""slurm_time_limit"": ""00:07:00"", ""sys_nodes"": 1}}",1,dane/SW_C
a2475f2395,"{""config"": {""instance_level"": {""0"": {""match_policy"": ""first"", ""queue_depth"": 32, ""queue_policy"": ""fcfs"", ""reservation_depth"": 64}, ""1"": {""match_policy"": ""first"", ""queue_depth"": 32, ""queue_policy"": ""hybrid"", ""reservation_depth"": 64}, ""2"": {""job_request_cores_per_task"": 1, ""job_request_gpus_per_task"": 0, ""job_request_nodes"": 1, ""job_request_ntasks_per_node"": 1, ""job_request_time"": ""30s"", ""match_policy"": ""low"", ""n_jobs"": 1000, ""problem_class"": ""B"", ""queue_depth"": 32, ""queue_policy"": ""fcfs"", ""reservation_depth"": 64, ""workload"": ""raja-perf%Polybench_GEMM%Base_OpenMP""}}}, ""system"": {""cpu_affinity"": true, ""flux_time_limit"": ""7m"", ""max_cores_per_node"": 112, ""max_gpus_per_node"": 0, ""queue"": ""pbatch"", ""slurm_time_limit"": ""00:07:00"", ""sys_nodes"": 1}}",2,dane/SW_C
a2475f2395,"{""config"": {""instance_level"": {""0"": {""match_policy"": ""first"", ""queue_depth"": 32, ""queue_policy"": ""fcfs"", ""reservation_depth"": 64}, ""1"": {""match_policy"": ""first"", ""queue_depth"": 32, ""queue_policy"": ""hybrid"", ""reservation_depth"": 64}, ""2"": {""job_request_cores_per_task"": 1, ""job_request_gpus_per_task"": 0, ""job_request_nodes"": 1, ""job_request_ntasks_per_node"": 1, ""job_request_time"": ""30s"", ""match_policy"": ""low"", ""n_jobs"": 1000, ""problem_class"": ""B"", ""queue_depth"": 32, ""queue_policy"": ""fcfs"", ""reservation_depth"": 64, ""workload"": ""raja-perf%Polybench_GEMM%Base_OpenMP""}}}, ""system"": {""cpu_affinity"": true, ""flux_time_limit"": ""7m"", ""max_cores_per_node"": 112, ""max_gpus_per_node"": 0, ""queue"": ""pbatch"", ""slurm_time_limit"": ""00:07:00"", ""sys_nodes"": 1}}",3,dane/SW_C
a2475f2395,"{""config"": {""instance_level"": {""0"": {""match_policy"": ""first"", ""queue_depth"": 32, ""queue_policy"": ""fcfs"", ""reservation_depth"": 64}, ""1"": {""match_policy"": ""first"", ""queue_depth"": 32, ""queue_policy"": ""hybrid"", ""reservation_depth"": 64}, ""2"": {""job_request_cores_per_task"": 1, ""job_request_gpus_per_task"": 0, ""job_request_nodes"": 1, ""job_request_ntasks_per_node"": 1, ""job_request_time"": ""30s"", ""match_policy"": ""low"", ""n_jobs"": 1000, ""problem_class"": ""B"", ""queue_depth"": 32, ""queue_policy"": ""fcfs"", ""reservation_depth"": 64, ""workload"": ""raja-perf%Polybench_GEMM%Base_OpenMP""}}}, ""system"": {""cpu_affinity"": true, ""flux_time_limit"": ""7m"", ""max_cores_per_node"": 112, ""max_gpus_per_node"": 0, ""queue"": ""pbatch"", ""slurm_time_limit"": ""00:07:00"", ""sys_nodes"": 1}}",4,dane/SW_C
a2475f2395,"{""config"": {""instance_level"": {""0"": {""match_policy"": ""first"", ""queue_depth"": 32, ""queue_policy"": ""fcfs"", ""reservation_depth"": 64}, ""1"": {""match_policy"": ""first"", ""queue_depth"": 32, ""queue_policy"": ""hybrid"", ""reservation_depth"": 64}, ""2"": {""job_request_cores_per_task"": 1, ""job_request_gpus_per_task"": 0, ""job_request_nodes"": 1, ""job_request_ntasks_per_node"": 1, ""job_request_time"": ""30s"", ""match_policy"": ""low"", ""n_jobs"": 1000, ""problem_class"": ""B"", ""queue_depth"": 32, ""queue_policy"": ""fcfs"", ""reservation_depth"": 64, ""workload"": ""raja-perf%Polybench_GEMM%Base_OpenMP""}}}, ""system"": {""cpu_affinity"": true, ""flux_time_limit"": ""7m"", ""max_cores_per_node"": 112, ""max_gpus_per_node"": 0, ""queue"": ""pbatch"", ""slurm_time_limit"": ""00:07:00"", ""sys_nodes"": 1}}",5,dane/SW_C
42719dbd96,"{""config"": {""instance_level"": {""0"": {""match_policy"": ""first"", ""queue_depth"": 32, ""queue_policy"": ""fcfs"", ""reservation_depth"": 64}, ""1"": {""match_policy"": ""first"", ""queue_depth"": 32, ""queue_policy"": ""hybrid"", ""reservation_depth"": 64}, ""2"": {""job_request_cores_per_task"": 1, ""job_request_gpus_per_task"": 0, ""job_request_nodes"": 1, ""job_request_ntasks_per_node"": 1, ""job_request_time"": ""30s"", ""match_policy"": ""low"", ""n_jobs"": 1000, ""problem_class"": ""B"", ""queue_depth"": 32, ""queue_policy"": ""hybrid"", ""reservation_depth"": 64, ""workload"": ""babelstream""}}}, ""system"": {""cpu_affinity"": true, ""flux_time_limit"": ""7m"", ""max_cores_per_node"": 112, ""max_gpus_per_node"": 0, ""queue"": ""pbatch"", ""slurm_time_limit"": ""00:07:00"", ""sys_nodes"": 1}}",1,dane/SW_C
42719dbd96,"{""config"": {""instance_level"": {""0"": {""match_policy"": ""first"", ""queue_depth"": 32, ""queue_policy"": ""fcfs"", ""reservation_depth"": 64}, ""1"": {""match_policy"": ""first"", ""queue_depth"": 32, ""queue_policy"": ""hybrid"", ""reservation_depth"": 64}, ""2"": {""job_request_cores_per_task"": 1, ""job_request_gpus_per_task"": 0, ""job_request_nodes"": 1, ""job_request_ntasks_per_node"": 1, ""job_request_time"": ""30s"", ""match_policy"": ""low"", ""n_jobs"": 1000, ""problem_class"": ""B"", ""queue_depth"": 32, ""queue_policy"": ""hybrid"", ""reservation_depth"": 64, ""workload"": ""babelstream""}}}, ""system"": {""cpu_affinity"": true, ""flux_time_limit"": ""7m"", ""max_cores_per_node"": 112, ""max_gpus_per_node"": 0, ""queue"": ""pbatch"", ""slurm_time_limit"": ""00:07:00"", ""sys_nodes"": 1}}",2,dane/SW_C
42719dbd96,"{""config"": {""instance_level"": {""0"": {""match_policy"": ""first"", ""queue_depth"": 32, ""queue_policy"": ""fcfs"", ""reservation_depth"": 64}, ""1"": {""match_policy"": ""first"", ""queue_depth"": 32, ""queue_policy"": ""hybrid"", ""reservation_depth"": 64}, ""2"": {""job_request_cores_per_task"": 1, ""job_request_gpus_per_task"": 0, ""job_request_nodes"": 1, ""job_request_ntasks_per_node"": 1, ""job_request_time"": ""30s"", ""match_policy"": ""low"", ""n_jobs"": 1000, ""problem_class"": ""B"", ""queue_depth"": 32, ""queue_policy"": ""hybrid"", ""reservation_depth"": 64, ""workload"": ""babelstream""}}}, ""system"": {""cpu_affinity"": true, ""flux_time_limit"": ""7m"", ""max_cores_per_node"": 112, ""max_gpus_per_node"": 0, ""queue"": ""pbatch"", ""slurm_time_limit"": ""00:07:00"", ""sys_nodes"": 1}}",3,dane/SW_C
42719dbd96,"{""config"": {""instance_level"": {""0"": {""match_policy"": ""first"", ""queue_depth"": 32, ""queue_policy"": ""fcfs"", ""reservation_depth"": 64}, ""1"": {""match_policy"": ""first"", ""queue_depth"": 32, ""queue_policy"": ""hybrid"", ""reservation_depth"": 64}, ""2"": {""job_request_cores_per_task"": 1, ""job_request_gpus_per_task"": 0, ""job_request_nodes"": 1, ""job_request_ntasks_per_node"": 1, ""job_request_time"": ""30s"", ""match_policy"": ""low"", ""n_jobs"": 1000, ""problem_class"": ""B"", ""queue_depth"": 32, ""queue_policy"": ""hybrid"", ""reservation_depth"": 64, ""workload"": ""babelstream""}}}, ""system"": {""cpu_affinity"": true, ""flux_time_limit"": ""7m"", ""max_cores_per_node"": 112, ""max_gpus_per_node"": 0, ""queue"": ""pbatch"", ""slurm_time_limit"": ""00:07:00"", ""sys_nodes"": 1}}",4,dane/SW_C
42719dbd96,"{""config"": {""instance_level"": {""0"": {""match_policy"": ""first"", ""queue_depth"": 32, ""queue_policy"": ""fcfs"", ""reservation_depth"": 64}, ""1"": {""match_policy"": ""first"", ""queue_depth"": 32, ""queue_policy"": ""hybrid"", ""reservation_depth"": 64}, ""2"": {""job_request_cores_per_task"": 1, ""job_request_gpus_per_task"": 0, ""job_request_nodes"": 1, ""job_request_ntasks_per_node"": 1, ""job_request_time"": ""30s"", ""match_policy"": ""low"", ""n_jobs"": 1000, ""problem_class"": ""B"", ""queue_depth"": 32, ""queue_policy"": ""hybrid"", ""reservation_depth"": 64, ""workload"": ""babelstream""}}}, ""system"": {""cpu_affinity"": true, ""flux_time_limit"": ""7m"", ""max_cores_per_node"": 112, ""max_gpus_per_node"": 0, ""queue"": ""pbatch"", ""slurm_time_limit"": ""00:07:00"", ""sys_nodes"": 1}}",5,dane/SW_C
3af5a4b33c,"{""config"": {""instance_level"": {""0"": {""match_policy"": ""first"", ""queue_depth"": 32, ""queue_policy"": ""fcfs"", ""reservation_depth"": 64}, ""1"": {""match_policy"": ""first"", ""queue_depth"": 32, ""queue_policy"": ""hybrid"", ""reservation_depth"": 64}, ""2"": {""job_request_cores_per_task"": 1, ""job_request_gpus_per_task"": 0, ""job_request_nodes"": 1, ""job_request_ntasks_per_node"": 1, ""job_request_time"": ""30s"", ""match_policy"": ""low"", ""n_jobs"": 1000, ""problem_class"": ""B"", ""queue_depth"": 32, ""queue_policy"": ""hybrid"", ""reservation_depth"": 64, ""workload"": ""raja-perf%Polybench_GEMM%Base_OpenMP""}}}, ""system"": {""cpu_affinity"": true, ""flux_time_limit"": ""7m"", ""max_cores_per_node"": 112, ""max_gpus_per_node"": 0, ""queue"": ""pbatch"", ""slurm_time_limit"": ""00:07:00"", ""sys_nodes"": 1}}",1,dane/SW_C
3af5a4b33c,"{""config"": {""instance_level"": {""0"": {""match_policy"": ""first"", ""queue_depth"": 32, ""queue_policy"": ""fcfs"", ""reservation_depth"": 64}, ""1"": {""match_policy"": ""first"", ""queue_depth"": 32, ""queue_policy"": ""hybrid"", ""reservation_depth"": 64}, ""2"": {""job_request_cores_per_task"": 1, ""job_request_gpus_per_task"": 0, ""job_request_nodes"": 1, ""job_request_ntasks_per_node"": 1, ""job_request_time"": ""30s"", ""match_policy"": ""low"", ""n_jobs"": 1000, ""problem_class"": ""B"", ""queue_depth"": 32, ""queue_policy"": ""hybrid"", ""reservation_depth"": 64, ""workload"": ""raja-perf%Polybench_GEMM%Base_OpenMP""}}}, ""system"": {""cpu_affinity"": true, ""flux_time_limit"": ""7m"", ""max_cores_per_node"": 112, ""max_gpus_per_node"": 0, ""queue"": ""pbatch"", ""slurm_time_limit"": ""00:07:00"", ""sys_nodes"": 1}}",2,dane/SW_C
3af5a4b33c,"{""config"": {""instance_level"": {""0"": {""match_policy"": ""first"", ""queue_depth"": 32, ""queue_policy"": ""fcfs"", ""reservation_depth"": 64}, ""1"": {""match_policy"": ""first"", ""queue_depth"": 32, ""queue_policy"": ""hybrid"", ""reservation_depth"": 64}, ""2"": {""job_request_cores_per_task"": 1, ""job_request_gpus_per_task"": 0, ""job_request_nodes"": 1, ""job_request_ntasks_per_node"": 1, ""job_request_time"": ""30s"", ""match_policy"": ""low"", ""n_jobs"": 1000, ""problem_class"": ""B"", ""queue_depth"": 32, ""queue_policy"": ""hybrid"", ""reservation_depth"": 64, ""workload"": ""raja-perf%Polybench_GEMM%Base_OpenMP""}}}, ""system"": {""cpu_affinity"": true, ""flux_time_limit"": ""7m"", ""max_cores_per_node"": 112, ""max_gpus_per_node"": 0, ""queue"": ""pbatch"", ""slurm_time_limit"": ""00:07:00"", ""sys_nodes"": 1}}",3,dane/SW_C
3af5a4b33c,"{""config"": {""instance_level"": {""0"": {""match_policy"": ""first"", ""queue_depth"": 32, ""queue_policy"": ""fcfs"", ""reservation_depth"": 64}, ""1"": {""match_policy"": ""first"", ""queue_depth"": 32, ""queue_policy"": ""hybrid"", ""reservation_depth"": 64}, ""2"": {""job_request_cores_per_task"": 1, ""job_request_gpus_per_task"": 0, ""job_request_nodes"": 1, ""job_request_ntasks_per_node"": 1, ""job_request_time"": ""30s"", ""match_policy"": ""low"", ""n_jobs"": 1000, ""problem_class"": ""B"", ""queue_depth"": 32, ""queue_policy"": ""hybrid"", ""reservation_depth"": 64, ""workload"": ""raja-perf%Polybench_GEMM%Base_OpenMP""}}}, ""system"": {""cpu_affinity"": true, ""flux_time_limit"": ""7m"", ""max_cores_per_node"": 112, ""max_gpus_per_node"": 0, ""queue"": ""pbatch"", ""slurm_time_limit"": ""00:07:00"", ""sys_nodes"": 1}}",4,dane/SW_C
3af5a4b33c,"{""config"": {""instance_level"": {""0"": {""match_policy"": ""first"", ""queue_depth"": 32, ""queue_policy"": ""fcfs"", ""reservation_depth"": 64}, ""1"": {""match_policy"": ""first"", ""queue_depth"": 32, ""queue_policy"": ""hybrid"", ""reservation_depth"": 64}, ""2"": {""job_request_cores_per_task"": 1, ""job_request_gpus_per_task"": 0, ""job_request_nodes"": 1, ""job_request_ntasks_per_node"": 1, ""job_request_time"": ""30s"", ""match_policy"": ""low"", ""n_jobs"": 1000, ""problem_class"": ""B"", ""queue_depth"": 32, ""queue_policy"": ""hybrid"", ""reservation_depth"": 64, ""workload"": ""raja-perf%Polybench_GEMM%Base_OpenMP""}}}, ""system"": {""cpu_affinity"": true, ""flux_time_limit"": ""7m"", ""max_cores_per_node"": 112, ""max_gpus_per_node"": 0, ""queue"": ""pbatch"", ""slurm_time_limit"": ""00:07:00"", ""sys_nodes"": 1}}",5,dane/SW_C
c1deba15b4,"{""config"": {""instance_level"": {""0"": {""match_policy"": ""first"", ""queue_depth"": 32, ""queue_policy"": ""fcfs"", ""reservation_depth"": 64}, ""1"": {""match_policy"": ""low"", ""queue_depth"": 32, ""queue_policy"": ""fcfs"", ""reservation_depth"": 64}, ""2"": {""job_request_cores_per_task"": 1, ""job_request_gpus_per_task"": 0, ""job_request_nodes"": 1, ""job_request_ntasks_per_node"": 1, ""job_request_time"": ""30s"", ""match_policy"": ""first"", ""n_jobs"": 1000, ""problem_class"": ""B"", ""queue_depth"": 32, ""queue_policy"": ""fcfs"", ""reservation_depth"": 64, ""workload"": ""babelstream""}}}, ""system"": {""cpu_affinity"": true, ""flux_time_limit"": ""7m"", ""max_cores_per_node"": 112, ""max_gpus_per_node"": 0, ""queue"": ""pbatch"", ""slurm_time_limit"": ""00:07:00"", ""sys_nodes"": 1}}",1,dane/SW_C
c1deba15b4,"{""config"": {""instance_level"": {""0"": {""match_policy"": ""first"", ""queue_depth"": 32, ""queue_policy"": ""fcfs"", ""reservation_depth"": 64}, ""1"": {""match_policy"": ""low"", ""queue_depth"": 32, ""queue_policy"": ""fcfs"", ""reservation_depth"": 64}, ""2"": {""job_request_cores_per_task"": 1, ""job_request_gpus_per_task"": 0, ""job_request_nodes"": 1, ""job_request_ntasks_per_node"": 1, ""job_request_time"": ""30s"", ""match_policy"": ""first"", ""n_jobs"": 1000, ""problem_class"": ""B"", ""queue_depth"": 32, ""queue_policy"": ""fcfs"", ""reservation_depth"": 64, ""workload"": ""babelstream""}}}, ""system"": {""cpu_affinity"": true, ""flux_time_limit"": ""7m"", ""max_cores_per_node"": 112, ""max_gpus_per_node"": 0, ""queue"": ""pbatch"", ""slurm_time_limit"": ""00:07:00"", ""sys_nodes"": 1}}",2,dane/SW_C
c1deba15b4,"{""config"": {""instance_level"": {""0"": {""match_policy"": ""first"", ""queue_depth"": 32, ""queue_policy"": ""fcfs"", ""reservation_depth"": 64}, ""1"": {""match_policy"": ""low"", ""queue_depth"": 32, ""queue_policy"": ""fcfs"", ""reservation_depth"": 64}, ""2"": {""job_request_cores_per_task"": 1, ""job_request_gpus_per_task"": 0, ""job_request_nodes"": 1, ""job_request_ntasks_per_node"": 1, ""job_request_time"": ""30s"", ""match_policy"": ""first"", ""n_jobs"": 1000, ""problem_class"": ""B"", ""queue_depth"": 32, ""queue_policy"": ""fcfs"", ""reservation_depth"": 64, ""workload"": ""babelstream""}}}, ""system"": {""cpu_affinity"": true, ""flux_time_limit"": ""7m"", ""max_cores_per_node"": 112, ""max_gpus_per_node"": 0, ""queue"": ""pbatch"", ""slurm_time_limit"": ""00:07:00"", ""sys_nodes"": 1}}",3,dane/SW_C
c1deba15b4,"{""config"": {""instance_level"": {""0"": {""match_policy"": ""first"", ""queue_depth"": 32, ""queue_policy"": ""fcfs"", ""reservation_depth"": 64}, ""1"": {""match_policy"": ""low"", ""queue_depth"": 32, ""queue_policy"": ""fcfs"", ""reservation_depth"": 64}, ""2"": {""job_request_cores_per_task"": 1, ""job_request_gpus_per_task"": 0, ""job_request_nodes"": 1, ""job_request_ntasks_per_node"": 1, ""job_request_time"": ""30s"", ""match_policy"": ""first"", ""n_jobs"": 1000, ""problem_class"": ""B"", ""queue_depth"": 32, ""queue_policy"": ""fcfs"", ""reservation_depth"": 64, ""workload"": ""babelstream""}}}, ""system"": {""cpu_affinity"": true, ""flux_time_limit"": ""7m"", ""max_cores_per_node"": 112, ""max_gpus_per_node"": 0, ""queue"": ""pbatch"", ""slurm_time_limit"": ""00:07:00"", ""sys_nodes"": 1}}",4,dane/SW_C
c1deba15b4,"{""config"": {""instance_level"": {""0"": {""match_policy"": ""first"", ""queue_depth"": 32, ""queue_policy"": ""fcfs"", ""reservation_depth"": 64}, ""1"": {""match_policy"": ""low"", ""queue_depth"": 32, ""queue_policy"": ""fcfs"", ""reservation_depth"": 64}, ""2"": {""job_request_cores_per_task"": 1, ""job_request_gpus_per_task"": 0, ""job_request_nodes"": 1, ""job_request_ntasks_per_node"": 1, ""job_request_time"": ""30s"", ""match_policy"": ""first"", ""n_jobs"": 1000, ""problem_class"": ""B"", ""queue_depth"": 32, ""queue_policy"": ""fcfs"", ""reservation_depth"": 64, ""workload"": ""babelstream""}}}, ""system"": {""cpu_affinity"": true, ""flux_time_limit"": ""7m"", ""max_cores_per_node"": 112, ""max_gpus_per_node"": 0, ""queue"": ""pbatch"", ""slurm_time_limit"": ""00:07:00"", ""sys_nodes"": 1}}",5,dane/SW_C
a93900f52c,"{""config"": {""instance_level"": {""0"": {""match_policy"": ""first"", ""queue_depth"": 32, ""queue_policy"": ""fcfs"", ""reservation_depth"": 64}, ""1"": {""match_policy"": ""low"", ""queue_depth"": 32, ""queue_policy"": ""fcfs"", ""reservation_depth"": 64}, ""2"": {""job_request_cores_per_task"": 1, ""job_request_gpus_per_task"": 0, ""job_request_nodes"": 1, ""job_request_ntasks_per_node"": 1, ""job_request_time"": ""30s"", ""match_policy"": ""first"", ""n_jobs"": 1000, ""problem_class"": ""B"", ""queue_depth"": 32, ""queue_policy"": ""fcfs"", ""reservation_depth"": 64, ""workload"": ""raja-perf%Polybench_GEMM%Base_OpenMP""}}}, ""system"": {""cpu_affinity"": true, ""flux_time_limit"": ""7m"", ""max_cores_per_node"": 112, ""max_gpus_per_node"": 0, ""queue"": ""pbatch"", ""slurm_time_limit"": ""00:07:00"", ""sys_nodes"": 1}}",1,dane/SW_C
a93900f52c,"{""config"": {""instance_level"": {""0"": {""match_policy"": ""first"", ""queue_depth"": 32, ""queue_policy"": ""fcfs"", ""reservation_depth"": 64}, ""1"": {""match_policy"": ""low"", ""queue_depth"": 32, ""queue_policy"": ""fcfs"", ""reservation_depth"": 64}, ""2"": {""job_request_cores_per_task"": 1, ""job_request_gpus_per_task"": 0, ""job_request_nodes"": 1, ""job_request_ntasks_per_node"": 1, ""job_request_time"": ""30s"", ""match_policy"": ""first"", ""n_jobs"": 1000, ""problem_class"": ""B"", ""queue_depth"": 32, ""queue_policy"": ""fcfs"", ""reservation_depth"": 64, ""workload"": ""raja-perf%Polybench_GEMM%Base_OpenMP""}}}, ""system"": {""cpu_affinity"": true, ""flux_time_limit"": ""7m"", ""max_cores_per_node"": 112, ""max_gpus_per_node"": 0, ""queue"": ""pbatch"", ""slurm_time_limit"": ""00:07:00"", ""sys_nodes"": 1}}",2,dane/SW_C
a93900f52c,"{""config"": {""instance_level"": {""0"": {""match_policy"": ""first"", ""queue_depth"": 32, ""queue_policy"": ""fcfs"", ""reservation_depth"": 64}, ""1"": {""match_policy"": ""low"", ""queue_depth"": 32, ""queue_policy"": ""fcfs"", ""reservation_depth"": 64}, ""2"": {""job_request_cores_per_task"": 1, ""job_request_gpus_per_task"": 0, ""job_request_nodes"": 1, ""job_request_ntasks_per_node"": 1, ""job_request_time"": ""30s"", ""match_policy"": ""first"", ""n_jobs"": 1000, ""problem_class"": ""B"", ""queue_depth"": 32, ""queue_policy"": ""fcfs"", ""reservation_depth"": 64, ""workload"": ""raja-perf%Polybench_GEMM%Base_OpenMP""}}}, ""system"": {""cpu_affinity"": true, ""flux_time_limit"": ""7m"", ""max_cores_per_node"": 112, ""max_gpus_per_node"": 0, ""queue"": ""pbatch"", ""slurm_time_limit"": ""00:07:00"", ""sys_nodes"": 1}}",3,dane/SW_C
a93900f52c,"{""config"": {""instance_level"": {""0"": {""match_policy"": ""first"", ""queue_depth"": 32, ""queue_policy"": ""fcfs"", ""reservation_depth"": 64}, ""1"": {""match_policy"": ""low"", ""queue_depth"": 32, ""queue_policy"": ""fcfs"", ""reservation_depth"": 64}, ""2"": {""job_request_cores_per_task"": 1, ""job_request_gpus_per_task"": 0, ""job_request_nodes"": 1, ""job_request_ntasks_per_node"": 1, ""job_request_time"": ""30s"", ""match_policy"": ""first"", ""n_jobs"": 1000, ""problem_class"": ""B"", ""queue_depth"": 32, ""queue_policy"": ""fcfs"", ""reservation_depth"": 64, ""workload"": ""raja-perf%Polybench_GEMM%Base_OpenMP""}}}, ""system"": {""cpu_affinity"": true, ""flux_time_limit"": ""7m"", ""max_cores_per_node"": 112, ""max_gpus_per_node"": 0, ""queue"": ""pbatch"", ""slurm_time_limit"": ""00:07:00"", ""sys_nodes"": 1}}",4,dane/SW_C
a93900f52c,"{""config"": {""instance_level"": {""0"": {""match_policy"": ""first"", ""queue_depth"": 32, ""queue_policy"": ""fcfs"", ""reservation_depth"": 64}, ""1"": {""match_policy"": ""low"", ""queue_depth"": 32, ""queue_policy"": ""fcfs"", ""reservation_depth"": 64}, ""2"": {""job_request_cores_per_task"": 1, ""job_request_gpus_per_task"": 0, ""job_request_nodes"": 1, ""job_request_ntasks_per_node"": 1, ""job_request_time"": ""30s"", ""match_policy"": ""first"", ""n_jobs"": 1000, ""problem_class"": ""B"", ""queue_depth"": 32, ""queue_policy"": ""fcfs"", ""reservation_depth"": 64, ""workload"": ""raja-perf%Polybench_GEMM%Base_OpenMP""}}}, ""system"": {""cpu_affinity"": true, ""flux_time_limit"": ""7m"", ""max_cores_per_node"": 112, ""max_gpus_per_node"": 0, ""queue"": ""pbatch"", ""slurm_time_limit"": ""00:07:00"", ""sys_nodes"": 1}}",5,dane/SW_C
a2def9bd59,"{""config"": {""instance_level"": {""0"": {""match_policy"": ""first"", ""queue_depth"": 32, ""queue_policy"": ""fcfs"", ""reservation_depth"": 64}, ""1"": {""match_policy"": ""low"", ""queue_depth"": 32, ""queue_policy"": ""fcfs"", ""reservation_depth"": 64}, ""2"": {""job_request_cores_per_task"": 1, ""job_request_gpus_per_task"": 0, ""job_request_nodes"": 1, ""job_request_ntasks_per_node"": 1, ""job_request_time"": ""30s"", ""match_policy"": ""first"", ""n_jobs"": 1000, ""problem_class"": ""B"", ""queue_depth"": 32, ""queue_policy"": ""hybrid"", ""reservation_depth"": 64, ""workload"": ""babelstream""}}}, ""system"": {""cpu_affinity"": true, ""flux_time_limit"": ""7m"", ""max_cores_per_node"": 112, ""max_gpus_per_node"": 0, ""queue"": ""pbatch"", ""slurm_time_limit"": ""00:07:00"", ""sys_nodes"": 1}}",1,dane/SW_C
a2def9bd59,"{""config"": {""instance_level"": {""0"": {""match_policy"": ""first"", ""queue_depth"": 32, ""queue_policy"": ""fcfs"", ""reservation_depth"": 64}, ""1"": {""match_policy"": ""low"", ""queue_depth"": 32, ""queue_policy"": ""fcfs"", ""reservation_depth"": 64}, ""2"": {""job_request_cores_per_task"": 1, ""job_request_gpus_per_task"": 0, ""job_request_nodes"": 1, ""job_request_ntasks_per_node"": 1, ""job_request_time"": ""30s"", ""match_policy"": ""first"", ""n_jobs"": 1000, ""problem_class"": ""B"", ""queue_depth"": 32, ""queue_policy"": ""hybrid"", ""reservation_depth"": 64, ""workload"": ""babelstream""}}}, ""system"": {""cpu_affinity"": true, ""flux_time_limit"": ""7m"", ""max_cores_per_node"": 112, ""max_gpus_per_node"": 0, ""queue"": ""pbatch"", ""slurm_time_limit"": ""00:07:00"", ""sys_nodes"": 1}}",2,dane/SW_C
a2def9bd59,"{""config"": {""instance_level"": {""0"": {""match_policy"": ""first"", ""queue_depth"": 32, ""queue_policy"": ""fcfs"", ""reservation_depth"": 64}, ""1"": {""match_policy"": ""low"", ""queue_depth"": 32, ""queue_policy"": ""fcfs"", ""reservation_depth"": 64}, ""2"": {""job_request_cores_per_task"": 1, ""job_request_gpus_per_task"": 0, ""job_request_nodes"": 1, ""job_request_ntasks_per_node"": 1, ""job_request_time"": ""30s"", ""match_policy"": ""first"", ""n_jobs"": 1000, ""problem_class"": ""B"", ""queue_depth"": 32, ""queue_policy"": ""hybrid"", ""reservation_depth"": 64, ""workload"": ""babelstream""}}}, ""system"": {""cpu_affinity"": true, ""flux_time_limit"": ""7m"", ""max_cores_per_node"": 112, ""max_gpus_per_node"": 0, ""queue"": ""pbatch"", ""slurm_time_limit"": ""00:07:00"", ""sys_nodes"": 1}}",3,dane/SW_C
a2def9bd59,"{""config"": {""instance_level"": {""0"": {""match_policy"": ""first"", ""queue_depth"": 32, ""queue_policy"": ""fcfs"", ""reservation_depth"": 64}, ""1"": {""match_policy"": ""low"", ""queue_depth"": 32, ""queue_policy"": ""fcfs"", ""reservation_depth"": 64}, ""2"": {""job_request_cores_per_task"": 1, ""job_request_gpus_per_task"": 0, ""job_request_nodes"": 1, ""job_request_ntasks_per_node"": 1, ""job_request_time"": ""30s"", ""match_policy"": ""first"", ""n_jobs"": 1000, ""problem_class"": ""B"", ""queue_depth"": 32, ""queue_policy"": ""hybrid"", ""reservation_depth"": 64, ""workload"": ""babelstream""}}}, ""system"": {""cpu_affinity"": true, ""flux_time_limit"": ""7m"", ""max_cores_per_node"": 112, ""max_gpus_per_node"": 0, ""queue"": ""pbatch"", ""slurm_time_limit"": ""00:07:00"", ""sys_nodes"": 1}}",4,dane/SW_C
a2def9bd59,"{""config"": {""instance_level"": {""0"": {""match_policy"": ""first"", ""queue_depth"": 32, ""queue_policy"": ""fcfs"", ""reservation_depth"": 64}, ""1"": {""match_policy"": ""low"", ""queue_depth"": 32, ""queue_policy"": ""fcfs"", ""reservation_depth"": 64}, ""2"": {""job_request_cores_per_task"": 1, ""job_request_gpus_per_task"": 0, ""job_request_nodes"": 1, ""job_request_ntasks_per_node"": 1, ""job_request_time"": ""30s"", ""match_policy"": ""first"", ""n_jobs"": 1000, ""problem_class"": ""B"", ""queue_depth"": 32, ""queue_policy"": ""hybrid"", ""reservation_depth"": 64, ""workload"": ""babelstream""}}}, ""system"": {""cpu_affinity"": true, ""flux_time_limit"": ""7m"", ""max_cores_per_node"": 112, ""max_gpus_per_node"": 0, ""queue"": ""pbatch"", ""slurm_time_limit"": ""00:07:00"", ""sys_nodes"": 1}}",5,dane/SW_C
c8a18799be,"{""config"": {""instance_level"": {""0"": {""match_policy"": ""first"", ""queue_depth"": 32, ""queue_policy"": ""fcfs"", ""reservation_depth"": 64}, ""1"": {""match_policy"": ""low"", ""queue_depth"": 32, ""queue_policy"": ""fcfs"", ""reservation_depth"": 64}, ""2"": {""job_request_cores_per_task"": 1, ""job_request_gpus_per_task"": 0, ""job_request_nodes"": 1, ""job_request_ntasks_per_node"": 1, ""job_request_time"": ""30s"", ""match_policy"": ""first"", ""n_jobs"": 1000, ""problem_class"": ""B"", ""queue_depth"": 32, ""queue_policy"": ""hybrid"", ""reservation_depth"": 64, ""workload"": ""raja-perf%Polybench_GEMM%Base_OpenMP""}}}, ""system"": {""cpu_affinity"": true, ""flux_time_limit"": ""7m"", ""max_cores_per_node"": 112, ""max_gpus_per_node"": 0, ""queue"": ""pbatch"", ""slurm_time_limit"": ""00:07:00"", ""sys_nodes"": 1}}",1,dane/SW_C
c8a18799be,"{""config"": {""instance_level"": {""0"": {""match_policy"": ""first"", ""queue_depth"": 32, ""queue_policy"": ""fcfs"", ""reservation_depth"": 64}, ""1"": {""match_policy"": ""low"", ""queue_depth"": 32, ""queue_policy"": ""fcfs"", ""reservation_depth"": 64}, ""2"": {""job_request_cores_per_task"": 1, ""job_request_gpus_per_task"": 0, ""job_request_nodes"": 1, ""job_request_ntasks_per_node"": 1, ""job_request_time"": ""30s"", ""match_policy"": ""first"", ""n_jobs"": 1000, ""problem_class"": ""B"", ""queue_depth"": 32, ""queue_policy"": ""hybrid"", ""reservation_depth"": 64, ""workload"": ""raja-perf%Polybench_GEMM%Base_OpenMP""}}}, ""system"": {""cpu_affinity"": true, ""flux_time_limit"": ""7m"", ""max_cores_per_node"": 112, ""max_gpus_per_node"": 0, ""queue"": ""pbatch"", ""slurm_time_limit"": ""00:07:00"", ""sys_nodes"": 1}}",2,dane/SW_C
c8a18799be,"{""config"": {""instance_level"": {""0"": {""match_policy"": ""first"", ""queue_depth"": 32, ""queue_policy"": ""fcfs"", ""reservation_depth"": 64}, ""1"": {""match_policy"": ""low"", ""queue_depth"": 32, ""queue_policy"": ""fcfs"", ""reservation_depth"": 64}, ""2"": {""job_request_cores_per_task"": 1, ""job_request_gpus_per_task"": 0, ""job_request_nodes"": 1, ""job_request_ntasks_per_node"": 1, ""job_request_time"": ""30s"", ""match_policy"": ""first"", ""n_jobs"": 1000, ""problem_class"": ""B"", ""queue_depth"": 32, ""queue_policy"": ""hybrid"", ""reservation_depth"": 64, ""workload"": ""raja-perf%Polybench_GEMM%Base_OpenMP""}}}, ""system"": {""cpu_affinity"": true, ""flux_time_limit"": ""7m"", ""max_cores_per_node"": 112, ""max_gpus_per_node"": 0, ""queue"": ""pbatch"", ""slurm_time_limit"": ""00:07:00"", ""sys_nodes"": 1}}",3,dane/SW_C
c8a18799be,"{""config"": {""instance_level"": {""0"": {""match_policy"": ""first"", ""queue_depth"": 32, ""queue_policy"": ""fcfs"", ""reservation_depth"": 64}, ""1"": {""match_policy"": ""low"", ""queue_depth"": 32, ""queue_policy"": ""fcfs"", ""reservation_depth"": 64}, ""2"": {""job_request_cores_per_task"": 1, ""job_request_gpus_per_task"": 0, ""job_request_nodes"": 1, ""job_request_ntasks_per_node"": 1, ""job_request_time"": ""30s"", ""match_policy"": ""first"", ""n_jobs"": 1000, ""problem_class"": ""B"", ""queue_depth"": 32, ""queue_policy"": ""hybrid"", ""reservation_depth"": 64, ""workload"": ""raja-perf%Polybench_GEMM%Base_OpenMP""}}}, ""system"": {""cpu_affinity"": true, ""flux_time_limit"": ""7m"", ""max_cores_per_node"": 112, ""max_gpus_per_node"": 0, ""queue"": ""pbatch"", ""slurm_time_limit"": ""00:07:00"", ""sys_nodes"": 1}}",4,dane/SW_C
c8a18799be,"{""config"": {""instance_level"": {""0"": {""match_policy"": ""first"", ""queue_depth"": 32, ""queue_policy"": ""fcfs"", ""reservation_depth"": 64}, ""1"": {""match_policy"": ""low"", ""queue_depth"": 32, ""queue_policy"": ""fcfs"", ""reservation_depth"": 64}, ""2"": {""job_request_cores_per_task"": 1, ""job_request_gpus_per_task"": 0, ""job_request_nodes"": 1, ""job_request_ntasks_per_node"": 1, ""job_request_time"": ""30s"", ""match_policy"": ""first"", ""n_jobs"": 1000, ""problem_class"": ""B"", ""queue_depth"": 32, ""queue_policy"": ""hybrid"", ""reservation_depth"": 64, ""workload"": ""raja-perf%Polybench_GEMM%Base_OpenMP""}}}, ""system"": {""cpu_affinity"": true, ""flux_time_limit"": ""7m"", ""max_cores_per_node"": 112, ""max_gpus_per_node"": 0, ""queue"": ""pbatch"", ""slurm_time_limit"": ""00:07:00"", ""sys_nodes"": 1}}",5,dane/SW_C
394938b994,"{""config"": {""instance_level"": {""0"": {""match_policy"": ""first"", ""queue_depth"": 32, ""queue_policy"": ""fcfs"", ""reservation_depth"": 64}, ""1"": {""match_policy"": ""low"", ""queue_depth"": 32, ""queue_policy"": ""fcfs"", ""reservation_depth"": 64}, ""2"": {""job_request_cores_per_task"": 1, ""job_request_gpus_per_task"": 0, ""job_request_nodes"": 1, ""job_request_ntasks_per_node"": 1, ""job_request_time"": ""30s"", ""match_policy"": ""low"", ""n_jobs"": 1000, ""problem_class"": ""B"", ""queue_depth"": 32, ""queue_policy"": ""fcfs"", ""reservation_depth"": 64, ""workload"": ""babelstream""}}}, ""system"": {""cpu_affinity"": true, ""flux_time_limit"": ""7m"", ""max_cores_per_node"": 112, ""max_gpus_per_node"": 0, ""queue"": ""pbatch"", ""slurm_time_limit"": ""00:07:00"", ""sys_nodes"": 1}}",1,dane/SW_C
394938b994,"{""config"": {""instance_level"": {""0"": {""match_policy"": ""first"", ""queue_depth"": 32, ""queue_policy"": ""fcfs"", ""reservation_depth"": 64}, ""1"": {""match_policy"": ""low"", ""queue_depth"": 32, ""queue_policy"": ""fcfs"", ""reservation_depth"": 64}, ""2"": {""job_request_cores_per_task"": 1, ""job_request_gpus_per_task"": 0, ""job_request_nodes"": 1, ""job_request_ntasks_per_node"": 1, ""job_request_time"": ""30s"", ""match_policy"": ""low"", ""n_jobs"": 1000, ""problem_class"": ""B"", ""queue_depth"": 32, ""queue_policy"": ""fcfs"", ""reservation_depth"": 64, ""workload"": ""babelstream""}}}, ""system"": {""cpu_affinity"": true, ""flux_time_limit"": ""7m"", ""max_cores_per_node"": 112, ""max_gpus_per_node"": 0, ""queue"": ""pbatch"", ""slurm_time_limit"": ""00:07:00"", ""sys_nodes"": 1}}",2,dane/SW_C
394938b994,"{""config"": {""instance_level"": {""0"": {""match_policy"": ""first"", ""queue_depth"": 32, ""queue_policy"": ""fcfs"", ""reservation_depth"": 64}, ""1"": {""match_policy"": ""low"", ""queue_depth"": 32, ""queue_policy"": ""fcfs"", ""reservation_depth"": 64}, ""2"": {""job_request_cores_per_task"": 1, ""job_request_gpus_per_task"": 0, ""job_request_nodes"": 1, ""job_request_ntasks_per_node"": 1, ""job_request_time"": ""30s"", ""match_policy"": ""low"", ""n_jobs"": 1000, ""problem_class"": ""B"", ""queue_depth"": 32, ""queue_policy"": ""fcfs"", ""reservation_depth"": 64, ""workload"": ""babelstream""}}}, ""system"": {""cpu_affinity"": true, ""flux_time_limit"": ""7m"", ""max_cores_per_node"": 112, ""max_gpus_per_node"": 0, ""queue"": ""pbatch"", ""slurm_time_limit"": ""00:07:00"", ""sys_nodes"": 1}}",3,dane/SW_C
394938b994,"{""config"": {""instance_level"": {""0"": {""match_policy"": ""first"", ""queue_depth"": 32, ""queue_policy"": ""fcfs"", ""reservation_depth"": 64}, ""1"": {""match_policy"": ""low"", ""queue_depth"": 32, ""queue_policy"": ""fcfs"", ""reservation_depth"": 64}, ""2"": {""job_request_cores_per_task"": 1, ""job_request_gpus_per_task"": 0, ""job_request_nodes"": 1, ""job_request_ntasks_per_node"": 1, ""job_request_time"": ""30s"", ""match_policy"": ""low"", ""n_jobs"": 1000, ""problem_class"": ""B"", ""queue_depth"": 32, ""queue_policy"": ""fcfs"", ""reservation_depth"": 64, ""workload"": ""babelstream""}}}, ""system"": {""cpu_affinity"": true, ""flux_time_limit"": ""7m"", ""max_cores_per_node"": 112, ""max_gpus_per_node"": 0, ""queue"": ""pbatch"", ""slurm_time_limit"": ""00:07:00"", ""sys_nodes"": 1}}",4,dane/SW_C
394938b994,"{""config"": {""instance_level"": {""0"": {""match_policy"": ""first"", ""queue_depth"": 32, ""queue_policy"": ""fcfs"", ""reservation_depth"": 64}, ""1"": {""match_policy"": ""low"", ""queue_depth"": 32, ""queue_policy"": ""fcfs"", ""reservation_depth"": 64}, ""2"": {""job_request_cores_per_task"": 1, ""job_request_gpus_per_task"": 0, ""job_request_nodes"": 1, ""job_request_ntasks_per_node"": 1, ""job_request_time"": ""30s"", ""match_policy"": ""low"", ""n_jobs"": 1000, ""problem_class"": ""B"", ""queue_depth"": 32, ""queue_policy"": ""fcfs"", ""reservation_depth"": 64, ""workload"": ""babelstream""}}}, ""system"": {""cpu_affinity"": true, ""flux_time_limit"": ""7m"", ""max_cores_per_node"": 112, ""max_gpus_per_node"": 0, ""queue"": ""pbatch"", ""slurm_time_limit"": ""00:07:00"", ""sys_nodes"": 1}}",5,dane/SW_C
fe50e90e0a,"{""config"": {""instance_level"": {""0"": {""match_policy"": ""first"", ""queue_depth"": 32, ""queue_policy"": ""fcfs"", ""reservation_depth"": 64}, ""1"": {""match_policy"": ""low"", ""queue_depth"": 32, ""queue_policy"": ""fcfs"", ""reservation_depth"": 64}, ""2"": {""job_request_cores_per_task"": 1, ""job_request_gpus_per_task"": 0, ""job_request_nodes"": 1, ""job_request_ntasks_per_node"": 1, ""job_request_time"": ""30s"", ""match_policy"": ""low"", ""n_jobs"": 1000, ""problem_class"": ""B"", ""queue_depth"": 32, ""queue_policy"": ""fcfs"", ""reservation_depth"": 64, ""workload"": ""raja-perf%Polybench_GEMM%Base_OpenMP""}}}, ""system"": {""cpu_affinity"": true, ""flux_time_limit"": ""7m"", ""max_cores_per_node"": 112, ""max_gpus_per_node"": 0, ""queue"": ""pbatch"", ""slurm_time_limit"": ""00:07:00"", ""sys_nodes"": 1}}",1,dane/SW_C
fe50e90e0a,"{""config"": {""instance_level"": {""0"": {""match_policy"": ""first"", ""queue_depth"": 32, ""queue_policy"": ""fcfs"", ""reservation_depth"": 64}, ""1"": {""match_policy"": ""low"", ""queue_depth"": 32, ""queue_policy"": ""fcfs"", ""reservation_depth"": 64}, ""2"": {""job_request_cores_per_task"": 1, ""job_request_gpus_per_task"": 0, ""job_request_nodes"": 1, ""job_request_ntasks_per_node"": 1, ""job_request_time"": ""30s"", ""match_policy"": ""low"", ""n_jobs"": 1000, ""problem_class"": ""B"", ""queue_depth"": 32, ""queue_policy"": ""fcfs"", ""reservation_depth"": 64, ""workload"": ""raja-perf%Polybench_GEMM%Base_OpenMP""}}}, ""system"": {""cpu_affinity"": true, ""flux_time_limit"": ""7m"", ""max_cores_per_node"": 112, ""max_gpus_per_node"": 0, ""queue"": ""pbatch"", ""slurm_time_limit"": ""00:07:00"", ""sys_nodes"": 1}}",2,dane/SW_C
fe50e90e0a,"{""config"": {""instance_level"": {""0"": {""match_policy"": ""first"", ""queue_depth"": 32, ""queue_policy"": ""fcfs"", ""reservation_depth"": 64}, ""1"": {""match_policy"": ""low"", ""queue_depth"": 32, ""queue_policy"": ""fcfs"", ""reservation_depth"": 64}, ""2"": {""job_request_cores_per_task"": 1, ""job_request_gpus_per_task"": 0, ""job_request_nodes"": 1, ""job_request_ntasks_per_node"": 1, ""job_request_time"": ""30s"", ""match_policy"": ""low"", ""n_jobs"": 1000, ""problem_class"": ""B"", ""queue_depth"": 32, ""queue_policy"": ""fcfs"", ""reservation_depth"": 64, ""workload"": ""raja-perf%Polybench_GEMM%Base_OpenMP""}}}, ""system"": {""cpu_affinity"": true, ""flux_time_limit"": ""7m"", ""max_cores_per_node"": 112, ""max_gpus_per_node"": 0, ""queue"": ""pbatch"", ""slurm_time_limit"": ""00:07:00"", ""sys_nodes"": 1}}",3,dane/SW_C
fe50e90e0a,"{""config"": {""instance_level"": {""0"": {""match_policy"": ""first"", ""queue_depth"": 32, ""queue_policy"": ""fcfs"", ""reservation_depth"": 64}, ""1"": {""match_policy"": ""low"", ""queue_depth"": 32, ""queue_policy"": ""fcfs"", ""reservation_depth"": 64}, ""2"": {""job_request_cores_per_task"": 1, ""job_request_gpus_per_task"": 0, ""job_request_nodes"": 1, ""job_request_ntasks_per_node"": 1, ""job_request_time"": ""30s"", ""match_policy"": ""low"", ""n_jobs"": 1000, ""problem_class"": ""B"", ""queue_depth"": 32, ""queue_policy"": ""fcfs"", ""reservation_depth"": 64, ""workload"": ""raja-perf%Polybench_GEMM%Base_OpenMP""}}}, ""system"": {""cpu_affinity"": true, ""flux_time_limit"": ""7m"", ""max_cores_per_node"": 112, ""max_gpus_per_node"": 0, ""queue"": ""pbatch"", ""slurm_time_limit"": ""00:07:00"", ""sys_nodes"": 1}}",4,dane/SW_C
fe50e90e0a,"{""config"": {""instance_level"": {""0"": {""match_policy"": ""first"", ""queue_depth"": 32, ""queue_policy"": ""fcfs"", ""reservation_depth"": 64}, ""1"": {""match_policy"": ""low"", ""queue_depth"": 32, ""queue_policy"": ""fcfs"", ""reservation_depth"": 64}, ""2"": {""job_request_cores_per_task"": 1, ""job_request_gpus_per_task"": 0, ""job_request_nodes"": 1, ""job_request_ntasks_per_node"": 1, ""job_request_time"": ""30s"", ""match_policy"": ""low"", ""n_jobs"": 1000, ""problem_class"": ""B"", ""queue_depth"": 32, ""queue_policy"": ""fcfs"", ""reservation_depth"": 64, ""workload"": ""raja-perf%Polybench_GEMM%Base_OpenMP""}}}, ""system"": {""cpu_affinity"": true, ""flux_time_limit"": ""7m"", ""max_cores_per_node"": 112, ""max_gpus_per_node"": 0, ""queue"": ""pbatch"", ""slurm_time_limit"": ""00:07:00"", ""sys_nodes"": 1}}",5,dane/SW_C
16a31c6d48,"{""config"": {""instance_level"": {""0"": {""match_policy"": ""first"", ""queue_depth"": 32, ""queue_policy"": ""fcfs"", ""reservation_depth"": 64}, ""1"": {""match_policy"": ""low"", ""queue_depth"": 32, ""queue_policy"": ""fcfs"", ""reservation_depth"": 64}, ""2"": {""job_request_cores_per_task"": 1, ""job_request_gpus_per_task"": 0, ""job_request_nodes"": 1, ""job_request_ntasks_per_node"": 1, ""job_request_time"": ""30s"", ""match_policy"": ""low"", ""n_jobs"": 1000, ""problem_class"": ""B"", ""queue_depth"": 32, ""queue_policy"": ""hybrid"", ""reservation_depth"": 64, ""workload"": ""babelstream""}}}, ""system"": {""cpu_affinity"": true, ""flux_time_limit"": ""7m"", ""max_cores_per_node"": 112, ""max_gpus_per_node"": 0, ""queue"": ""pbatch"", ""slurm_time_limit"": ""00:07:00"", ""sys_nodes"": 1}}",1,dane/SW_C
16a31c6d48,"{""config"": {""instance_level"": {""0"": {""match_policy"": ""first"", ""queue_depth"": 32, ""queue_policy"": ""fcfs"", ""reservation_depth"": 64}, ""1"": {""match_policy"": ""low"", ""queue_depth"": 32, ""queue_policy"": ""fcfs"", ""reservation_depth"": 64}, ""2"": {""job_request_cores_per_task"": 1, ""job_request_gpus_per_task"": 0, ""job_request_nodes"": 1, ""job_request_ntasks_per_node"": 1, ""job_request_time"": ""30s"", ""match_policy"": ""low"", ""n_jobs"": 1000, ""problem_class"": ""B"", ""queue_depth"": 32, ""queue_policy"": ""hybrid"", ""reservation_depth"": 64, ""workload"": ""babelstream""}}}, ""system"": {""cpu_affinity"": true, ""flux_time_limit"": ""7m"", ""max_cores_per_node"": 112, ""max_gpus_per_node"": 0, ""queue"": ""pbatch"", ""slurm_time_limit"": ""00:07:00"", ""sys_nodes"": 1}}",2,dane/SW_C
16a31c6d48,"{""config"": {""instance_level"": {""0"": {""match_policy"": ""first"", ""queue_depth"": 32, ""queue_policy"": ""fcfs"", ""reservation_depth"": 64}, ""1"": {""match_policy"": ""low"", ""queue_depth"": 32, ""queue_policy"": ""fcfs"", ""reservation_depth"": 64}, ""2"": {""job_request_cores_per_task"": 1, ""job_request_gpus_per_task"": 0, ""job_request_nodes"": 1, ""job_request_ntasks_per_node"": 1, ""job_request_time"": ""30s"", ""match_policy"": ""low"", ""n_jobs"": 1000, ""problem_class"": ""B"", ""queue_depth"": 32, ""queue_policy"": ""hybrid"", ""reservation_depth"": 64, ""workload"": ""babelstream""}}}, ""system"": {""cpu_affinity"": true, ""flux_time_limit"": ""7m"", ""max_cores_per_node"": 112, ""max_gpus_per_node"": 0, ""queue"": ""pbatch"", ""slurm_time_limit"": ""00:07:00"", ""sys_nodes"": 1}}",3,dane/SW_C
16a31c6d48,"{""config"": {""instance_level"": {""0"": {""match_policy"": ""first"", ""queue_depth"": 32, ""queue_policy"": ""fcfs"", ""reservation_depth"": 64}, ""1"": {""match_policy"": ""low"", ""queue_depth"": 32, ""queue_policy"": ""fcfs"", ""reservation_depth"": 64}, ""2"": {""job_request_cores_per_task"": 1, ""job_request_gpus_per_task"": 0, ""job_request_nodes"": 1, ""job_request_ntasks_per_node"": 1, ""job_request_time"": ""30s"", ""match_policy"": ""low"", ""n_jobs"": 1000, ""problem_class"": ""B"", ""queue_depth"": 32, ""queue_policy"": ""hybrid"", ""reservation_depth"": 64, ""workload"": ""babelstream""}}}, ""system"": {""cpu_affinity"": true, ""flux_time_limit"": ""7m"", ""max_cores_per_node"": 112, ""max_gpus_per_node"": 0, ""queue"": ""pbatch"", ""slurm_time_limit"": ""00:07:00"", ""sys_nodes"": 1}}",4,dane/SW_C
16a31c6d48,"{""config"": {""instance_level"": {""0"": {""match_policy"": ""first"", ""queue_depth"": 32, ""queue_policy"": ""fcfs"", ""reservation_depth"": 64}, ""1"": {""match_policy"": ""low"", ""queue_depth"": 32, ""queue_policy"": ""fcfs"", ""reservation_depth"": 64}, ""2"": {""job_request_cores_per_task"": 1, ""job_request_gpus_per_task"": 0, ""job_request_nodes"": 1, ""job_request_ntasks_per_node"": 1, ""job_request_time"": ""30s"", ""match_policy"": ""low"", ""n_jobs"": 1000, ""problem_class"": ""B"", ""queue_depth"": 32, ""queue_policy"": ""hybrid"", ""reservation_depth"": 64, ""workload"": ""babelstream""}}}, ""system"": {""cpu_affinity"": true, ""flux_time_limit"": ""7m"", ""max_cores_per_node"": 112, ""max_gpus_per_node"": 0, ""queue"": ""pbatch"", ""slurm_time_limit"": ""00:07:00"", ""sys_nodes"": 1}}",5,dane/SW_C
f8edc919d7,"{""config"": {""instance_level"": {""0"": {""match_policy"": ""first"", ""queue_depth"": 32, ""queue_policy"": ""fcfs"", ""reservation_depth"": 64}, ""1"": {""match_policy"": ""low"", ""queue_depth"": 32, ""queue_policy"": ""fcfs"", ""reservation_depth"": 64}, ""2"": {""job_request_cores_per_task"": 1, ""job_request_gpus_per_task"": 0, ""job_request_nodes"": 1, ""job_request_ntasks_per_node"": 1, ""job_request_time"": ""30s"", ""match_policy"": ""low"", ""n_jobs"": 1000, ""problem_class"": ""B"", ""queue_depth"": 32, ""queue_policy"": ""hybrid"", ""reservation_depth"": 64, ""workload"": ""raja-perf%Polybench_GEMM%Base_OpenMP""}}}, ""system"": {""cpu_affinity"": true, ""flux_time_limit"": ""7m"", ""max_cores_per_node"": 112, ""max_gpus_per_node"": 0, ""queue"": ""pbatch"", ""slurm_time_limit"": ""00:07:00"", ""sys_nodes"": 1}}",1,dane/SW_C
f8edc919d7,"{""config"": {""instance_level"": {""0"": {""match_policy"": ""first"", ""queue_depth"": 32, ""queue_policy"": ""fcfs"", ""reservation_depth"": 64}, ""1"": {""match_policy"": ""low"", ""queue_depth"": 32, ""queue_policy"": ""fcfs"", ""reservation_depth"": 64}, ""2"": {""job_request_cores_per_task"": 1, ""job_request_gpus_per_task"": 0, ""job_request_nodes"": 1, ""job_request_ntasks_per_node"": 1, ""job_request_time"": ""30s"", ""match_policy"": ""low"", ""n_jobs"": 1000, ""problem_class"": ""B"", ""queue_depth"": 32, ""queue_policy"": ""hybrid"", ""reservation_depth"": 64, ""workload"": ""raja-perf%Polybench_GEMM%Base_OpenMP""}}}, ""system"": {""cpu_affinity"": true, ""flux_time_limit"": ""7m"", ""max_cores_per_node"": 112, ""max_gpus_per_node"": 0, ""queue"": ""pbatch"", ""slurm_time_limit"": ""00:07:00"", ""sys_nodes"": 1}}",2,dane/SW_C
f8edc919d7,"{""config"": {""instance_level"": {""0"": {""match_policy"": ""first"", ""queue_depth"": 32, ""queue_policy"": ""fcfs"", ""reservation_depth"": 64}, ""1"": {""match_policy"": ""low"", ""queue_depth"": 32, ""queue_policy"": ""fcfs"", ""reservation_depth"": 64}, ""2"": {""job_request_cores_per_task"": 1, ""job_request_gpus_per_task"": 0, ""job_request_nodes"": 1, ""job_request_ntasks_per_node"": 1, ""job_request_time"": ""30s"", ""match_policy"": ""low"", ""n_jobs"": 1000, ""problem_class"": ""B"", ""queue_depth"": 32, ""queue_policy"": ""hybrid"", ""reservation_depth"": 64, ""workload"": ""raja-perf%Polybench_GEMM%Base_OpenMP""}}}, ""system"": {""cpu_affinity"": true, ""flux_time_limit"": ""7m"", ""max_cores_per_node"": 112, ""max_gpus_per_node"": 0, ""queue"": ""pbatch"", ""slurm_time_limit"": ""00:07:00"", ""sys_nodes"": 1}}",3,dane/SW_C
f8edc919d7,"{""config"": {""instance_level"": {""0"": {""match_policy"": ""first"", ""queue_depth"": 32, ""queue_policy"": ""fcfs"", ""reservation_depth"": 64}, ""1"": {""match_policy"": ""low"", ""queue_depth"": 32, ""queue_policy"": ""fcfs"", ""reservation_depth"": 64}, ""2"": {""job_request_cores_per_task"": 1, ""job_request_gpus_per_task"": 0, ""job_request_nodes"": 1, ""job_request_ntasks_per_node"": 1, ""job_request_time"": ""30s"", ""match_policy"": ""low"", ""n_jobs"": 1000, ""problem_class"": ""B"", ""queue_depth"": 32, ""queue_policy"": ""hybrid"", ""reservation_depth"": 64, ""workload"": ""raja-perf%Polybench_GEMM%Base_OpenMP""}}}, ""system"": {""cpu_affinity"": true, ""flux_time_limit"": ""7m"", ""max_cores_per_node"": 112, ""max_gpus_per_node"": 0, ""queue"": ""pbatch"", ""slurm_time_limit"": ""00:07:00"", ""sys_nodes"": 1}}",4,dane/SW_C
f8edc919d7,"{""config"": {""instance_level"": {""0"": {""match_policy"": ""first"", ""queue_depth"": 32, ""queue_policy"": ""fcfs"", ""reservation_depth"": 64}, ""1"": {""match_policy"": ""low"", ""queue_depth"": 32, ""queue_policy"": ""fcfs"", ""reservation_depth"": 64}, ""2"": {""job_request_cores_per_task"": 1, ""job_request_gpus_per_task"": 0, ""job_request_nodes"": 1, ""job_request_ntasks_per_node"": 1, ""job_request_time"": ""30s"", ""match_policy"": ""low"", ""n_jobs"": 1000, ""problem_class"": ""B"", ""queue_depth"": 32, ""queue_policy"": ""hybrid"", ""reservation_depth"": 64, ""workload"": ""raja-perf%Polybench_GEMM%Base_OpenMP""}}}, ""system"": {""cpu_affinity"": true, ""flux_time_limit"": ""7m"", ""max_cores_per_node"": 112, ""max_gpus_per_node"": 0, ""queue"": ""pbatch"", ""slurm_time_limit"": ""00:07:00"", ""sys_nodes"": 1}}",5,dane/SW_C
9e8e2528f2,"{""config"": {""instance_level"": {""0"": {""match_policy"": ""first"", ""queue_depth"": 32, ""queue_policy"": ""fcfs"", ""reservation_depth"": 64}, ""1"": {""match_policy"": ""low"", ""queue_depth"": 32, ""queue_policy"": ""hybrid"", ""reservation_depth"": 64}, ""2"": {""job_request_cores_per_task"": 1, ""job_request_gpus_per_task"": 0, ""job_request_nodes"": 1, ""job_request_ntasks_per_node"": 1, ""job_request_time"": ""30s"", ""match_policy"": ""first"", ""n_jobs"": 1000, ""problem_class"": ""B"", ""queue_depth"": 32, ""queue_policy"": ""fcfs"", ""reservation_depth"": 64, ""workload"": ""babelstream""}}}, ""system"": {""cpu_affinity"": true, ""flux_time_limit"": ""7m"", ""max_cores_per_node"": 112, ""max_gpus_per_node"": 0, ""queue"": ""pbatch"", ""slurm_time_limit"": ""00:07:00"", ""sys_nodes"": 1}}",1,dane/SW_C
9e8e2528f2,"{""config"": {""instance_level"": {""0"": {""match_policy"": ""first"", ""queue_depth"": 32, ""queue_policy"": ""fcfs"", ""reservation_depth"": 64}, ""1"": {""match_policy"": ""low"", ""queue_depth"": 32, ""queue_policy"": ""hybrid"", ""reservation_depth"": 64}, ""2"": {""job_request_cores_per_task"": 1, ""job_request_gpus_per_task"": 0, ""job_request_nodes"": 1, ""job_request_ntasks_per_node"": 1, ""job_request_time"": ""30s"", ""match_policy"": ""first"", ""n_jobs"": 1000, ""problem_class"": ""B"", ""queue_depth"": 32, ""queue_policy"": ""fcfs"", ""reservation_depth"": 64, ""workload"": ""babelstream""}}}, ""system"": {""cpu_affinity"": true, ""flux_time_limit"": ""7m"", ""max_cores_per_node"": 112, ""max_gpus_per_node"": 0, ""queue"": ""pbatch"", ""slurm_time_limit"": ""00:07:00"", ""sys_nodes"": 1}}",2,dane/SW_C
9e8e2528f2,"{""config"": {""instance_level"": {""0"": {""match_policy"": ""first"", ""queue_depth"": 32, ""queue_policy"": ""fcfs"", ""reservation_depth"": 64}, ""1"": {""match_policy"": ""low"", ""queue_depth"": 32, ""queue_policy"": ""hybrid"", ""reservation_depth"": 64}, ""2"": {""job_request_cores_per_task"": 1, ""job_request_gpus_per_task"": 0, ""job_request_nodes"": 1, ""job_request_ntasks_per_node"": 1, ""job_request_time"": ""30s"", ""match_policy"": ""first"", ""n_jobs"": 1000, ""problem_class"": ""B"", ""queue_depth"": 32, ""queue_policy"": ""fcfs"", ""reservation_depth"": 64, ""workload"": ""babelstream""}}}, ""system"": {""cpu_affinity"": true, ""flux_time_limit"": ""7m"", ""max_cores_per_node"": 112, ""max_gpus_per_node"": 0, ""queue"": ""pbatch"", ""slurm_time_limit"": ""00:07:00"", ""sys_nodes"": 1}}",3,dane/SW_C
9e8e2528f2,"{""config"": {""instance_level"": {""0"": {""match_policy"": ""first"", ""queue_depth"": 32, ""queue_policy"": ""fcfs"", ""reservation_depth"": 64}, ""1"": {""match_policy"": ""low"", ""queue_depth"": 32, ""queue_policy"": ""hybrid"", ""reservation_depth"": 64}, ""2"": {""job_request_cores_per_task"": 1, ""job_request_gpus_per_task"": 0, ""job_request_nodes"": 1, ""job_request_ntasks_per_node"": 1, ""job_request_time"": ""30s"", ""match_policy"": ""first"", ""n_jobs"": 1000, ""problem_class"": ""B"", ""queue_depth"": 32, ""queue_policy"": ""fcfs"", ""reservation_depth"": 64, ""workload"": ""babelstream""}}}, ""system"": {""cpu_affinity"": true, ""flux_time_limit"": ""7m"", ""max_cores_per_node"": 112, ""max_gpus_per_node"": 0, ""queue"": ""pbatch"", ""slurm_time_limit"": ""00:07:00"", ""sys_nodes"": 1}}",4,dane/SW_C
9e8e2528f2,"{""config"": {""instance_level"": {""0"": {""match_policy"": ""first"", ""queue_depth"": 32, ""queue_policy"": ""fcfs"", ""reservation_depth"": 64}, ""1"": {""match_policy"": ""low"", ""queue_depth"": 32, ""queue_policy"": ""hybrid"", ""reservation_depth"": 64}, ""2"": {""job_request_cores_per_task"": 1, ""job_request_gpus_per_task"": 0, ""job_request_nodes"": 1, ""job_request_ntasks_per_node"": 1, ""job_request_time"": ""30s"", ""match_policy"": ""first"", ""n_jobs"": 1000, ""problem_class"": ""B"", ""queue_depth"": 32, ""queue_policy"": ""fcfs"", ""reservation_depth"": 64, ""workload"": ""babelstream""}}}, ""system"": {""cpu_affinity"": true, ""flux_time_limit"": ""7m"", ""max_cores_per_node"": 112, ""max_gpus_per_node"": 0, ""queue"": ""pbatch"", ""slurm_time_limit"": ""00:07:00"", ""sys_nodes"": 1}}",5,dane/SW_C
297b10e1a5,"{""config"": {""instance_level"": {""0"": {""match_policy"": ""first"", ""queue_depth"": 32, ""queue_policy"": ""fcfs"", ""reservation_depth"": 64}, ""1"": {""match_policy"": ""low"", ""queue_depth"": 32, ""queue_policy"": ""hybrid"", ""reservation_depth"": 64}, ""2"": {""job_request_cores_per_task"": 1, ""job_request_gpus_per_task"": 0, ""job_request_nodes"": 1, ""job_request_ntasks_per_node"": 1, ""job_request_time"": ""30s"", ""match_policy"": ""first"", ""n_jobs"": 1000, ""problem_class"": ""B"", ""queue_depth"": 32, ""queue_policy"": ""fcfs"", ""reservation_depth"": 64, ""workload"": ""raja-perf%Polybench_GEMM%Base_OpenMP""}}}, ""system"": {""cpu_affinity"": true, ""flux_time_limit"": ""7m"", ""max_cores_per_node"": 112, ""max_gpus_per_node"": 0, ""queue"": ""pbatch"", ""slurm_time_limit"": ""00:07:00"", ""sys_nodes"": 1}}",1,dane/SW_C
297b10e1a5,"{""config"": {""instance_level"": {""0"": {""match_policy"": ""first"", ""queue_depth"": 32, ""queue_policy"": ""fcfs"", ""reservation_depth"": 64}, ""1"": {""match_policy"": ""low"", ""queue_depth"": 32, ""queue_policy"": ""hybrid"", ""reservation_depth"": 64}, ""2"": {""job_request_cores_per_task"": 1, ""job_request_gpus_per_task"": 0, ""job_request_nodes"": 1, ""job_request_ntasks_per_node"": 1, ""job_request_time"": ""30s"", ""match_policy"": ""first"", ""n_jobs"": 1000, ""problem_class"": ""B"", ""queue_depth"": 32, ""queue_policy"": ""fcfs"", ""reservation_depth"": 64, ""workload"": ""raja-perf%Polybench_GEMM%Base_OpenMP""}}}, ""system"": {""cpu_affinity"": true, ""flux_time_limit"": ""7m"", ""max_cores_per_node"": 112, ""max_gpus_per_node"": 0, ""queue"": ""pbatch"", ""slurm_time_limit"": ""00:07:00"", ""sys_nodes"": 1}}",2,dane/SW_C
297b10e1a5,"{""config"": {""instance_level"": {""0"": {""match_policy"": ""first"", ""queue_depth"": 32, ""queue_policy"": ""fcfs"", ""reservation_depth"": 64}, ""1"": {""match_policy"": ""low"", ""queue_depth"": 32, ""queue_policy"": ""hybrid"", ""reservation_depth"": 64}, ""2"": {""job_request_cores_per_task"": 1, ""job_request_gpus_per_task"": 0, ""job_request_nodes"": 1, ""job_request_ntasks_per_node"": 1, ""job_request_time"": ""30s"", ""match_policy"": ""first"", ""n_jobs"": 1000, ""problem_class"": ""B"", ""queue_depth"": 32, ""queue_policy"": ""fcfs"", ""reservation_depth"": 64, ""workload"": ""raja-perf%Polybench_GEMM%Base_OpenMP""}}}, ""system"": {""cpu_affinity"": true, ""flux_time_limit"": ""7m"", ""max_cores_per_node"": 112, ""max_gpus_per_node"": 0, ""queue"": ""pbatch"", ""slurm_time_limit"": ""00:07:00"", ""sys_nodes"": 1}}",3,dane/SW_C
297b10e1a5,"{""config"": {""instance_level"": {""0"": {""match_policy"": ""first"", ""queue_depth"": 32, ""queue_policy"": ""fcfs"", ""reservation_depth"": 64}, ""1"": {""match_policy"": ""low"", ""queue_depth"": 32, ""queue_policy"": ""hybrid"", ""reservation_depth"": 64}, ""2"": {""job_request_cores_per_task"": 1, ""job_request_gpus_per_task"": 0, ""job_request_nodes"": 1, ""job_request_ntasks_per_node"": 1, ""job_request_time"": ""30s"", ""match_policy"": ""first"", ""n_jobs"": 1000, ""problem_class"": ""B"", ""queue_depth"": 32, ""queue_policy"": ""fcfs"", ""reservation_depth"": 64, ""workload"": ""raja-perf%Polybench_GEMM%Base_OpenMP""}}}, ""system"": {""cpu_affinity"": true, ""flux_time_limit"": ""7m"", ""max_cores_per_node"": 112, ""max_gpus_per_node"": 0, ""queue"": ""pbatch"", ""slurm_time_limit"": ""00:07:00"", ""sys_nodes"": 1}}",4,dane/SW_C
297b10e1a5,"{""config"": {""instance_level"": {""0"": {""match_policy"": ""first"", ""queue_depth"": 32, ""queue_policy"": ""fcfs"", ""reservation_depth"": 64}, ""1"": {""match_policy"": ""low"", ""queue_depth"": 32, ""queue_policy"": ""hybrid"", ""reservation_depth"": 64}, ""2"": {""job_request_cores_per_task"": 1, ""job_request_gpus_per_task"": 0, ""job_request_nodes"": 1, ""job_request_ntasks_per_node"": 1, ""job_request_time"": ""30s"", ""match_policy"": ""first"", ""n_jobs"": 1000, ""problem_class"": ""B"", ""queue_depth"": 32, ""queue_policy"": ""fcfs"", ""reservation_depth"": 64, ""workload"": ""raja-perf%Polybench_GEMM%Base_OpenMP""}}}, ""system"": {""cpu_affinity"": true, ""flux_time_limit"": ""7m"", ""max_cores_per_node"": 112, ""max_gpus_per_node"": 0, ""queue"": ""pbatch"", ""slurm_time_limit"": ""00:07:00"", ""sys_nodes"": 1}}",5,dane/SW_C
480753402c,"{""config"": {""instance_level"": {""0"": {""match_policy"": ""first"", ""queue_depth"": 32, ""queue_policy"": ""fcfs"", ""reservation_depth"": 64}, ""1"": {""match_policy"": ""low"", ""queue_depth"": 32, ""queue_policy"": ""hybrid"", ""reservation_depth"": 64}, ""2"": {""job_request_cores_per_task"": 1, ""job_request_gpus_per_task"": 0, ""job_request_nodes"": 1, ""job_request_ntasks_per_node"": 1, ""job_request_time"": ""30s"", ""match_policy"": ""first"", ""n_jobs"": 1000, ""problem_class"": ""B"", ""queue_depth"": 32, ""queue_policy"": ""hybrid"", ""reservation_depth"": 64, ""workload"": ""babelstream""}}}, ""system"": {""cpu_affinity"": true, ""flux_time_limit"": ""7m"", ""max_cores_per_node"": 112, ""max_gpus_per_node"": 0, ""queue"": ""pbatch"", ""slurm_time_limit"": ""00:07:00"", ""sys_nodes"": 1}}",1,dane/SW_C
480753402c,"{""config"": {""instance_level"": {""0"": {""match_policy"": ""first"", ""queue_depth"": 32, ""queue_policy"": ""fcfs"", ""reservation_depth"": 64}, ""1"": {""match_policy"": ""low"", ""queue_depth"": 32, ""queue_policy"": ""hybrid"", ""reservation_depth"": 64}, ""2"": {""job_request_cores_per_task"": 1, ""job_request_gpus_per_task"": 0, ""job_request_nodes"": 1, ""job_request_ntasks_per_node"": 1, ""job_request_time"": ""30s"", ""match_policy"": ""first"", ""n_jobs"": 1000, ""problem_class"": ""B"", ""queue_depth"": 32, ""queue_policy"": ""hybrid"", ""reservation_depth"": 64, ""workload"": ""babelstream""}}}, ""system"": {""cpu_affinity"": true, ""flux_time_limit"": ""7m"", ""max_cores_per_node"": 112, ""max_gpus_per_node"": 0, ""queue"": ""pbatch"", ""slurm_time_limit"": ""00:07:00"", ""sys_nodes"": 1}}",2,dane/SW_C
480753402c,"{""config"": {""instance_level"": {""0"": {""match_policy"": ""first"", ""queue_depth"": 32, ""queue_policy"": ""fcfs"", ""reservation_depth"": 64}, ""1"": {""match_policy"": ""low"", ""queue_depth"": 32, ""queue_policy"": ""hybrid"", ""reservation_depth"": 64}, ""2"": {""job_request_cores_per_task"": 1, ""job_request_gpus_per_task"": 0, ""job_request_nodes"": 1, ""job_request_ntasks_per_node"": 1, ""job_request_time"": ""30s"", ""match_policy"": ""first"", ""n_jobs"": 1000, ""problem_class"": ""B"", ""queue_depth"": 32, ""queue_policy"": ""hybrid"", ""reservation_depth"": 64, ""workload"": ""babelstream""}}}, ""system"": {""cpu_affinity"": true, ""flux_time_limit"": ""7m"", ""max_cores_per_node"": 112, ""max_gpus_per_node"": 0, ""queue"": ""pbatch"", ""slurm_time_limit"": ""00:07:00"", ""sys_nodes"": 1}}",3,dane/SW_C
480753402c,"{""config"": {""instance_level"": {""0"": {""match_policy"": ""first"", ""queue_depth"": 32, ""queue_policy"": ""fcfs"", ""reservation_depth"": 64}, ""1"": {""match_policy"": ""low"", ""queue_depth"": 32, ""queue_policy"": ""hybrid"", ""reservation_depth"": 64}, ""2"": {""job_request_cores_per_task"": 1, ""job_request_gpus_per_task"": 0, ""job_request_nodes"": 1, ""job_request_ntasks_per_node"": 1, ""job_request_time"": ""30s"", ""match_policy"": ""first"", ""n_jobs"": 1000, ""problem_class"": ""B"", ""queue_depth"": 32, ""queue_policy"": ""hybrid"", ""reservation_depth"": 64, ""workload"": ""babelstream""}}}, ""system"": {""cpu_affinity"": true, ""flux_time_limit"": ""7m"", ""max_cores_per_node"": 112, ""max_gpus_per_node"": 0, ""queue"": ""pbatch"", ""slurm_time_limit"": ""00:07:00"", ""sys_nodes"": 1}}",4,dane/SW_C
480753402c,"{""config"": {""instance_level"": {""0"": {""match_policy"": ""first"", ""queue_depth"": 32, ""queue_policy"": ""fcfs"", ""reservation_depth"": 64}, ""1"": {""match_policy"": ""low"", ""queue_depth"": 32, ""queue_policy"": ""hybrid"", ""reservation_depth"": 64}, ""2"": {""job_request_cores_per_task"": 1, ""job_request_gpus_per_task"": 0, ""job_request_nodes"": 1, ""job_request_ntasks_per_node"": 1, ""job_request_time"": ""30s"", ""match_policy"": ""first"", ""n_jobs"": 1000, ""problem_class"": ""B"", ""queue_depth"": 32, ""queue_policy"": ""hybrid"", ""reservation_depth"": 64, ""workload"": ""babelstream""}}}, ""system"": {""cpu_affinity"": true, ""flux_time_limit"": ""7m"", ""max_cores_per_node"": 112, ""max_gpus_per_node"": 0, ""queue"": ""pbatch"", ""slurm_time_limit"": ""00:07:00"", ""sys_nodes"": 1}}",5,dane/SW_C
ad03e7b15f,"{""config"": {""instance_level"": {""0"": {""match_policy"": ""first"", ""queue_depth"": 32, ""queue_policy"": ""fcfs"", ""reservation_depth"": 64}, ""1"": {""match_policy"": ""low"", ""queue_depth"": 32, ""queue_policy"": ""hybrid"", ""reservation_depth"": 64}, ""2"": {""job_request_cores_per_task"": 1, ""job_request_gpus_per_task"": 0, ""job_request_nodes"": 1, ""job_request_ntasks_per_node"": 1, ""job_request_time"": ""30s"", ""match_policy"": ""first"", ""n_jobs"": 1000, ""problem_class"": ""B"", ""queue_depth"": 32, ""queue_policy"": ""hybrid"", ""reservation_depth"": 64, ""workload"": ""raja-perf%Polybench_GEMM%Base_OpenMP""}}}, ""system"": {""cpu_affinity"": true, ""flux_time_limit"": ""7m"", ""max_cores_per_node"": 112, ""max_gpus_per_node"": 0, ""queue"": ""pbatch"", ""slurm_time_limit"": ""00:07:00"", ""sys_nodes"": 1}}",1,dane/SW_C
ad03e7b15f,"{""config"": {""instance_level"": {""0"": {""match_policy"": ""first"", ""queue_depth"": 32, ""queue_policy"": ""fcfs"", ""reservation_depth"": 64}, ""1"": {""match_policy"": ""low"", ""queue_depth"": 32, ""queue_policy"": ""hybrid"", ""reservation_depth"": 64}, ""2"": {""job_request_cores_per_task"": 1, ""job_request_gpus_per_task"": 0, ""job_request_nodes"": 1, ""job_request_ntasks_per_node"": 1, ""job_request_time"": ""30s"", ""match_policy"": ""first"", ""n_jobs"": 1000, ""problem_class"": ""B"", ""queue_depth"": 32, ""queue_policy"": ""hybrid"", ""reservation_depth"": 64, ""workload"": ""raja-perf%Polybench_GEMM%Base_OpenMP""}}}, ""system"": {""cpu_affinity"": true, ""flux_time_limit"": ""7m"", ""max_cores_per_node"": 112, ""max_gpus_per_node"": 0, ""queue"": ""pbatch"", ""slurm_time_limit"": ""00:07:00"", ""sys_nodes"": 1}}",2,dane/SW_C
ad03e7b15f,"{""config"": {""instance_level"": {""0"": {""match_policy"": ""first"", ""queue_depth"": 32, ""queue_policy"": ""fcfs"", ""reservation_depth"": 64}, ""1"": {""match_policy"": ""low"", ""queue_depth"": 32, ""queue_policy"": ""hybrid"", ""reservation_depth"": 64}, ""2"": {""job_request_cores_per_task"": 1, ""job_request_gpus_per_task"": 0, ""job_request_nodes"": 1, ""job_request_ntasks_per_node"": 1, ""job_request_time"": ""30s"", ""match_policy"": ""first"", ""n_jobs"": 1000, ""problem_class"": ""B"", ""queue_depth"": 32, ""queue_policy"": ""hybrid"", ""reservation_depth"": 64, ""workload"": ""raja-perf%Polybench_GEMM%Base_OpenMP""}}}, ""system"": {""cpu_affinity"": true, ""flux_time_limit"": ""7m"", ""max_cores_per_node"": 112, ""max_gpus_per_node"": 0, ""queue"": ""pbatch"", ""slurm_time_limit"": ""00:07:00"", ""sys_nodes"": 1}}",3,dane/SW_C
ad03e7b15f,"{""config"": {""instance_level"": {""0"": {""match_policy"": ""first"", ""queue_depth"": 32, ""queue_policy"": ""fcfs"", ""reservation_depth"": 64}, ""1"": {""match_policy"": ""low"", ""queue_depth"": 32, ""queue_policy"": ""hybrid"", ""reservation_depth"": 64}, ""2"": {""job_request_cores_per_task"": 1, ""job_request_gpus_per_task"": 0, ""job_request_nodes"": 1, ""job_request_ntasks_per_node"": 1, ""job_request_time"": ""30s"", ""match_policy"": ""first"", ""n_jobs"": 1000, ""problem_class"": ""B"", ""queue_depth"": 32, ""queue_policy"": ""hybrid"", ""reservation_depth"": 64, ""workload"": ""raja-perf%Polybench_GEMM%Base_OpenMP""}}}, ""system"": {""cpu_affinity"": true, ""flux_time_limit"": ""7m"", ""max_cores_per_node"": 112, ""max_gpus_per_node"": 0, ""queue"": ""pbatch"", ""slurm_time_limit"": ""00:07:00"", ""sys_nodes"": 1}}",4,dane/SW_C
ad03e7b15f,"{""config"": {""instance_level"": {""0"": {""match_policy"": ""first"", ""queue_depth"": 32, ""queue_policy"": ""fcfs"", ""reservation_depth"": 64}, ""1"": {""match_policy"": ""low"", ""queue_depth"": 32, ""queue_policy"": ""hybrid"", ""reservation_depth"": 64}, ""2"": {""job_request_cores_per_task"": 1, ""job_request_gpus_per_task"": 0, ""job_request_nodes"": 1, ""job_request_ntasks_per_node"": 1, ""job_request_time"": ""30s"", ""match_policy"": ""first"", ""n_jobs"": 1000, ""problem_class"": ""B"", ""queue_depth"": 32, ""queue_policy"": ""hybrid"", ""reservation_depth"": 64, ""workload"": ""raja-perf%Polybench_GEMM%Base_OpenMP""}}}, ""system"": {""cpu_affinity"": true, ""flux_time_limit"": ""7m"", ""max_cores_per_node"": 112, ""max_gpus_per_node"": 0, ""queue"": ""pbatch"", ""slurm_time_limit"": ""00:07:00"", ""sys_nodes"": 1}}",5,dane/SW_C
b484360ccd,"{""config"": {""instance_level"": {""0"": {""match_policy"": ""first"", ""queue_depth"": 32, ""queue_policy"": ""fcfs"", ""reservation_depth"": 64}, ""1"": {""match_policy"": ""low"", ""queue_depth"": 32, ""queue_policy"": ""hybrid"", ""reservation_depth"": 64}, ""2"": {""job_request_cores_per_task"": 1, ""job_request_gpus_per_task"": 0, ""job_request_nodes"": 1, ""job_request_ntasks_per_node"": 1, ""job_request_time"": ""30s"", ""match_policy"": ""low"", ""n_jobs"": 1000, ""problem_class"": ""B"", ""queue_depth"": 32, ""queue_policy"": ""fcfs"", ""reservation_depth"": 64, ""workload"": ""babelstream""}}}, ""system"": {""cpu_affinity"": true, ""flux_time_limit"": ""7m"", ""max_cores_per_node"": 112, ""max_gpus_per_node"": 0, ""queue"": ""pbatch"", ""slurm_time_limit"": ""00:07:00"", ""sys_nodes"": 1}}",1,dane/SW_C
b484360ccd,"{""config"": {""instance_level"": {""0"": {""match_policy"": ""first"", ""queue_depth"": 32, ""queue_policy"": ""fcfs"", ""reservation_depth"": 64}, ""1"": {""match_policy"": ""low"", ""queue_depth"": 32, ""queue_policy"": ""hybrid"", ""reservation_depth"": 64}, ""2"": {""job_request_cores_per_task"": 1, ""job_request_gpus_per_task"": 0, ""job_request_nodes"": 1, ""job_request_ntasks_per_node"": 1, ""job_request_time"": ""30s"", ""match_policy"": ""low"", ""n_jobs"": 1000, ""problem_class"": ""B"", ""queue_depth"": 32, ""queue_policy"": ""fcfs"", ""reservation_depth"": 64, ""workload"": ""babelstream""}}}, ""system"": {""cpu_affinity"": true, ""flux_time_limit"": ""7m"", ""max_cores_per_node"": 112, ""max_gpus_per_node"": 0, ""queue"": ""pbatch"", ""slurm_time_limit"": ""00:07:00"", ""sys_nodes"": 1}}",2,dane/SW_C
b484360ccd,"{""config"": {""instance_level"": {""0"": {""match_policy"": ""first"", ""queue_depth"": 32, ""queue_policy"": ""fcfs"", ""reservation_depth"": 64}, ""1"": {""match_policy"": ""low"", ""queue_depth"": 32, ""queue_policy"": ""hybrid"", ""reservation_depth"": 64}, ""2"": {""job_request_cores_per_task"": 1, ""job_request_gpus_per_task"": 0, ""job_request_nodes"": 1, ""job_request_ntasks_per_node"": 1, ""job_request_time"": ""30s"", ""match_policy"": ""low"", ""n_jobs"": 1000, ""problem_class"": ""B"", ""queue_depth"": 32, ""queue_policy"": ""fcfs"", ""reservation_depth"": 64, ""workload"": ""babelstream""}}}, ""system"": {""cpu_affinity"": true, ""flux_time_limit"": ""7m"", ""max_cores_per_node"": 112, ""max_gpus_per_node"": 0, ""queue"": ""pbatch"", ""slurm_time_limit"": ""00:07:00"", ""sys_nodes"": 1}}",3,dane/SW_C
b484360ccd,"{""config"": {""instance_level"": {""0"": {""match_policy"": ""first"", ""queue_depth"": 32, ""queue_policy"": ""fcfs"", ""reservation_depth"": 64}, ""1"": {""match_policy"": ""low"", ""queue_depth"": 32, ""queue_policy"": ""hybrid"", ""reservation_depth"": 64}, ""2"": {""job_request_cores_per_task"": 1, ""job_request_gpus_per_task"": 0, ""job_request_nodes"": 1, ""job_request_ntasks_per_node"": 1, ""job_request_time"": ""30s"", ""match_policy"": ""low"", ""n_jobs"": 1000, ""problem_class"": ""B"", ""queue_depth"": 32, ""queue_policy"": ""fcfs"", ""reservation_depth"": 64, ""workload"": ""babelstream""}}}, ""system"": {""cpu_affinity"": true, ""flux_time_limit"": ""7m"", ""max_cores_per_node"": 112, ""max_gpus_per_node"": 0, ""queue"": ""pbatch"", ""slurm_time_limit"": ""00:07:00"", ""sys_nodes"": 1}}",4,dane/SW_C
b484360ccd,"{""config"": {""instance_level"": {""0"": {""match_policy"": ""first"", ""queue_depth"": 32, ""queue_policy"": ""fcfs"", ""reservation_depth"": 64}, ""1"": {""match_policy"": ""low"", ""queue_depth"": 32, ""queue_policy"": ""hybrid"", ""reservation_depth"": 64}, ""2"": {""job_request_cores_per_task"": 1, ""job_request_gpus_per_task"": 0, ""job_request_nodes"": 1, ""job_request_ntasks_per_node"": 1, ""job_request_time"": ""30s"", ""match_policy"": ""low"", ""n_jobs"": 1000, ""problem_class"": ""B"", ""queue_depth"": 32, ""queue_policy"": ""fcfs"", ""reservation_depth"": 64, ""workload"": ""babelstream""}}}, ""system"": {""cpu_affinity"": true, ""flux_time_limit"": ""7m"", ""max_cores_per_node"": 112, ""max_gpus_per_node"": 0, ""queue"": ""pbatch"", ""slurm_time_limit"": ""00:07:00"", ""sys_nodes"": 1}}",5,dane/SW_C
8aacbf8c67,"{""config"": {""instance_level"": {""0"": {""match_policy"": ""first"", ""queue_depth"": 32, ""queue_policy"": ""fcfs"", ""reservation_depth"": 64}, ""1"": {""match_policy"": ""low"", ""queue_depth"": 32, ""queue_policy"": ""hybrid"", ""reservation_depth"": 64}, ""2"": {""job_request_cores_per_task"": 1, ""job_request_gpus_per_task"": 0, ""job_request_nodes"": 1, ""job_request_ntasks_per_node"": 1, ""job_request_time"": ""30s"", ""match_policy"": ""low"", ""n_jobs"": 1000, ""problem_class"": ""B"", ""queue_depth"": 32, ""queue_policy"": ""fcfs"", ""reservation_depth"": 64, ""workload"": ""raja-perf%Polybench_GEMM%Base_OpenMP""}}}, ""system"": {""cpu_affinity"": true, ""flux_time_limit"": ""7m"", ""max_cores_per_node"": 112, ""max_gpus_per_node"": 0, ""queue"": ""pbatch"", ""slurm_time_limit"": ""00:07:00"", ""sys_nodes"": 1}}",1,dane/SW_C
8aacbf8c67,"{""config"": {""instance_level"": {""0"": {""match_policy"": ""first"", ""queue_depth"": 32, ""queue_policy"": ""fcfs"", ""reservation_depth"": 64}, ""1"": {""match_policy"": ""low"", ""queue_depth"": 32, ""queue_policy"": ""hybrid"", ""reservation_depth"": 64}, ""2"": {""job_request_cores_per_task"": 1, ""job_request_gpus_per_task"": 0, ""job_request_nodes"": 1, ""job_request_ntasks_per_node"": 1, ""job_request_time"": ""30s"", ""match_policy"": ""low"", ""n_jobs"": 1000, ""problem_class"": ""B"", ""queue_depth"": 32, ""queue_policy"": ""fcfs"", ""reservation_depth"": 64, ""workload"": ""raja-perf%Polybench_GEMM%Base_OpenMP""}}}, ""system"": {""cpu_affinity"": true, ""flux_time_limit"": ""7m"", ""max_cores_per_node"": 112, ""max_gpus_per_node"": 0, ""queue"": ""pbatch"", ""slurm_time_limit"": ""00:07:00"", ""sys_nodes"": 1}}",2,dane/SW_C
8aacbf8c67,"{""config"": {""instance_level"": {""0"": {""match_policy"": ""first"", ""queue_depth"": 32, ""queue_policy"": ""fcfs"", ""reservation_depth"": 64}, ""1"": {""match_policy"": ""low"", ""queue_depth"": 32, ""queue_policy"": ""hybrid"", ""reservation_depth"": 64}, ""2"": {""job_request_cores_per_task"": 1, ""job_request_gpus_per_task"": 0, ""job_request_nodes"": 1, ""job_request_ntasks_per_node"": 1, ""job_request_time"": ""30s"", ""match_policy"": ""low"", ""n_jobs"": 1000, ""problem_class"": ""B"", ""queue_depth"": 32, ""queue_policy"": ""fcfs"", ""reservation_depth"": 64, ""workload"": ""raja-perf%Polybench_GEMM%Base_OpenMP""}}}, ""system"": {""cpu_affinity"": true, ""flux_time_limit"": ""7m"", ""max_cores_per_node"": 112, ""max_gpus_per_node"": 0, ""queue"": ""pbatch"", ""slurm_time_limit"": ""00:07:00"", ""sys_nodes"": 1}}",3,dane/SW_C
8aacbf8c67,"{""config"": {""instance_level"": {""0"": {""match_policy"": ""first"", ""queue_depth"": 32, ""queue_policy"": ""fcfs"", ""reservation_depth"": 64}, ""1"": {""match_policy"": ""low"", ""queue_depth"": 32, ""queue_policy"": ""hybrid"", ""reservation_depth"": 64}, ""2"": {""job_request_cores_per_task"": 1, ""job_request_gpus_per_task"": 0, ""job_request_nodes"": 1, ""job_request_ntasks_per_node"": 1, ""job_request_time"": ""30s"", ""match_policy"": ""low"", ""n_jobs"": 1000, ""problem_class"": ""B"", ""queue_depth"": 32, ""queue_policy"": ""fcfs"", ""reservation_depth"": 64, ""workload"": ""raja-perf%Polybench_GEMM%Base_OpenMP""}}}, ""system"": {""cpu_affinity"": true, ""flux_time_limit"": ""7m"", ""max_cores_per_node"": 112, ""max_gpus_per_node"": 0, ""queue"": ""pbatch"", ""slurm_time_limit"": ""00:07:00"", ""sys_nodes"": 1}}",4,dane/SW_C
8aacbf8c67,"{""config"": {""instance_level"": {""0"": {""match_policy"": ""first"", ""queue_depth"": 32, ""queue_policy"": ""fcfs"", ""reservation_depth"": 64}, ""1"": {""match_policy"": ""low"", ""queue_depth"": 32, ""queue_policy"": ""hybrid"", ""reservation_depth"": 64}, ""2"": {""job_request_cores_per_task"": 1, ""job_request_gpus_per_task"": 0, ""job_request_nodes"": 1, ""job_request_ntasks_per_node"": 1, ""job_request_time"": ""30s"", ""match_policy"": ""low"", ""n_jobs"": 1000, ""problem_class"": ""B"", ""queue_depth"": 32, ""queue_policy"": ""fcfs"", ""reservation_depth"": 64, ""workload"": ""raja-perf%Polybench_GEMM%Base_OpenMP""}}}, ""system"": {""cpu_affinity"": true, ""flux_time_limit"": ""7m"", ""max_cores_per_node"": 112, ""max_gpus_per_node"": 0, ""queue"": ""pbatch"", ""slurm_time_limit"": ""00:07:00"", ""sys_nodes"": 1}}",5,dane/SW_C
8a5db5d57c,"{""config"": {""instance_level"": {""0"": {""match_policy"": ""first"", ""queue_depth"": 32, ""queue_policy"": ""fcfs"", ""reservation_depth"": 64}, ""1"": {""match_policy"": ""low"", ""queue_depth"": 32, ""queue_policy"": ""hybrid"", ""reservation_depth"": 64}, ""2"": {""job_request_cores_per_task"": 1, ""job_request_gpus_per_task"": 0, ""job_request_nodes"": 1, ""job_request_ntasks_per_node"": 1, ""job_request_time"": ""30s"", ""match_policy"": ""low"", ""n_jobs"": 1000, ""problem_class"": ""B"", ""queue_depth"": 32, ""queue_policy"": ""hybrid"", ""reservation_depth"": 64, ""workload"": ""babelstream""}}}, ""system"": {""cpu_affinity"": true, ""flux_time_limit"": ""7m"", ""max_cores_per_node"": 112, ""max_gpus_per_node"": 0, ""queue"": ""pbatch"", ""slurm_time_limit"": ""00:07:00"", ""sys_nodes"": 1}}",1,dane/SW_C
8a5db5d57c,"{""config"": {""instance_level"": {""0"": {""match_policy"": ""first"", ""queue_depth"": 32, ""queue_policy"": ""fcfs"", ""reservation_depth"": 64}, ""1"": {""match_policy"": ""low"", ""queue_depth"": 32, ""queue_policy"": ""hybrid"", ""reservation_depth"": 64}, ""2"": {""job_request_cores_per_task"": 1, ""job_request_gpus_per_task"": 0, ""job_request_nodes"": 1, ""job_request_ntasks_per_node"": 1, ""job_request_time"": ""30s"", ""match_policy"": ""low"", ""n_jobs"": 1000, ""problem_class"": ""B"", ""queue_depth"": 32, ""queue_policy"": ""hybrid"", ""reservation_depth"": 64, ""workload"": ""babelstream""}}}, ""system"": {""cpu_affinity"": true, ""flux_time_limit"": ""7m"", ""max_cores_per_node"": 112, ""max_gpus_per_node"": 0, ""queue"": ""pbatch"", ""slurm_time_limit"": ""00:07:00"", ""sys_nodes"": 1}}",2,dane/SW_C
8a5db5d57c,"{""config"": {""instance_level"": {""0"": {""match_policy"": ""first"", ""queue_depth"": 32, ""queue_policy"": ""fcfs"", ""reservation_depth"": 64}, ""1"": {""match_policy"": ""low"", ""queue_depth"": 32, ""queue_policy"": ""hybrid"", ""reservation_depth"": 64}, ""2"": {""job_request_cores_per_task"": 1, ""job_request_gpus_per_task"": 0, ""job_request_nodes"": 1, ""job_request_ntasks_per_node"": 1, ""job_request_time"": ""30s"", ""match_policy"": ""low"", ""n_jobs"": 1000, ""problem_class"": ""B"", ""queue_depth"": 32, ""queue_policy"": ""hybrid"", ""reservation_depth"": 64, ""workload"": ""babelstream""}}}, ""system"": {""cpu_affinity"": true, ""flux_time_limit"": ""7m"", ""max_cores_per_node"": 112, ""max_gpus_per_node"": 0, ""queue"": ""pbatch"", ""slurm_time_limit"": ""00:07:00"", ""sys_nodes"": 1}}",3,dane/SW_C
8a5db5d57c,"{""config"": {""instance_level"": {""0"": {""match_policy"": ""first"", ""queue_depth"": 32, ""queue_policy"": ""fcfs"", ""reservation_depth"": 64}, ""1"": {""match_policy"": ""low"", ""queue_depth"": 32, ""queue_policy"": ""hybrid"", ""reservation_depth"": 64}, ""2"": {""job_request_cores_per_task"": 1, ""job_request_gpus_per_task"": 0, ""job_request_nodes"": 1, ""job_request_ntasks_per_node"": 1, ""job_request_time"": ""30s"", ""match_policy"": ""low"", ""n_jobs"": 1000, ""problem_class"": ""B"", ""queue_depth"": 32, ""queue_policy"": ""hybrid"", ""reservation_depth"": 64, ""workload"": ""babelstream""}}}, ""system"": {""cpu_affinity"": true, ""flux_time_limit"": ""7m"", ""max_cores_per_node"": 112, ""max_gpus_per_node"": 0, ""queue"": ""pbatch"", ""slurm_time_limit"": ""00:07:00"", ""sys_nodes"": 1}}",4,dane/SW_C
8a5db5d57c,"{""config"": {""instance_level"": {""0"": {""match_policy"": ""first"", ""queue_depth"": 32, ""queue_policy"": ""fcfs"", ""reservation_depth"": 64}, ""1"": {""match_policy"": ""low"", ""queue_depth"": 32, ""queue_policy"": ""hybrid"", ""reservation_depth"": 64}, ""2"": {""job_request_cores_per_task"": 1, ""job_request_gpus_per_task"": 0, ""job_request_nodes"": 1, ""job_request_ntasks_per_node"": 1, ""job_request_time"": ""30s"", ""match_policy"": ""low"", ""n_jobs"": 1000, ""problem_class"": ""B"", ""queue_depth"": 32, ""queue_policy"": ""hybrid"", ""reservation_depth"": 64, ""workload"": ""babelstream""}}}, ""system"": {""cpu_affinity"": true, ""flux_time_limit"": ""7m"", ""max_cores_per_node"": 112, ""max_gpus_per_node"": 0, ""queue"": ""pbatch"", ""slurm_time_limit"": ""00:07:00"", ""sys_nodes"": 1}}",5,dane/SW_C
037a1e4e8b,"{""config"": {""instance_level"": {""0"": {""match_policy"": ""first"", ""queue_depth"": 32, ""queue_policy"": ""fcfs"", ""reservation_depth"": 64}, ""1"": {""match_policy"": ""low"", ""queue_depth"": 32, ""queue_policy"": ""hybrid"", ""reservation_depth"": 64}, ""2"": {""job_request_cores_per_task"": 1, ""job_request_gpus_per_task"": 0, ""job_request_nodes"": 1, ""job_request_ntasks_per_node"": 1, ""job_request_time"": ""30s"", ""match_policy"": ""low"", ""n_jobs"": 1000, ""problem_class"": ""B"", ""queue_depth"": 32, ""queue_policy"": ""hybrid"", ""reservation_depth"": 64, ""workload"": ""raja-perf%Polybench_GEMM%Base_OpenMP""}}}, ""system"": {""cpu_affinity"": true, ""flux_time_limit"": ""7m"", ""max_cores_per_node"": 112, ""max_gpus_per_node"": 0, ""queue"": ""pbatch"", ""slurm_time_limit"": ""00:07:00"", ""sys_nodes"": 1}}",1,dane/SW_C
037a1e4e8b,"{""config"": {""instance_level"": {""0"": {""match_policy"": ""first"", ""queue_depth"": 32, ""queue_policy"": ""fcfs"", ""reservation_depth"": 64}, ""1"": {""match_policy"": ""low"", ""queue_depth"": 32, ""queue_policy"": ""hybrid"", ""reservation_depth"": 64}, ""2"": {""job_request_cores_per_task"": 1, ""job_request_gpus_per_task"": 0, ""job_request_nodes"": 1, ""job_request_ntasks_per_node"": 1, ""job_request_time"": ""30s"", ""match_policy"": ""low"", ""n_jobs"": 1000, ""problem_class"": ""B"", ""queue_depth"": 32, ""queue_policy"": ""hybrid"", ""reservation_depth"": 64, ""workload"": ""raja-perf%Polybench_GEMM%Base_OpenMP""}}}, ""system"": {""cpu_affinity"": true, ""flux_time_limit"": ""7m"", ""max_cores_per_node"": 112, ""max_gpus_per_node"": 0, ""queue"": ""pbatch"", ""slurm_time_limit"": ""00:07:00"", ""sys_nodes"": 1}}",2,dane/SW_C
037a1e4e8b,"{""config"": {""instance_level"": {""0"": {""match_policy"": ""first"", ""queue_depth"": 32, ""queue_policy"": ""fcfs"", ""reservation_depth"": 64}, ""1"": {""match_policy"": ""low"", ""queue_depth"": 32, ""queue_policy"": ""hybrid"", ""reservation_depth"": 64}, ""2"": {""job_request_cores_per_task"": 1, ""job_request_gpus_per_task"": 0, ""job_request_nodes"": 1, ""job_request_ntasks_per_node"": 1, ""job_request_time"": ""30s"", ""match_policy"": ""low"", ""n_jobs"": 1000, ""problem_class"": ""B"", ""queue_depth"": 32, ""queue_policy"": ""hybrid"", ""reservation_depth"": 64, ""workload"": ""raja-perf%Polybench_GEMM%Base_OpenMP""}}}, ""system"": {""cpu_affinity"": true, ""flux_time_limit"": ""7m"", ""max_cores_per_node"": 112, ""max_gpus_per_node"": 0, ""queue"": ""pbatch"", ""slurm_time_limit"": ""00:07:00"", ""sys_nodes"": 1}}",3,dane/SW_C
037a1e4e8b,"{""config"": {""instance_level"": {""0"": {""match_policy"": ""first"", ""queue_depth"": 32, ""queue_policy"": ""fcfs"", ""reservation_depth"": 64}, ""1"": {""match_policy"": ""low"", ""queue_depth"": 32, ""queue_policy"": ""hybrid"", ""reservation_depth"": 64}, ""2"": {""job_request_cores_per_task"": 1, ""job_request_gpus_per_task"": 0, ""job_request_nodes"": 1, ""job_request_ntasks_per_node"": 1, ""job_request_time"": ""30s"", ""match_policy"": ""low"", ""n_jobs"": 1000, ""problem_class"": ""B"", ""queue_depth"": 32, ""queue_policy"": ""hybrid"", ""reservation_depth"": 64, ""workload"": ""raja-perf%Polybench_GEMM%Base_OpenMP""}}}, ""system"": {""cpu_affinity"": true, ""flux_time_limit"": ""7m"", ""max_cores_per_node"": 112, ""max_gpus_per_node"": 0, ""queue"": ""pbatch"", ""slurm_time_limit"": ""00:07:00"", ""sys_nodes"": 1}}",4,dane/SW_C
037a1e4e8b,"{""config"": {""instance_level"": {""0"": {""match_policy"": ""first"", ""queue_depth"": 32, ""queue_policy"": ""fcfs"", ""reservation_depth"": 64}, ""1"": {""match_policy"": ""low"", ""queue_depth"": 32, ""queue_policy"": ""hybrid"", ""reservation_depth"": 64}, ""2"": {""job_request_cores_per_task"": 1, ""job_request_gpus_per_task"": 0, ""job_request_nodes"": 1, ""job_request_ntasks_per_node"": 1, ""job_request_time"": ""30s"", ""match_policy"": ""low"", ""n_jobs"": 1000, ""problem_class"": ""B"", ""queue_depth"": 32, ""queue_policy"": ""hybrid"", ""reservation_depth"": 64, ""workload"": ""raja-perf%Polybench_GEMM%Base_OpenMP""}}}, ""system"": {""cpu_affinity"": true, ""flux_time_limit"": ""7m"", ""max_cores_per_node"": 112, ""max_gpus_per_node"": 0, ""queue"": ""pbatch"", ""slurm_time_limit"": ""00:07:00"", ""sys_nodes"": 1}}",5,dane/SW_C
