hash,config,rep,experiment_subdir
cda105f214,"{""config"": {""instance_level"": {""0"": {""match_policy"": ""first"", ""queue_depth"": 32, ""queue_policy"": ""fcfs"", ""reservation_depth"": 64}, ""1"": {""match_policy"": ""first"", ""queue_depth"": 32, ""queue_policy"": ""fcfs"", ""reservation_depth"": 64}, ""2"": {""job_request_cores_per_task"": 1, ""job_request_gpus_per_task"": 0, ""job_request_nodes"": 1, ""job_request_ntasks_per_node"": 1, ""job_request_time"": ""30s"", ""match_policy"": ""first"", ""n_jobs"": 1000, ""problem_class"": ""A"", ""queue_depth"": 32, ""queue_policy"": ""fcfs"", ""reservation_depth"": 64, ""workload"": ""sleep""}}}, ""system"": {""cpu_affinity"": true, ""flux_time_limit"": ""3m"", ""max_cores_per_node"": 112, ""max_gpus_per_node"": 0, ""queue"": ""pbatch"", ""slurm_time_limit"": ""00:03:00"", ""sys_nodes"": 1}}",1,dane/SO_C
cda105f214,"{""config"": {""instance_level"": {""0"": {""match_policy"": ""first"", ""queue_depth"": 32, ""queue_policy"": ""fcfs"", ""reservation_depth"": 64}, ""1"": {""match_policy"": ""first"", ""queue_depth"": 32, ""queue_policy"": ""fcfs"", ""reservation_depth"": 64}, ""2"": {""job_request_cores_per_task"": 1, ""job_request_gpus_per_task"": 0, ""job_request_nodes"": 1, ""job_request_ntasks_per_node"": 1, ""job_request_time"": ""30s"", ""match_policy"": ""first"", ""n_jobs"": 1000, ""problem_class"": ""A"", ""queue_depth"": 32, ""queue_policy"": ""fcfs"", ""reservation_depth"": 64, ""workload"": ""sleep""}}}, ""system"": {""cpu_affinity"": true, ""flux_time_limit"": ""3m"", ""max_cores_per_node"": 112, ""max_gpus_per_node"": 0, ""queue"": ""pbatch"", ""slurm_time_limit"": ""00:03:00"", ""sys_nodes"": 1}}",2,dane/SO_C
cda105f214,"{""config"": {""instance_level"": {""0"": {""match_policy"": ""first"", ""queue_depth"": 32, ""queue_policy"": ""fcfs"", ""reservation_depth"": 64}, ""1"": {""match_policy"": ""first"", ""queue_depth"": 32, ""queue_policy"": ""fcfs"", ""reservation_depth"": 64}, ""2"": {""job_request_cores_per_task"": 1, ""job_request_gpus_per_task"": 0, ""job_request_nodes"": 1, ""job_request_ntasks_per_node"": 1, ""job_request_time"": ""30s"", ""match_policy"": ""first"", ""n_jobs"": 1000, ""problem_class"": ""A"", ""queue_depth"": 32, ""queue_policy"": ""fcfs"", ""reservation_depth"": 64, ""workload"": ""sleep""}}}, ""system"": {""cpu_affinity"": true, ""flux_time_limit"": ""3m"", ""max_cores_per_node"": 112, ""max_gpus_per_node"": 0, ""queue"": ""pbatch"", ""slurm_time_limit"": ""00:03:00"", ""sys_nodes"": 1}}",3,dane/SO_C
cda105f214,"{""config"": {""instance_level"": {""0"": {""match_policy"": ""first"", ""queue_depth"": 32, ""queue_policy"": ""fcfs"", ""reservation_depth"": 64}, ""1"": {""match_policy"": ""first"", ""queue_depth"": 32, ""queue_policy"": ""fcfs"", ""reservation_depth"": 64}, ""2"": {""job_request_cores_per_task"": 1, ""job_request_gpus_per_task"": 0, ""job_request_nodes"": 1, ""job_request_ntasks_per_node"": 1, ""job_request_time"": ""30s"", ""match_policy"": ""first"", ""n_jobs"": 1000, ""problem_class"": ""A"", ""queue_depth"": 32, ""queue_policy"": ""fcfs"", ""reservation_depth"": 64, ""workload"": ""sleep""}}}, ""system"": {""cpu_affinity"": true, ""flux_time_limit"": ""3m"", ""max_cores_per_node"": 112, ""max_gpus_per_node"": 0, ""queue"": ""pbatch"", ""slurm_time_limit"": ""00:03:00"", ""sys_nodes"": 1}}",4,dane/SO_C
cda105f214,"{""config"": {""instance_level"": {""0"": {""match_policy"": ""first"", ""queue_depth"": 32, ""queue_policy"": ""fcfs"", ""reservation_depth"": 64}, ""1"": {""match_policy"": ""first"", ""queue_depth"": 32, ""queue_policy"": ""fcfs"", ""reservation_depth"": 64}, ""2"": {""job_request_cores_per_task"": 1, ""job_request_gpus_per_task"": 0, ""job_request_nodes"": 1, ""job_request_ntasks_per_node"": 1, ""job_request_time"": ""30s"", ""match_policy"": ""first"", ""n_jobs"": 1000, ""problem_class"": ""A"", ""queue_depth"": 32, ""queue_policy"": ""fcfs"", ""reservation_depth"": 64, ""workload"": ""sleep""}}}, ""system"": {""cpu_affinity"": true, ""flux_time_limit"": ""3m"", ""max_cores_per_node"": 112, ""max_gpus_per_node"": 0, ""queue"": ""pbatch"", ""slurm_time_limit"": ""00:03:00"", ""sys_nodes"": 1}}",5,dane/SO_C
07e3302a49,"{""config"": {""instance_level"": {""0"": {""match_policy"": ""first"", ""queue_depth"": 32, ""queue_policy"": ""fcfs"", ""reservation_depth"": 64}, ""1"": {""match_policy"": ""first"", ""queue_depth"": 32, ""queue_policy"": ""fcfs"", ""reservation_depth"": 64}, ""2"": {""job_request_cores_per_task"": 14, ""job_request_gpus_per_task"": 0, ""job_request_nodes"": 1, ""job_request_ntasks_per_node"": 1, ""job_request_time"": ""30s"", ""match_policy"": ""first"", ""n_jobs"": 1000, ""problem_class"": ""A"", ""queue_depth"": 32, ""queue_policy"": ""fcfs"", ""reservation_depth"": 64, ""workload"": ""sleep""}}}, ""system"": {""cpu_affinity"": true, ""flux_time_limit"": ""3m"", ""max_cores_per_node"": 112, ""max_gpus_per_node"": 0, ""queue"": ""pbatch"", ""slurm_time_limit"": ""00:03:00"", ""sys_nodes"": 1}}",1,dane/SO_C
07e3302a49,"{""config"": {""instance_level"": {""0"": {""match_policy"": ""first"", ""queue_depth"": 32, ""queue_policy"": ""fcfs"", ""reservation_depth"": 64}, ""1"": {""match_policy"": ""first"", ""queue_depth"": 32, ""queue_policy"": ""fcfs"", ""reservation_depth"": 64}, ""2"": {""job_request_cores_per_task"": 14, ""job_request_gpus_per_task"": 0, ""job_request_nodes"": 1, ""job_request_ntasks_per_node"": 1, ""job_request_time"": ""30s"", ""match_policy"": ""first"", ""n_jobs"": 1000, ""problem_class"": ""A"", ""queue_depth"": 32, ""queue_policy"": ""fcfs"", ""reservation_depth"": 64, ""workload"": ""sleep""}}}, ""system"": {""cpu_affinity"": true, ""flux_time_limit"": ""3m"", ""max_cores_per_node"": 112, ""max_gpus_per_node"": 0, ""queue"": ""pbatch"", ""slurm_time_limit"": ""00:03:00"", ""sys_nodes"": 1}}",2,dane/SO_C
07e3302a49,"{""config"": {""instance_level"": {""0"": {""match_policy"": ""first"", ""queue_depth"": 32, ""queue_policy"": ""fcfs"", ""reservation_depth"": 64}, ""1"": {""match_policy"": ""first"", ""queue_depth"": 32, ""queue_policy"": ""fcfs"", ""reservation_depth"": 64}, ""2"": {""job_request_cores_per_task"": 14, ""job_request_gpus_per_task"": 0, ""job_request_nodes"": 1, ""job_request_ntasks_per_node"": 1, ""job_request_time"": ""30s"", ""match_policy"": ""first"", ""n_jobs"": 1000, ""problem_class"": ""A"", ""queue_depth"": 32, ""queue_policy"": ""fcfs"", ""reservation_depth"": 64, ""workload"": ""sleep""}}}, ""system"": {""cpu_affinity"": true, ""flux_time_limit"": ""3m"", ""max_cores_per_node"": 112, ""max_gpus_per_node"": 0, ""queue"": ""pbatch"", ""slurm_time_limit"": ""00:03:00"", ""sys_nodes"": 1}}",3,dane/SO_C
07e3302a49,"{""config"": {""instance_level"": {""0"": {""match_policy"": ""first"", ""queue_depth"": 32, ""queue_policy"": ""fcfs"", ""reservation_depth"": 64}, ""1"": {""match_policy"": ""first"", ""queue_depth"": 32, ""queue_policy"": ""fcfs"", ""reservation_depth"": 64}, ""2"": {""job_request_cores_per_task"": 14, ""job_request_gpus_per_task"": 0, ""job_request_nodes"": 1, ""job_request_ntasks_per_node"": 1, ""job_request_time"": ""30s"", ""match_policy"": ""first"", ""n_jobs"": 1000, ""problem_class"": ""A"", ""queue_depth"": 32, ""queue_policy"": ""fcfs"", ""reservation_depth"": 64, ""workload"": ""sleep""}}}, ""system"": {""cpu_affinity"": true, ""flux_time_limit"": ""3m"", ""max_cores_per_node"": 112, ""max_gpus_per_node"": 0, ""queue"": ""pbatch"", ""slurm_time_limit"": ""00:03:00"", ""sys_nodes"": 1}}",4,dane/SO_C
07e3302a49,"{""config"": {""instance_level"": {""0"": {""match_policy"": ""first"", ""queue_depth"": 32, ""queue_policy"": ""fcfs"", ""reservation_depth"": 64}, ""1"": {""match_policy"": ""first"", ""queue_depth"": 32, ""queue_policy"": ""fcfs"", ""reservation_depth"": 64}, ""2"": {""job_request_cores_per_task"": 14, ""job_request_gpus_per_task"": 0, ""job_request_nodes"": 1, ""job_request_ntasks_per_node"": 1, ""job_request_time"": ""30s"", ""match_policy"": ""first"", ""n_jobs"": 1000, ""problem_class"": ""A"", ""queue_depth"": 32, ""queue_policy"": ""fcfs"", ""reservation_depth"": 64, ""workload"": ""sleep""}}}, ""system"": {""cpu_affinity"": true, ""flux_time_limit"": ""3m"", ""max_cores_per_node"": 112, ""max_gpus_per_node"": 0, ""queue"": ""pbatch"", ""slurm_time_limit"": ""00:03:00"", ""sys_nodes"": 1}}",5,dane/SO_C
f669bfb81f,"{""config"": {""instance_level"": {""0"": {""match_policy"": ""first"", ""queue_depth"": 32, ""queue_policy"": ""fcfs"", ""reservation_depth"": 64}, ""1"": {""match_policy"": ""first"", ""queue_depth"": 32, ""queue_policy"": ""fcfs"", ""reservation_depth"": 64}, ""2"": {""job_request_cores_per_task"": 1, ""job_request_gpus_per_task"": 0, ""job_request_nodes"": 1, ""job_request_ntasks_per_node"": 1, ""job_request_time"": ""30s"", ""match_policy"": ""first"", ""n_jobs"": 1000, ""problem_class"": ""A"", ""queue_depth"": 32, ""queue_policy"": ""hybrid"", ""reservation_depth"": 64, ""workload"": ""sleep""}}}, ""system"": {""cpu_affinity"": true, ""flux_time_limit"": ""3m"", ""max_cores_per_node"": 112, ""max_gpus_per_node"": 0, ""queue"": ""pbatch"", ""slurm_time_limit"": ""00:03:00"", ""sys_nodes"": 1}}",1,dane/SO_C
f669bfb81f,"{""config"": {""instance_level"": {""0"": {""match_policy"": ""first"", ""queue_depth"": 32, ""queue_policy"": ""fcfs"", ""reservation_depth"": 64}, ""1"": {""match_policy"": ""first"", ""queue_depth"": 32, ""queue_policy"": ""fcfs"", ""reservation_depth"": 64}, ""2"": {""job_request_cores_per_task"": 1, ""job_request_gpus_per_task"": 0, ""job_request_nodes"": 1, ""job_request_ntasks_per_node"": 1, ""job_request_time"": ""30s"", ""match_policy"": ""first"", ""n_jobs"": 1000, ""problem_class"": ""A"", ""queue_depth"": 32, ""queue_policy"": ""hybrid"", ""reservation_depth"": 64, ""workload"": ""sleep""}}}, ""system"": {""cpu_affinity"": true, ""flux_time_limit"": ""3m"", ""max_cores_per_node"": 112, ""max_gpus_per_node"": 0, ""queue"": ""pbatch"", ""slurm_time_limit"": ""00:03:00"", ""sys_nodes"": 1}}",2,dane/SO_C
f669bfb81f,"{""config"": {""instance_level"": {""0"": {""match_policy"": ""first"", ""queue_depth"": 32, ""queue_policy"": ""fcfs"", ""reservation_depth"": 64}, ""1"": {""match_policy"": ""first"", ""queue_depth"": 32, ""queue_policy"": ""fcfs"", ""reservation_depth"": 64}, ""2"": {""job_request_cores_per_task"": 1, ""job_request_gpus_per_task"": 0, ""job_request_nodes"": 1, ""job_request_ntasks_per_node"": 1, ""job_request_time"": ""30s"", ""match_policy"": ""first"", ""n_jobs"": 1000, ""problem_class"": ""A"", ""queue_depth"": 32, ""queue_policy"": ""hybrid"", ""reservation_depth"": 64, ""workload"": ""sleep""}}}, ""system"": {""cpu_affinity"": true, ""flux_time_limit"": ""3m"", ""max_cores_per_node"": 112, ""max_gpus_per_node"": 0, ""queue"": ""pbatch"", ""slurm_time_limit"": ""00:03:00"", ""sys_nodes"": 1}}",3,dane/SO_C
f669bfb81f,"{""config"": {""instance_level"": {""0"": {""match_policy"": ""first"", ""queue_depth"": 32, ""queue_policy"": ""fcfs"", ""reservation_depth"": 64}, ""1"": {""match_policy"": ""first"", ""queue_depth"": 32, ""queue_policy"": ""fcfs"", ""reservation_depth"": 64}, ""2"": {""job_request_cores_per_task"": 1, ""job_request_gpus_per_task"": 0, ""job_request_nodes"": 1, ""job_request_ntasks_per_node"": 1, ""job_request_time"": ""30s"", ""match_policy"": ""first"", ""n_jobs"": 1000, ""problem_class"": ""A"", ""queue_depth"": 32, ""queue_policy"": ""hybrid"", ""reservation_depth"": 64, ""workload"": ""sleep""}}}, ""system"": {""cpu_affinity"": true, ""flux_time_limit"": ""3m"", ""max_cores_per_node"": 112, ""max_gpus_per_node"": 0, ""queue"": ""pbatch"", ""slurm_time_limit"": ""00:03:00"", ""sys_nodes"": 1}}",4,dane/SO_C
f669bfb81f,"{""config"": {""instance_level"": {""0"": {""match_policy"": ""first"", ""queue_depth"": 32, ""queue_policy"": ""fcfs"", ""reservation_depth"": 64}, ""1"": {""match_policy"": ""first"", ""queue_depth"": 32, ""queue_policy"": ""fcfs"", ""reservation_depth"": 64}, ""2"": {""job_request_cores_per_task"": 1, ""job_request_gpus_per_task"": 0, ""job_request_nodes"": 1, ""job_request_ntasks_per_node"": 1, ""job_request_time"": ""30s"", ""match_policy"": ""first"", ""n_jobs"": 1000, ""problem_class"": ""A"", ""queue_depth"": 32, ""queue_policy"": ""hybrid"", ""reservation_depth"": 64, ""workload"": ""sleep""}}}, ""system"": {""cpu_affinity"": true, ""flux_time_limit"": ""3m"", ""max_cores_per_node"": 112, ""max_gpus_per_node"": 0, ""queue"": ""pbatch"", ""slurm_time_limit"": ""00:03:00"", ""sys_nodes"": 1}}",5,dane/SO_C
59f31d9b0b,"{""config"": {""instance_level"": {""0"": {""match_policy"": ""first"", ""queue_depth"": 32, ""queue_policy"": ""fcfs"", ""reservation_depth"": 64}, ""1"": {""match_policy"": ""first"", ""queue_depth"": 32, ""queue_policy"": ""fcfs"", ""reservation_depth"": 64}, ""2"": {""job_request_cores_per_task"": 14, ""job_request_gpus_per_task"": 0, ""job_request_nodes"": 1, ""job_request_ntasks_per_node"": 1, ""job_request_time"": ""30s"", ""match_policy"": ""first"", ""n_jobs"": 1000, ""problem_class"": ""A"", ""queue_depth"": 32, ""queue_policy"": ""hybrid"", ""reservation_depth"": 64, ""workload"": ""sleep""}}}, ""system"": {""cpu_affinity"": true, ""flux_time_limit"": ""3m"", ""max_cores_per_node"": 112, ""max_gpus_per_node"": 0, ""queue"": ""pbatch"", ""slurm_time_limit"": ""00:03:00"", ""sys_nodes"": 1}}",1,dane/SO_C
59f31d9b0b,"{""config"": {""instance_level"": {""0"": {""match_policy"": ""first"", ""queue_depth"": 32, ""queue_policy"": ""fcfs"", ""reservation_depth"": 64}, ""1"": {""match_policy"": ""first"", ""queue_depth"": 32, ""queue_policy"": ""fcfs"", ""reservation_depth"": 64}, ""2"": {""job_request_cores_per_task"": 14, ""job_request_gpus_per_task"": 0, ""job_request_nodes"": 1, ""job_request_ntasks_per_node"": 1, ""job_request_time"": ""30s"", ""match_policy"": ""first"", ""n_jobs"": 1000, ""problem_class"": ""A"", ""queue_depth"": 32, ""queue_policy"": ""hybrid"", ""reservation_depth"": 64, ""workload"": ""sleep""}}}, ""system"": {""cpu_affinity"": true, ""flux_time_limit"": ""3m"", ""max_cores_per_node"": 112, ""max_gpus_per_node"": 0, ""queue"": ""pbatch"", ""slurm_time_limit"": ""00:03:00"", ""sys_nodes"": 1}}",2,dane/SO_C
59f31d9b0b,"{""config"": {""instance_level"": {""0"": {""match_policy"": ""first"", ""queue_depth"": 32, ""queue_policy"": ""fcfs"", ""reservation_depth"": 64}, ""1"": {""match_policy"": ""first"", ""queue_depth"": 32, ""queue_policy"": ""fcfs"", ""reservation_depth"": 64}, ""2"": {""job_request_cores_per_task"": 14, ""job_request_gpus_per_task"": 0, ""job_request_nodes"": 1, ""job_request_ntasks_per_node"": 1, ""job_request_time"": ""30s"", ""match_policy"": ""first"", ""n_jobs"": 1000, ""problem_class"": ""A"", ""queue_depth"": 32, ""queue_policy"": ""hybrid"", ""reservation_depth"": 64, ""workload"": ""sleep""}}}, ""system"": {""cpu_affinity"": true, ""flux_time_limit"": ""3m"", ""max_cores_per_node"": 112, ""max_gpus_per_node"": 0, ""queue"": ""pbatch"", ""slurm_time_limit"": ""00:03:00"", ""sys_nodes"": 1}}",3,dane/SO_C
59f31d9b0b,"{""config"": {""instance_level"": {""0"": {""match_policy"": ""first"", ""queue_depth"": 32, ""queue_policy"": ""fcfs"", ""reservation_depth"": 64}, ""1"": {""match_policy"": ""first"", ""queue_depth"": 32, ""queue_policy"": ""fcfs"", ""reservation_depth"": 64}, ""2"": {""job_request_cores_per_task"": 14, ""job_request_gpus_per_task"": 0, ""job_request_nodes"": 1, ""job_request_ntasks_per_node"": 1, ""job_request_time"": ""30s"", ""match_policy"": ""first"", ""n_jobs"": 1000, ""problem_class"": ""A"", ""queue_depth"": 32, ""queue_policy"": ""hybrid"", ""reservation_depth"": 64, ""workload"": ""sleep""}}}, ""system"": {""cpu_affinity"": true, ""flux_time_limit"": ""3m"", ""max_cores_per_node"": 112, ""max_gpus_per_node"": 0, ""queue"": ""pbatch"", ""slurm_time_limit"": ""00:03:00"", ""sys_nodes"": 1}}",4,dane/SO_C
59f31d9b0b,"{""config"": {""instance_level"": {""0"": {""match_policy"": ""first"", ""queue_depth"": 32, ""queue_policy"": ""fcfs"", ""reservation_depth"": 64}, ""1"": {""match_policy"": ""first"", ""queue_depth"": 32, ""queue_policy"": ""fcfs"", ""reservation_depth"": 64}, ""2"": {""job_request_cores_per_task"": 14, ""job_request_gpus_per_task"": 0, ""job_request_nodes"": 1, ""job_request_ntasks_per_node"": 1, ""job_request_time"": ""30s"", ""match_policy"": ""first"", ""n_jobs"": 1000, ""problem_class"": ""A"", ""queue_depth"": 32, ""queue_policy"": ""hybrid"", ""reservation_depth"": 64, ""workload"": ""sleep""}}}, ""system"": {""cpu_affinity"": true, ""flux_time_limit"": ""3m"", ""max_cores_per_node"": 112, ""max_gpus_per_node"": 0, ""queue"": ""pbatch"", ""slurm_time_limit"": ""00:03:00"", ""sys_nodes"": 1}}",5,dane/SO_C
87f65454a7,"{""config"": {""instance_level"": {""0"": {""match_policy"": ""first"", ""queue_depth"": 32, ""queue_policy"": ""fcfs"", ""reservation_depth"": 64}, ""1"": {""match_policy"": ""first"", ""queue_depth"": 32, ""queue_policy"": ""fcfs"", ""reservation_depth"": 64}, ""2"": {""job_request_cores_per_task"": 1, ""job_request_gpus_per_task"": 0, ""job_request_nodes"": 1, ""job_request_ntasks_per_node"": 1, ""job_request_time"": ""30s"", ""match_policy"": ""low"", ""n_jobs"": 1000, ""problem_class"": ""A"", ""queue_depth"": 32, ""queue_policy"": ""fcfs"", ""reservation_depth"": 64, ""workload"": ""sleep""}}}, ""system"": {""cpu_affinity"": true, ""flux_time_limit"": ""3m"", ""max_cores_per_node"": 112, ""max_gpus_per_node"": 0, ""queue"": ""pbatch"", ""slurm_time_limit"": ""00:03:00"", ""sys_nodes"": 1}}",1,dane/SO_C
87f65454a7,"{""config"": {""instance_level"": {""0"": {""match_policy"": ""first"", ""queue_depth"": 32, ""queue_policy"": ""fcfs"", ""reservation_depth"": 64}, ""1"": {""match_policy"": ""first"", ""queue_depth"": 32, ""queue_policy"": ""fcfs"", ""reservation_depth"": 64}, ""2"": {""job_request_cores_per_task"": 1, ""job_request_gpus_per_task"": 0, ""job_request_nodes"": 1, ""job_request_ntasks_per_node"": 1, ""job_request_time"": ""30s"", ""match_policy"": ""low"", ""n_jobs"": 1000, ""problem_class"": ""A"", ""queue_depth"": 32, ""queue_policy"": ""fcfs"", ""reservation_depth"": 64, ""workload"": ""sleep""}}}, ""system"": {""cpu_affinity"": true, ""flux_time_limit"": ""3m"", ""max_cores_per_node"": 112, ""max_gpus_per_node"": 0, ""queue"": ""pbatch"", ""slurm_time_limit"": ""00:03:00"", ""sys_nodes"": 1}}",2,dane/SO_C
87f65454a7,"{""config"": {""instance_level"": {""0"": {""match_policy"": ""first"", ""queue_depth"": 32, ""queue_policy"": ""fcfs"", ""reservation_depth"": 64}, ""1"": {""match_policy"": ""first"", ""queue_depth"": 32, ""queue_policy"": ""fcfs"", ""reservation_depth"": 64}, ""2"": {""job_request_cores_per_task"": 1, ""job_request_gpus_per_task"": 0, ""job_request_nodes"": 1, ""job_request_ntasks_per_node"": 1, ""job_request_time"": ""30s"", ""match_policy"": ""low"", ""n_jobs"": 1000, ""problem_class"": ""A"", ""queue_depth"": 32, ""queue_policy"": ""fcfs"", ""reservation_depth"": 64, ""workload"": ""sleep""}}}, ""system"": {""cpu_affinity"": true, ""flux_time_limit"": ""3m"", ""max_cores_per_node"": 112, ""max_gpus_per_node"": 0, ""queue"": ""pbatch"", ""slurm_time_limit"": ""00:03:00"", ""sys_nodes"": 1}}",3,dane/SO_C
87f65454a7,"{""config"": {""instance_level"": {""0"": {""match_policy"": ""first"", ""queue_depth"": 32, ""queue_policy"": ""fcfs"", ""reservation_depth"": 64}, ""1"": {""match_policy"": ""first"", ""queue_depth"": 32, ""queue_policy"": ""fcfs"", ""reservation_depth"": 64}, ""2"": {""job_request_cores_per_task"": 1, ""job_request_gpus_per_task"": 0, ""job_request_nodes"": 1, ""job_request_ntasks_per_node"": 1, ""job_request_time"": ""30s"", ""match_policy"": ""low"", ""n_jobs"": 1000, ""problem_class"": ""A"", ""queue_depth"": 32, ""queue_policy"": ""fcfs"", ""reservation_depth"": 64, ""workload"": ""sleep""}}}, ""system"": {""cpu_affinity"": true, ""flux_time_limit"": ""3m"", ""max_cores_per_node"": 112, ""max_gpus_per_node"": 0, ""queue"": ""pbatch"", ""slurm_time_limit"": ""00:03:00"", ""sys_nodes"": 1}}",4,dane/SO_C
87f65454a7,"{""config"": {""instance_level"": {""0"": {""match_policy"": ""first"", ""queue_depth"": 32, ""queue_policy"": ""fcfs"", ""reservation_depth"": 64}, ""1"": {""match_policy"": ""first"", ""queue_depth"": 32, ""queue_policy"": ""fcfs"", ""reservation_depth"": 64}, ""2"": {""job_request_cores_per_task"": 1, ""job_request_gpus_per_task"": 0, ""job_request_nodes"": 1, ""job_request_ntasks_per_node"": 1, ""job_request_time"": ""30s"", ""match_policy"": ""low"", ""n_jobs"": 1000, ""problem_class"": ""A"", ""queue_depth"": 32, ""queue_policy"": ""fcfs"", ""reservation_depth"": 64, ""workload"": ""sleep""}}}, ""system"": {""cpu_affinity"": true, ""flux_time_limit"": ""3m"", ""max_cores_per_node"": 112, ""max_gpus_per_node"": 0, ""queue"": ""pbatch"", ""slurm_time_limit"": ""00:03:00"", ""sys_nodes"": 1}}",5,dane/SO_C
bb4843ce6a,"{""config"": {""instance_level"": {""0"": {""match_policy"": ""first"", ""queue_depth"": 32, ""queue_policy"": ""fcfs"", ""reservation_depth"": 64}, ""1"": {""match_policy"": ""first"", ""queue_depth"": 32, ""queue_policy"": ""fcfs"", ""reservation_depth"": 64}, ""2"": {""job_request_cores_per_task"": 14, ""job_request_gpus_per_task"": 0, ""job_request_nodes"": 1, ""job_request_ntasks_per_node"": 1, ""job_request_time"": ""30s"", ""match_policy"": ""low"", ""n_jobs"": 1000, ""problem_class"": ""A"", ""queue_depth"": 32, ""queue_policy"": ""fcfs"", ""reservation_depth"": 64, ""workload"": ""sleep""}}}, ""system"": {""cpu_affinity"": true, ""flux_time_limit"": ""3m"", ""max_cores_per_node"": 112, ""max_gpus_per_node"": 0, ""queue"": ""pbatch"", ""slurm_time_limit"": ""00:03:00"", ""sys_nodes"": 1}}",1,dane/SO_C
bb4843ce6a,"{""config"": {""instance_level"": {""0"": {""match_policy"": ""first"", ""queue_depth"": 32, ""queue_policy"": ""fcfs"", ""reservation_depth"": 64}, ""1"": {""match_policy"": ""first"", ""queue_depth"": 32, ""queue_policy"": ""fcfs"", ""reservation_depth"": 64}, ""2"": {""job_request_cores_per_task"": 14, ""job_request_gpus_per_task"": 0, ""job_request_nodes"": 1, ""job_request_ntasks_per_node"": 1, ""job_request_time"": ""30s"", ""match_policy"": ""low"", ""n_jobs"": 1000, ""problem_class"": ""A"", ""queue_depth"": 32, ""queue_policy"": ""fcfs"", ""reservation_depth"": 64, ""workload"": ""sleep""}}}, ""system"": {""cpu_affinity"": true, ""flux_time_limit"": ""3m"", ""max_cores_per_node"": 112, ""max_gpus_per_node"": 0, ""queue"": ""pbatch"", ""slurm_time_limit"": ""00:03:00"", ""sys_nodes"": 1}}",2,dane/SO_C
bb4843ce6a,"{""config"": {""instance_level"": {""0"": {""match_policy"": ""first"", ""queue_depth"": 32, ""queue_policy"": ""fcfs"", ""reservation_depth"": 64}, ""1"": {""match_policy"": ""first"", ""queue_depth"": 32, ""queue_policy"": ""fcfs"", ""reservation_depth"": 64}, ""2"": {""job_request_cores_per_task"": 14, ""job_request_gpus_per_task"": 0, ""job_request_nodes"": 1, ""job_request_ntasks_per_node"": 1, ""job_request_time"": ""30s"", ""match_policy"": ""low"", ""n_jobs"": 1000, ""problem_class"": ""A"", ""queue_depth"": 32, ""queue_policy"": ""fcfs"", ""reservation_depth"": 64, ""workload"": ""sleep""}}}, ""system"": {""cpu_affinity"": true, ""flux_time_limit"": ""3m"", ""max_cores_per_node"": 112, ""max_gpus_per_node"": 0, ""queue"": ""pbatch"", ""slurm_time_limit"": ""00:03:00"", ""sys_nodes"": 1}}",3,dane/SO_C
bb4843ce6a,"{""config"": {""instance_level"": {""0"": {""match_policy"": ""first"", ""queue_depth"": 32, ""queue_policy"": ""fcfs"", ""reservation_depth"": 64}, ""1"": {""match_policy"": ""first"", ""queue_depth"": 32, ""queue_policy"": ""fcfs"", ""reservation_depth"": 64}, ""2"": {""job_request_cores_per_task"": 14, ""job_request_gpus_per_task"": 0, ""job_request_nodes"": 1, ""job_request_ntasks_per_node"": 1, ""job_request_time"": ""30s"", ""match_policy"": ""low"", ""n_jobs"": 1000, ""problem_class"": ""A"", ""queue_depth"": 32, ""queue_policy"": ""fcfs"", ""reservation_depth"": 64, ""workload"": ""sleep""}}}, ""system"": {""cpu_affinity"": true, ""flux_time_limit"": ""3m"", ""max_cores_per_node"": 112, ""max_gpus_per_node"": 0, ""queue"": ""pbatch"", ""slurm_time_limit"": ""00:03:00"", ""sys_nodes"": 1}}",4,dane/SO_C
bb4843ce6a,"{""config"": {""instance_level"": {""0"": {""match_policy"": ""first"", ""queue_depth"": 32, ""queue_policy"": ""fcfs"", ""reservation_depth"": 64}, ""1"": {""match_policy"": ""first"", ""queue_depth"": 32, ""queue_policy"": ""fcfs"", ""reservation_depth"": 64}, ""2"": {""job_request_cores_per_task"": 14, ""job_request_gpus_per_task"": 0, ""job_request_nodes"": 1, ""job_request_ntasks_per_node"": 1, ""job_request_time"": ""30s"", ""match_policy"": ""low"", ""n_jobs"": 1000, ""problem_class"": ""A"", ""queue_depth"": 32, ""queue_policy"": ""fcfs"", ""reservation_depth"": 64, ""workload"": ""sleep""}}}, ""system"": {""cpu_affinity"": true, ""flux_time_limit"": ""3m"", ""max_cores_per_node"": 112, ""max_gpus_per_node"": 0, ""queue"": ""pbatch"", ""slurm_time_limit"": ""00:03:00"", ""sys_nodes"": 1}}",5,dane/SO_C
5c2787b81a,"{""config"": {""instance_level"": {""0"": {""match_policy"": ""first"", ""queue_depth"": 32, ""queue_policy"": ""fcfs"", ""reservation_depth"": 64}, ""1"": {""match_policy"": ""first"", ""queue_depth"": 32, ""queue_policy"": ""fcfs"", ""reservation_depth"": 64}, ""2"": {""job_request_cores_per_task"": 1, ""job_request_gpus_per_task"": 0, ""job_request_nodes"": 1, ""job_request_ntasks_per_node"": 1, ""job_request_time"": ""30s"", ""match_policy"": ""low"", ""n_jobs"": 1000, ""problem_class"": ""A"", ""queue_depth"": 32, ""queue_policy"": ""hybrid"", ""reservation_depth"": 64, ""workload"": ""sleep""}}}, ""system"": {""cpu_affinity"": true, ""flux_time_limit"": ""3m"", ""max_cores_per_node"": 112, ""max_gpus_per_node"": 0, ""queue"": ""pbatch"", ""slurm_time_limit"": ""00:03:00"", ""sys_nodes"": 1}}",1,dane/SO_C
5c2787b81a,"{""config"": {""instance_level"": {""0"": {""match_policy"": ""first"", ""queue_depth"": 32, ""queue_policy"": ""fcfs"", ""reservation_depth"": 64}, ""1"": {""match_policy"": ""first"", ""queue_depth"": 32, ""queue_policy"": ""fcfs"", ""reservation_depth"": 64}, ""2"": {""job_request_cores_per_task"": 1, ""job_request_gpus_per_task"": 0, ""job_request_nodes"": 1, ""job_request_ntasks_per_node"": 1, ""job_request_time"": ""30s"", ""match_policy"": ""low"", ""n_jobs"": 1000, ""problem_class"": ""A"", ""queue_depth"": 32, ""queue_policy"": ""hybrid"", ""reservation_depth"": 64, ""workload"": ""sleep""}}}, ""system"": {""cpu_affinity"": true, ""flux_time_limit"": ""3m"", ""max_cores_per_node"": 112, ""max_gpus_per_node"": 0, ""queue"": ""pbatch"", ""slurm_time_limit"": ""00:03:00"", ""sys_nodes"": 1}}",2,dane/SO_C
5c2787b81a,"{""config"": {""instance_level"": {""0"": {""match_policy"": ""first"", ""queue_depth"": 32, ""queue_policy"": ""fcfs"", ""reservation_depth"": 64}, ""1"": {""match_policy"": ""first"", ""queue_depth"": 32, ""queue_policy"": ""fcfs"", ""reservation_depth"": 64}, ""2"": {""job_request_cores_per_task"": 1, ""job_request_gpus_per_task"": 0, ""job_request_nodes"": 1, ""job_request_ntasks_per_node"": 1, ""job_request_time"": ""30s"", ""match_policy"": ""low"", ""n_jobs"": 1000, ""problem_class"": ""A"", ""queue_depth"": 32, ""queue_policy"": ""hybrid"", ""reservation_depth"": 64, ""workload"": ""sleep""}}}, ""system"": {""cpu_affinity"": true, ""flux_time_limit"": ""3m"", ""max_cores_per_node"": 112, ""max_gpus_per_node"": 0, ""queue"": ""pbatch"", ""slurm_time_limit"": ""00:03:00"", ""sys_nodes"": 1}}",3,dane/SO_C
5c2787b81a,"{""config"": {""instance_level"": {""0"": {""match_policy"": ""first"", ""queue_depth"": 32, ""queue_policy"": ""fcfs"", ""reservation_depth"": 64}, ""1"": {""match_policy"": ""first"", ""queue_depth"": 32, ""queue_policy"": ""fcfs"", ""reservation_depth"": 64}, ""2"": {""job_request_cores_per_task"": 1, ""job_request_gpus_per_task"": 0, ""job_request_nodes"": 1, ""job_request_ntasks_per_node"": 1, ""job_request_time"": ""30s"", ""match_policy"": ""low"", ""n_jobs"": 1000, ""problem_class"": ""A"", ""queue_depth"": 32, ""queue_policy"": ""hybrid"", ""reservation_depth"": 64, ""workload"": ""sleep""}}}, ""system"": {""cpu_affinity"": true, ""flux_time_limit"": ""3m"", ""max_cores_per_node"": 112, ""max_gpus_per_node"": 0, ""queue"": ""pbatch"", ""slurm_time_limit"": ""00:03:00"", ""sys_nodes"": 1}}",4,dane/SO_C
5c2787b81a,"{""config"": {""instance_level"": {""0"": {""match_policy"": ""first"", ""queue_depth"": 32, ""queue_policy"": ""fcfs"", ""reservation_depth"": 64}, ""1"": {""match_policy"": ""first"", ""queue_depth"": 32, ""queue_policy"": ""fcfs"", ""reservation_depth"": 64}, ""2"": {""job_request_cores_per_task"": 1, ""job_request_gpus_per_task"": 0, ""job_request_nodes"": 1, ""job_request_ntasks_per_node"": 1, ""job_request_time"": ""30s"", ""match_policy"": ""low"", ""n_jobs"": 1000, ""problem_class"": ""A"", ""queue_depth"": 32, ""queue_policy"": ""hybrid"", ""reservation_depth"": 64, ""workload"": ""sleep""}}}, ""system"": {""cpu_affinity"": true, ""flux_time_limit"": ""3m"", ""max_cores_per_node"": 112, ""max_gpus_per_node"": 0, ""queue"": ""pbatch"", ""slurm_time_limit"": ""00:03:00"", ""sys_nodes"": 1}}",5,dane/SO_C
b9ad5b1032,"{""config"": {""instance_level"": {""0"": {""match_policy"": ""first"", ""queue_depth"": 32, ""queue_policy"": ""fcfs"", ""reservation_depth"": 64}, ""1"": {""match_policy"": ""first"", ""queue_depth"": 32, ""queue_policy"": ""fcfs"", ""reservation_depth"": 64}, ""2"": {""job_request_cores_per_task"": 14, ""job_request_gpus_per_task"": 0, ""job_request_nodes"": 1, ""job_request_ntasks_per_node"": 1, ""job_request_time"": ""30s"", ""match_policy"": ""low"", ""n_jobs"": 1000, ""problem_class"": ""A"", ""queue_depth"": 32, ""queue_policy"": ""hybrid"", ""reservation_depth"": 64, ""workload"": ""sleep""}}}, ""system"": {""cpu_affinity"": true, ""flux_time_limit"": ""3m"", ""max_cores_per_node"": 112, ""max_gpus_per_node"": 0, ""queue"": ""pbatch"", ""slurm_time_limit"": ""00:03:00"", ""sys_nodes"": 1}}",1,dane/SO_C
b9ad5b1032,"{""config"": {""instance_level"": {""0"": {""match_policy"": ""first"", ""queue_depth"": 32, ""queue_policy"": ""fcfs"", ""reservation_depth"": 64}, ""1"": {""match_policy"": ""first"", ""queue_depth"": 32, ""queue_policy"": ""fcfs"", ""reservation_depth"": 64}, ""2"": {""job_request_cores_per_task"": 14, ""job_request_gpus_per_task"": 0, ""job_request_nodes"": 1, ""job_request_ntasks_per_node"": 1, ""job_request_time"": ""30s"", ""match_policy"": ""low"", ""n_jobs"": 1000, ""problem_class"": ""A"", ""queue_depth"": 32, ""queue_policy"": ""hybrid"", ""reservation_depth"": 64, ""workload"": ""sleep""}}}, ""system"": {""cpu_affinity"": true, ""flux_time_limit"": ""3m"", ""max_cores_per_node"": 112, ""max_gpus_per_node"": 0, ""queue"": ""pbatch"", ""slurm_time_limit"": ""00:03:00"", ""sys_nodes"": 1}}",2,dane/SO_C
b9ad5b1032,"{""config"": {""instance_level"": {""0"": {""match_policy"": ""first"", ""queue_depth"": 32, ""queue_policy"": ""fcfs"", ""reservation_depth"": 64}, ""1"": {""match_policy"": ""first"", ""queue_depth"": 32, ""queue_policy"": ""fcfs"", ""reservation_depth"": 64}, ""2"": {""job_request_cores_per_task"": 14, ""job_request_gpus_per_task"": 0, ""job_request_nodes"": 1, ""job_request_ntasks_per_node"": 1, ""job_request_time"": ""30s"", ""match_policy"": ""low"", ""n_jobs"": 1000, ""problem_class"": ""A"", ""queue_depth"": 32, ""queue_policy"": ""hybrid"", ""reservation_depth"": 64, ""workload"": ""sleep""}}}, ""system"": {""cpu_affinity"": true, ""flux_time_limit"": ""3m"", ""max_cores_per_node"": 112, ""max_gpus_per_node"": 0, ""queue"": ""pbatch"", ""slurm_time_limit"": ""00:03:00"", ""sys_nodes"": 1}}",3,dane/SO_C
b9ad5b1032,"{""config"": {""instance_level"": {""0"": {""match_policy"": ""first"", ""queue_depth"": 32, ""queue_policy"": ""fcfs"", ""reservation_depth"": 64}, ""1"": {""match_policy"": ""first"", ""queue_depth"": 32, ""queue_policy"": ""fcfs"", ""reservation_depth"": 64}, ""2"": {""job_request_cores_per_task"": 14, ""job_request_gpus_per_task"": 0, ""job_request_nodes"": 1, ""job_request_ntasks_per_node"": 1, ""job_request_time"": ""30s"", ""match_policy"": ""low"", ""n_jobs"": 1000, ""problem_class"": ""A"", ""queue_depth"": 32, ""queue_policy"": ""hybrid"", ""reservation_depth"": 64, ""workload"": ""sleep""}}}, ""system"": {""cpu_affinity"": true, ""flux_time_limit"": ""3m"", ""max_cores_per_node"": 112, ""max_gpus_per_node"": 0, ""queue"": ""pbatch"", ""slurm_time_limit"": ""00:03:00"", ""sys_nodes"": 1}}",4,dane/SO_C
b9ad5b1032,"{""config"": {""instance_level"": {""0"": {""match_policy"": ""first"", ""queue_depth"": 32, ""queue_policy"": ""fcfs"", ""reservation_depth"": 64}, ""1"": {""match_policy"": ""first"", ""queue_depth"": 32, ""queue_policy"": ""fcfs"", ""reservation_depth"": 64}, ""2"": {""job_request_cores_per_task"": 14, ""job_request_gpus_per_task"": 0, ""job_request_nodes"": 1, ""job_request_ntasks_per_node"": 1, ""job_request_time"": ""30s"", ""match_policy"": ""low"", ""n_jobs"": 1000, ""problem_class"": ""A"", ""queue_depth"": 32, ""queue_policy"": ""hybrid"", ""reservation_depth"": 64, ""workload"": ""sleep""}}}, ""system"": {""cpu_affinity"": true, ""flux_time_limit"": ""3m"", ""max_cores_per_node"": 112, ""max_gpus_per_node"": 0, ""queue"": ""pbatch"", ""slurm_time_limit"": ""00:03:00"", ""sys_nodes"": 1}}",5,dane/SO_C
eddc339e57,"{""config"": {""instance_level"": {""0"": {""match_policy"": ""first"", ""queue_depth"": 32, ""queue_policy"": ""fcfs"", ""reservation_depth"": 64}, ""1"": {""match_policy"": ""first"", ""queue_depth"": 32, ""queue_policy"": ""hybrid"", ""reservation_depth"": 64}, ""2"": {""job_request_cores_per_task"": 1, ""job_request_gpus_per_task"": 0, ""job_request_nodes"": 1, ""job_request_ntasks_per_node"": 1, ""job_request_time"": ""30s"", ""match_policy"": ""first"", ""n_jobs"": 1000, ""problem_class"": ""A"", ""queue_depth"": 32, ""queue_policy"": ""fcfs"", ""reservation_depth"": 64, ""workload"": ""sleep""}}}, ""system"": {""cpu_affinity"": true, ""flux_time_limit"": ""3m"", ""max_cores_per_node"": 112, ""max_gpus_per_node"": 0, ""queue"": ""pbatch"", ""slurm_time_limit"": ""00:03:00"", ""sys_nodes"": 1}}",1,dane/SO_C
eddc339e57,"{""config"": {""instance_level"": {""0"": {""match_policy"": ""first"", ""queue_depth"": 32, ""queue_policy"": ""fcfs"", ""reservation_depth"": 64}, ""1"": {""match_policy"": ""first"", ""queue_depth"": 32, ""queue_policy"": ""hybrid"", ""reservation_depth"": 64}, ""2"": {""job_request_cores_per_task"": 1, ""job_request_gpus_per_task"": 0, ""job_request_nodes"": 1, ""job_request_ntasks_per_node"": 1, ""job_request_time"": ""30s"", ""match_policy"": ""first"", ""n_jobs"": 1000, ""problem_class"": ""A"", ""queue_depth"": 32, ""queue_policy"": ""fcfs"", ""reservation_depth"": 64, ""workload"": ""sleep""}}}, ""system"": {""cpu_affinity"": true, ""flux_time_limit"": ""3m"", ""max_cores_per_node"": 112, ""max_gpus_per_node"": 0, ""queue"": ""pbatch"", ""slurm_time_limit"": ""00:03:00"", ""sys_nodes"": 1}}",2,dane/SO_C
eddc339e57,"{""config"": {""instance_level"": {""0"": {""match_policy"": ""first"", ""queue_depth"": 32, ""queue_policy"": ""fcfs"", ""reservation_depth"": 64}, ""1"": {""match_policy"": ""first"", ""queue_depth"": 32, ""queue_policy"": ""hybrid"", ""reservation_depth"": 64}, ""2"": {""job_request_cores_per_task"": 1, ""job_request_gpus_per_task"": 0, ""job_request_nodes"": 1, ""job_request_ntasks_per_node"": 1, ""job_request_time"": ""30s"", ""match_policy"": ""first"", ""n_jobs"": 1000, ""problem_class"": ""A"", ""queue_depth"": 32, ""queue_policy"": ""fcfs"", ""reservation_depth"": 64, ""workload"": ""sleep""}}}, ""system"": {""cpu_affinity"": true, ""flux_time_limit"": ""3m"", ""max_cores_per_node"": 112, ""max_gpus_per_node"": 0, ""queue"": ""pbatch"", ""slurm_time_limit"": ""00:03:00"", ""sys_nodes"": 1}}",3,dane/SO_C
eddc339e57,"{""config"": {""instance_level"": {""0"": {""match_policy"": ""first"", ""queue_depth"": 32, ""queue_policy"": ""fcfs"", ""reservation_depth"": 64}, ""1"": {""match_policy"": ""first"", ""queue_depth"": 32, ""queue_policy"": ""hybrid"", ""reservation_depth"": 64}, ""2"": {""job_request_cores_per_task"": 1, ""job_request_gpus_per_task"": 0, ""job_request_nodes"": 1, ""job_request_ntasks_per_node"": 1, ""job_request_time"": ""30s"", ""match_policy"": ""first"", ""n_jobs"": 1000, ""problem_class"": ""A"", ""queue_depth"": 32, ""queue_policy"": ""fcfs"", ""reservation_depth"": 64, ""workload"": ""sleep""}}}, ""system"": {""cpu_affinity"": true, ""flux_time_limit"": ""3m"", ""max_cores_per_node"": 112, ""max_gpus_per_node"": 0, ""queue"": ""pbatch"", ""slurm_time_limit"": ""00:03:00"", ""sys_nodes"": 1}}",4,dane/SO_C
eddc339e57,"{""config"": {""instance_level"": {""0"": {""match_policy"": ""first"", ""queue_depth"": 32, ""queue_policy"": ""fcfs"", ""reservation_depth"": 64}, ""1"": {""match_policy"": ""first"", ""queue_depth"": 32, ""queue_policy"": ""hybrid"", ""reservation_depth"": 64}, ""2"": {""job_request_cores_per_task"": 1, ""job_request_gpus_per_task"": 0, ""job_request_nodes"": 1, ""job_request_ntasks_per_node"": 1, ""job_request_time"": ""30s"", ""match_policy"": ""first"", ""n_jobs"": 1000, ""problem_class"": ""A"", ""queue_depth"": 32, ""queue_policy"": ""fcfs"", ""reservation_depth"": 64, ""workload"": ""sleep""}}}, ""system"": {""cpu_affinity"": true, ""flux_time_limit"": ""3m"", ""max_cores_per_node"": 112, ""max_gpus_per_node"": 0, ""queue"": ""pbatch"", ""slurm_time_limit"": ""00:03:00"", ""sys_nodes"": 1}}",5,dane/SO_C
7e2982e11e,"{""config"": {""instance_level"": {""0"": {""match_policy"": ""first"", ""queue_depth"": 32, ""queue_policy"": ""fcfs"", ""reservation_depth"": 64}, ""1"": {""match_policy"": ""first"", ""queue_depth"": 32, ""queue_policy"": ""hybrid"", ""reservation_depth"": 64}, ""2"": {""job_request_cores_per_task"": 14, ""job_request_gpus_per_task"": 0, ""job_request_nodes"": 1, ""job_request_ntasks_per_node"": 1, ""job_request_time"": ""30s"", ""match_policy"": ""first"", ""n_jobs"": 1000, ""problem_class"": ""A"", ""queue_depth"": 32, ""queue_policy"": ""fcfs"", ""reservation_depth"": 64, ""workload"": ""sleep""}}}, ""system"": {""cpu_affinity"": true, ""flux_time_limit"": ""3m"", ""max_cores_per_node"": 112, ""max_gpus_per_node"": 0, ""queue"": ""pbatch"", ""slurm_time_limit"": ""00:03:00"", ""sys_nodes"": 1}}",1,dane/SO_C
7e2982e11e,"{""config"": {""instance_level"": {""0"": {""match_policy"": ""first"", ""queue_depth"": 32, ""queue_policy"": ""fcfs"", ""reservation_depth"": 64}, ""1"": {""match_policy"": ""first"", ""queue_depth"": 32, ""queue_policy"": ""hybrid"", ""reservation_depth"": 64}, ""2"": {""job_request_cores_per_task"": 14, ""job_request_gpus_per_task"": 0, ""job_request_nodes"": 1, ""job_request_ntasks_per_node"": 1, ""job_request_time"": ""30s"", ""match_policy"": ""first"", ""n_jobs"": 1000, ""problem_class"": ""A"", ""queue_depth"": 32, ""queue_policy"": ""fcfs"", ""reservation_depth"": 64, ""workload"": ""sleep""}}}, ""system"": {""cpu_affinity"": true, ""flux_time_limit"": ""3m"", ""max_cores_per_node"": 112, ""max_gpus_per_node"": 0, ""queue"": ""pbatch"", ""slurm_time_limit"": ""00:03:00"", ""sys_nodes"": 1}}",2,dane/SO_C
7e2982e11e,"{""config"": {""instance_level"": {""0"": {""match_policy"": ""first"", ""queue_depth"": 32, ""queue_policy"": ""fcfs"", ""reservation_depth"": 64}, ""1"": {""match_policy"": ""first"", ""queue_depth"": 32, ""queue_policy"": ""hybrid"", ""reservation_depth"": 64}, ""2"": {""job_request_cores_per_task"": 14, ""job_request_gpus_per_task"": 0, ""job_request_nodes"": 1, ""job_request_ntasks_per_node"": 1, ""job_request_time"": ""30s"", ""match_policy"": ""first"", ""n_jobs"": 1000, ""problem_class"": ""A"", ""queue_depth"": 32, ""queue_policy"": ""fcfs"", ""reservation_depth"": 64, ""workload"": ""sleep""}}}, ""system"": {""cpu_affinity"": true, ""flux_time_limit"": ""3m"", ""max_cores_per_node"": 112, ""max_gpus_per_node"": 0, ""queue"": ""pbatch"", ""slurm_time_limit"": ""00:03:00"", ""sys_nodes"": 1}}",3,dane/SO_C
7e2982e11e,"{""config"": {""instance_level"": {""0"": {""match_policy"": ""first"", ""queue_depth"": 32, ""queue_policy"": ""fcfs"", ""reservation_depth"": 64}, ""1"": {""match_policy"": ""first"", ""queue_depth"": 32, ""queue_policy"": ""hybrid"", ""reservation_depth"": 64}, ""2"": {""job_request_cores_per_task"": 14, ""job_request_gpus_per_task"": 0, ""job_request_nodes"": 1, ""job_request_ntasks_per_node"": 1, ""job_request_time"": ""30s"", ""match_policy"": ""first"", ""n_jobs"": 1000, ""problem_class"": ""A"", ""queue_depth"": 32, ""queue_policy"": ""fcfs"", ""reservation_depth"": 64, ""workload"": ""sleep""}}}, ""system"": {""cpu_affinity"": true, ""flux_time_limit"": ""3m"", ""max_cores_per_node"": 112, ""max_gpus_per_node"": 0, ""queue"": ""pbatch"", ""slurm_time_limit"": ""00:03:00"", ""sys_nodes"": 1}}",4,dane/SO_C
7e2982e11e,"{""config"": {""instance_level"": {""0"": {""match_policy"": ""first"", ""queue_depth"": 32, ""queue_policy"": ""fcfs"", ""reservation_depth"": 64}, ""1"": {""match_policy"": ""first"", ""queue_depth"": 32, ""queue_policy"": ""hybrid"", ""reservation_depth"": 64}, ""2"": {""job_request_cores_per_task"": 14, ""job_request_gpus_per_task"": 0, ""job_request_nodes"": 1, ""job_request_ntasks_per_node"": 1, ""job_request_time"": ""30s"", ""match_policy"": ""first"", ""n_jobs"": 1000, ""problem_class"": ""A"", ""queue_depth"": 32, ""queue_policy"": ""fcfs"", ""reservation_depth"": 64, ""workload"": ""sleep""}}}, ""system"": {""cpu_affinity"": true, ""flux_time_limit"": ""3m"", ""max_cores_per_node"": 112, ""max_gpus_per_node"": 0, ""queue"": ""pbatch"", ""slurm_time_limit"": ""00:03:00"", ""sys_nodes"": 1}}",5,dane/SO_C
bbe1c08a48,"{""config"": {""instance_level"": {""0"": {""match_policy"": ""first"", ""queue_depth"": 32, ""queue_policy"": ""fcfs"", ""reservation_depth"": 64}, ""1"": {""match_policy"": ""first"", ""queue_depth"": 32, ""queue_policy"": ""hybrid"", ""reservation_depth"": 64}, ""2"": {""job_request_cores_per_task"": 1, ""job_request_gpus_per_task"": 0, ""job_request_nodes"": 1, ""job_request_ntasks_per_node"": 1, ""job_request_time"": ""30s"", ""match_policy"": ""first"", ""n_jobs"": 1000, ""problem_class"": ""A"", ""queue_depth"": 32, ""queue_policy"": ""hybrid"", ""reservation_depth"": 64, ""workload"": ""sleep""}}}, ""system"": {""cpu_affinity"": true, ""flux_time_limit"": ""3m"", ""max_cores_per_node"": 112, ""max_gpus_per_node"": 0, ""queue"": ""pbatch"", ""slurm_time_limit"": ""00:03:00"", ""sys_nodes"": 1}}",1,dane/SO_C
bbe1c08a48,"{""config"": {""instance_level"": {""0"": {""match_policy"": ""first"", ""queue_depth"": 32, ""queue_policy"": ""fcfs"", ""reservation_depth"": 64}, ""1"": {""match_policy"": ""first"", ""queue_depth"": 32, ""queue_policy"": ""hybrid"", ""reservation_depth"": 64}, ""2"": {""job_request_cores_per_task"": 1, ""job_request_gpus_per_task"": 0, ""job_request_nodes"": 1, ""job_request_ntasks_per_node"": 1, ""job_request_time"": ""30s"", ""match_policy"": ""first"", ""n_jobs"": 1000, ""problem_class"": ""A"", ""queue_depth"": 32, ""queue_policy"": ""hybrid"", ""reservation_depth"": 64, ""workload"": ""sleep""}}}, ""system"": {""cpu_affinity"": true, ""flux_time_limit"": ""3m"", ""max_cores_per_node"": 112, ""max_gpus_per_node"": 0, ""queue"": ""pbatch"", ""slurm_time_limit"": ""00:03:00"", ""sys_nodes"": 1}}",2,dane/SO_C
bbe1c08a48,"{""config"": {""instance_level"": {""0"": {""match_policy"": ""first"", ""queue_depth"": 32, ""queue_policy"": ""fcfs"", ""reservation_depth"": 64}, ""1"": {""match_policy"": ""first"", ""queue_depth"": 32, ""queue_policy"": ""hybrid"", ""reservation_depth"": 64}, ""2"": {""job_request_cores_per_task"": 1, ""job_request_gpus_per_task"": 0, ""job_request_nodes"": 1, ""job_request_ntasks_per_node"": 1, ""job_request_time"": ""30s"", ""match_policy"": ""first"", ""n_jobs"": 1000, ""problem_class"": ""A"", ""queue_depth"": 32, ""queue_policy"": ""hybrid"", ""reservation_depth"": 64, ""workload"": ""sleep""}}}, ""system"": {""cpu_affinity"": true, ""flux_time_limit"": ""3m"", ""max_cores_per_node"": 112, ""max_gpus_per_node"": 0, ""queue"": ""pbatch"", ""slurm_time_limit"": ""00:03:00"", ""sys_nodes"": 1}}",3,dane/SO_C
bbe1c08a48,"{""config"": {""instance_level"": {""0"": {""match_policy"": ""first"", ""queue_depth"": 32, ""queue_policy"": ""fcfs"", ""reservation_depth"": 64}, ""1"": {""match_policy"": ""first"", ""queue_depth"": 32, ""queue_policy"": ""hybrid"", ""reservation_depth"": 64}, ""2"": {""job_request_cores_per_task"": 1, ""job_request_gpus_per_task"": 0, ""job_request_nodes"": 1, ""job_request_ntasks_per_node"": 1, ""job_request_time"": ""30s"", ""match_policy"": ""first"", ""n_jobs"": 1000, ""problem_class"": ""A"", ""queue_depth"": 32, ""queue_policy"": ""hybrid"", ""reservation_depth"": 64, ""workload"": ""sleep""}}}, ""system"": {""cpu_affinity"": true, ""flux_time_limit"": ""3m"", ""max_cores_per_node"": 112, ""max_gpus_per_node"": 0, ""queue"": ""pbatch"", ""slurm_time_limit"": ""00:03:00"", ""sys_nodes"": 1}}",4,dane/SO_C
bbe1c08a48,"{""config"": {""instance_level"": {""0"": {""match_policy"": ""first"", ""queue_depth"": 32, ""queue_policy"": ""fcfs"", ""reservation_depth"": 64}, ""1"": {""match_policy"": ""first"", ""queue_depth"": 32, ""queue_policy"": ""hybrid"", ""reservation_depth"": 64}, ""2"": {""job_request_cores_per_task"": 1, ""job_request_gpus_per_task"": 0, ""job_request_nodes"": 1, ""job_request_ntasks_per_node"": 1, ""job_request_time"": ""30s"", ""match_policy"": ""first"", ""n_jobs"": 1000, ""problem_class"": ""A"", ""queue_depth"": 32, ""queue_policy"": ""hybrid"", ""reservation_depth"": 64, ""workload"": ""sleep""}}}, ""system"": {""cpu_affinity"": true, ""flux_time_limit"": ""3m"", ""max_cores_per_node"": 112, ""max_gpus_per_node"": 0, ""queue"": ""pbatch"", ""slurm_time_limit"": ""00:03:00"", ""sys_nodes"": 1}}",5,dane/SO_C
2025b1719b,"{""config"": {""instance_level"": {""0"": {""match_policy"": ""first"", ""queue_depth"": 32, ""queue_policy"": ""fcfs"", ""reservation_depth"": 64}, ""1"": {""match_policy"": ""first"", ""queue_depth"": 32, ""queue_policy"": ""hybrid"", ""reservation_depth"": 64}, ""2"": {""job_request_cores_per_task"": 14, ""job_request_gpus_per_task"": 0, ""job_request_nodes"": 1, ""job_request_ntasks_per_node"": 1, ""job_request_time"": ""30s"", ""match_policy"": ""first"", ""n_jobs"": 1000, ""problem_class"": ""A"", ""queue_depth"": 32, ""queue_policy"": ""hybrid"", ""reservation_depth"": 64, ""workload"": ""sleep""}}}, ""system"": {""cpu_affinity"": true, ""flux_time_limit"": ""3m"", ""max_cores_per_node"": 112, ""max_gpus_per_node"": 0, ""queue"": ""pbatch"", ""slurm_time_limit"": ""00:03:00"", ""sys_nodes"": 1}}",1,dane/SO_C
2025b1719b,"{""config"": {""instance_level"": {""0"": {""match_policy"": ""first"", ""queue_depth"": 32, ""queue_policy"": ""fcfs"", ""reservation_depth"": 64}, ""1"": {""match_policy"": ""first"", ""queue_depth"": 32, ""queue_policy"": ""hybrid"", ""reservation_depth"": 64}, ""2"": {""job_request_cores_per_task"": 14, ""job_request_gpus_per_task"": 0, ""job_request_nodes"": 1, ""job_request_ntasks_per_node"": 1, ""job_request_time"": ""30s"", ""match_policy"": ""first"", ""n_jobs"": 1000, ""problem_class"": ""A"", ""queue_depth"": 32, ""queue_policy"": ""hybrid"", ""reservation_depth"": 64, ""workload"": ""sleep""}}}, ""system"": {""cpu_affinity"": true, ""flux_time_limit"": ""3m"", ""max_cores_per_node"": 112, ""max_gpus_per_node"": 0, ""queue"": ""pbatch"", ""slurm_time_limit"": ""00:03:00"", ""sys_nodes"": 1}}",2,dane/SO_C
2025b1719b,"{""config"": {""instance_level"": {""0"": {""match_policy"": ""first"", ""queue_depth"": 32, ""queue_policy"": ""fcfs"", ""reservation_depth"": 64}, ""1"": {""match_policy"": ""first"", ""queue_depth"": 32, ""queue_policy"": ""hybrid"", ""reservation_depth"": 64}, ""2"": {""job_request_cores_per_task"": 14, ""job_request_gpus_per_task"": 0, ""job_request_nodes"": 1, ""job_request_ntasks_per_node"": 1, ""job_request_time"": ""30s"", ""match_policy"": ""first"", ""n_jobs"": 1000, ""problem_class"": ""A"", ""queue_depth"": 32, ""queue_policy"": ""hybrid"", ""reservation_depth"": 64, ""workload"": ""sleep""}}}, ""system"": {""cpu_affinity"": true, ""flux_time_limit"": ""3m"", ""max_cores_per_node"": 112, ""max_gpus_per_node"": 0, ""queue"": ""pbatch"", ""slurm_time_limit"": ""00:03:00"", ""sys_nodes"": 1}}",3,dane/SO_C
2025b1719b,"{""config"": {""instance_level"": {""0"": {""match_policy"": ""first"", ""queue_depth"": 32, ""queue_policy"": ""fcfs"", ""reservation_depth"": 64}, ""1"": {""match_policy"": ""first"", ""queue_depth"": 32, ""queue_policy"": ""hybrid"", ""reservation_depth"": 64}, ""2"": {""job_request_cores_per_task"": 14, ""job_request_gpus_per_task"": 0, ""job_request_nodes"": 1, ""job_request_ntasks_per_node"": 1, ""job_request_time"": ""30s"", ""match_policy"": ""first"", ""n_jobs"": 1000, ""problem_class"": ""A"", ""queue_depth"": 32, ""queue_policy"": ""hybrid"", ""reservation_depth"": 64, ""workload"": ""sleep""}}}, ""system"": {""cpu_affinity"": true, ""flux_time_limit"": ""3m"", ""max_cores_per_node"": 112, ""max_gpus_per_node"": 0, ""queue"": ""pbatch"", ""slurm_time_limit"": ""00:03:00"", ""sys_nodes"": 1}}",4,dane/SO_C
2025b1719b,"{""config"": {""instance_level"": {""0"": {""match_policy"": ""first"", ""queue_depth"": 32, ""queue_policy"": ""fcfs"", ""reservation_depth"": 64}, ""1"": {""match_policy"": ""first"", ""queue_depth"": 32, ""queue_policy"": ""hybrid"", ""reservation_depth"": 64}, ""2"": {""job_request_cores_per_task"": 14, ""job_request_gpus_per_task"": 0, ""job_request_nodes"": 1, ""job_request_ntasks_per_node"": 1, ""job_request_time"": ""30s"", ""match_policy"": ""first"", ""n_jobs"": 1000, ""problem_class"": ""A"", ""queue_depth"": 32, ""queue_policy"": ""hybrid"", ""reservation_depth"": 64, ""workload"": ""sleep""}}}, ""system"": {""cpu_affinity"": true, ""flux_time_limit"": ""3m"", ""max_cores_per_node"": 112, ""max_gpus_per_node"": 0, ""queue"": ""pbatch"", ""slurm_time_limit"": ""00:03:00"", ""sys_nodes"": 1}}",5,dane/SO_C
800c29710f,"{""config"": {""instance_level"": {""0"": {""match_policy"": ""first"", ""queue_depth"": 32, ""queue_policy"": ""fcfs"", ""reservation_depth"": 64}, ""1"": {""match_policy"": ""first"", ""queue_depth"": 32, ""queue_policy"": ""hybrid"", ""reservation_depth"": 64}, ""2"": {""job_request_cores_per_task"": 1, ""job_request_gpus_per_task"": 0, ""job_request_nodes"": 1, ""job_request_ntasks_per_node"": 1, ""job_request_time"": ""30s"", ""match_policy"": ""low"", ""n_jobs"": 1000, ""problem_class"": ""A"", ""queue_depth"": 32, ""queue_policy"": ""fcfs"", ""reservation_depth"": 64, ""workload"": ""sleep""}}}, ""system"": {""cpu_affinity"": true, ""flux_time_limit"": ""3m"", ""max_cores_per_node"": 112, ""max_gpus_per_node"": 0, ""queue"": ""pbatch"", ""slurm_time_limit"": ""00:03:00"", ""sys_nodes"": 1}}",1,dane/SO_C
800c29710f,"{""config"": {""instance_level"": {""0"": {""match_policy"": ""first"", ""queue_depth"": 32, ""queue_policy"": ""fcfs"", ""reservation_depth"": 64}, ""1"": {""match_policy"": ""first"", ""queue_depth"": 32, ""queue_policy"": ""hybrid"", ""reservation_depth"": 64}, ""2"": {""job_request_cores_per_task"": 1, ""job_request_gpus_per_task"": 0, ""job_request_nodes"": 1, ""job_request_ntasks_per_node"": 1, ""job_request_time"": ""30s"", ""match_policy"": ""low"", ""n_jobs"": 1000, ""problem_class"": ""A"", ""queue_depth"": 32, ""queue_policy"": ""fcfs"", ""reservation_depth"": 64, ""workload"": ""sleep""}}}, ""system"": {""cpu_affinity"": true, ""flux_time_limit"": ""3m"", ""max_cores_per_node"": 112, ""max_gpus_per_node"": 0, ""queue"": ""pbatch"", ""slurm_time_limit"": ""00:03:00"", ""sys_nodes"": 1}}",2,dane/SO_C
800c29710f,"{""config"": {""instance_level"": {""0"": {""match_policy"": ""first"", ""queue_depth"": 32, ""queue_policy"": ""fcfs"", ""reservation_depth"": 64}, ""1"": {""match_policy"": ""first"", ""queue_depth"": 32, ""queue_policy"": ""hybrid"", ""reservation_depth"": 64}, ""2"": {""job_request_cores_per_task"": 1, ""job_request_gpus_per_task"": 0, ""job_request_nodes"": 1, ""job_request_ntasks_per_node"": 1, ""job_request_time"": ""30s"", ""match_policy"": ""low"", ""n_jobs"": 1000, ""problem_class"": ""A"", ""queue_depth"": 32, ""queue_policy"": ""fcfs"", ""reservation_depth"": 64, ""workload"": ""sleep""}}}, ""system"": {""cpu_affinity"": true, ""flux_time_limit"": ""3m"", ""max_cores_per_node"": 112, ""max_gpus_per_node"": 0, ""queue"": ""pbatch"", ""slurm_time_limit"": ""00:03:00"", ""sys_nodes"": 1}}",3,dane/SO_C
800c29710f,"{""config"": {""instance_level"": {""0"": {""match_policy"": ""first"", ""queue_depth"": 32, ""queue_policy"": ""fcfs"", ""reservation_depth"": 64}, ""1"": {""match_policy"": ""first"", ""queue_depth"": 32, ""queue_policy"": ""hybrid"", ""reservation_depth"": 64}, ""2"": {""job_request_cores_per_task"": 1, ""job_request_gpus_per_task"": 0, ""job_request_nodes"": 1, ""job_request_ntasks_per_node"": 1, ""job_request_time"": ""30s"", ""match_policy"": ""low"", ""n_jobs"": 1000, ""problem_class"": ""A"", ""queue_depth"": 32, ""queue_policy"": ""fcfs"", ""reservation_depth"": 64, ""workload"": ""sleep""}}}, ""system"": {""cpu_affinity"": true, ""flux_time_limit"": ""3m"", ""max_cores_per_node"": 112, ""max_gpus_per_node"": 0, ""queue"": ""pbatch"", ""slurm_time_limit"": ""00:03:00"", ""sys_nodes"": 1}}",4,dane/SO_C
800c29710f,"{""config"": {""instance_level"": {""0"": {""match_policy"": ""first"", ""queue_depth"": 32, ""queue_policy"": ""fcfs"", ""reservation_depth"": 64}, ""1"": {""match_policy"": ""first"", ""queue_depth"": 32, ""queue_policy"": ""hybrid"", ""reservation_depth"": 64}, ""2"": {""job_request_cores_per_task"": 1, ""job_request_gpus_per_task"": 0, ""job_request_nodes"": 1, ""job_request_ntasks_per_node"": 1, ""job_request_time"": ""30s"", ""match_policy"": ""low"", ""n_jobs"": 1000, ""problem_class"": ""A"", ""queue_depth"": 32, ""queue_policy"": ""fcfs"", ""reservation_depth"": 64, ""workload"": ""sleep""}}}, ""system"": {""cpu_affinity"": true, ""flux_time_limit"": ""3m"", ""max_cores_per_node"": 112, ""max_gpus_per_node"": 0, ""queue"": ""pbatch"", ""slurm_time_limit"": ""00:03:00"", ""sys_nodes"": 1}}",5,dane/SO_C
b955551380,"{""config"": {""instance_level"": {""0"": {""match_policy"": ""first"", ""queue_depth"": 32, ""queue_policy"": ""fcfs"", ""reservation_depth"": 64}, ""1"": {""match_policy"": ""first"", ""queue_depth"": 32, ""queue_policy"": ""hybrid"", ""reservation_depth"": 64}, ""2"": {""job_request_cores_per_task"": 14, ""job_request_gpus_per_task"": 0, ""job_request_nodes"": 1, ""job_request_ntasks_per_node"": 1, ""job_request_time"": ""30s"", ""match_policy"": ""low"", ""n_jobs"": 1000, ""problem_class"": ""A"", ""queue_depth"": 32, ""queue_policy"": ""fcfs"", ""reservation_depth"": 64, ""workload"": ""sleep""}}}, ""system"": {""cpu_affinity"": true, ""flux_time_limit"": ""3m"", ""max_cores_per_node"": 112, ""max_gpus_per_node"": 0, ""queue"": ""pbatch"", ""slurm_time_limit"": ""00:03:00"", ""sys_nodes"": 1}}",1,dane/SO_C
b955551380,"{""config"": {""instance_level"": {""0"": {""match_policy"": ""first"", ""queue_depth"": 32, ""queue_policy"": ""fcfs"", ""reservation_depth"": 64}, ""1"": {""match_policy"": ""first"", ""queue_depth"": 32, ""queue_policy"": ""hybrid"", ""reservation_depth"": 64}, ""2"": {""job_request_cores_per_task"": 14, ""job_request_gpus_per_task"": 0, ""job_request_nodes"": 1, ""job_request_ntasks_per_node"": 1, ""job_request_time"": ""30s"", ""match_policy"": ""low"", ""n_jobs"": 1000, ""problem_class"": ""A"", ""queue_depth"": 32, ""queue_policy"": ""fcfs"", ""reservation_depth"": 64, ""workload"": ""sleep""}}}, ""system"": {""cpu_affinity"": true, ""flux_time_limit"": ""3m"", ""max_cores_per_node"": 112, ""max_gpus_per_node"": 0, ""queue"": ""pbatch"", ""slurm_time_limit"": ""00:03:00"", ""sys_nodes"": 1}}",2,dane/SO_C
b955551380,"{""config"": {""instance_level"": {""0"": {""match_policy"": ""first"", ""queue_depth"": 32, ""queue_policy"": ""fcfs"", ""reservation_depth"": 64}, ""1"": {""match_policy"": ""first"", ""queue_depth"": 32, ""queue_policy"": ""hybrid"", ""reservation_depth"": 64}, ""2"": {""job_request_cores_per_task"": 14, ""job_request_gpus_per_task"": 0, ""job_request_nodes"": 1, ""job_request_ntasks_per_node"": 1, ""job_request_time"": ""30s"", ""match_policy"": ""low"", ""n_jobs"": 1000, ""problem_class"": ""A"", ""queue_depth"": 32, ""queue_policy"": ""fcfs"", ""reservation_depth"": 64, ""workload"": ""sleep""}}}, ""system"": {""cpu_affinity"": true, ""flux_time_limit"": ""3m"", ""max_cores_per_node"": 112, ""max_gpus_per_node"": 0, ""queue"": ""pbatch"", ""slurm_time_limit"": ""00:03:00"", ""sys_nodes"": 1}}",3,dane/SO_C
b955551380,"{""config"": {""instance_level"": {""0"": {""match_policy"": ""first"", ""queue_depth"": 32, ""queue_policy"": ""fcfs"", ""reservation_depth"": 64}, ""1"": {""match_policy"": ""first"", ""queue_depth"": 32, ""queue_policy"": ""hybrid"", ""reservation_depth"": 64}, ""2"": {""job_request_cores_per_task"": 14, ""job_request_gpus_per_task"": 0, ""job_request_nodes"": 1, ""job_request_ntasks_per_node"": 1, ""job_request_time"": ""30s"", ""match_policy"": ""low"", ""n_jobs"": 1000, ""problem_class"": ""A"", ""queue_depth"": 32, ""queue_policy"": ""fcfs"", ""reservation_depth"": 64, ""workload"": ""sleep""}}}, ""system"": {""cpu_affinity"": true, ""flux_time_limit"": ""3m"", ""max_cores_per_node"": 112, ""max_gpus_per_node"": 0, ""queue"": ""pbatch"", ""slurm_time_limit"": ""00:03:00"", ""sys_nodes"": 1}}",4,dane/SO_C
b955551380,"{""config"": {""instance_level"": {""0"": {""match_policy"": ""first"", ""queue_depth"": 32, ""queue_policy"": ""fcfs"", ""reservation_depth"": 64}, ""1"": {""match_policy"": ""first"", ""queue_depth"": 32, ""queue_policy"": ""hybrid"", ""reservation_depth"": 64}, ""2"": {""job_request_cores_per_task"": 14, ""job_request_gpus_per_task"": 0, ""job_request_nodes"": 1, ""job_request_ntasks_per_node"": 1, ""job_request_time"": ""30s"", ""match_policy"": ""low"", ""n_jobs"": 1000, ""problem_class"": ""A"", ""queue_depth"": 32, ""queue_policy"": ""fcfs"", ""reservation_depth"": 64, ""workload"": ""sleep""}}}, ""system"": {""cpu_affinity"": true, ""flux_time_limit"": ""3m"", ""max_cores_per_node"": 112, ""max_gpus_per_node"": 0, ""queue"": ""pbatch"", ""slurm_time_limit"": ""00:03:00"", ""sys_nodes"": 1}}",5,dane/SO_C
ec9f0652ee,"{""config"": {""instance_level"": {""0"": {""match_policy"": ""first"", ""queue_depth"": 32, ""queue_policy"": ""fcfs"", ""reservation_depth"": 64}, ""1"": {""match_policy"": ""first"", ""queue_depth"": 32, ""queue_policy"": ""hybrid"", ""reservation_depth"": 64}, ""2"": {""job_request_cores_per_task"": 1, ""job_request_gpus_per_task"": 0, ""job_request_nodes"": 1, ""job_request_ntasks_per_node"": 1, ""job_request_time"": ""30s"", ""match_policy"": ""low"", ""n_jobs"": 1000, ""problem_class"": ""A"", ""queue_depth"": 32, ""queue_policy"": ""hybrid"", ""reservation_depth"": 64, ""workload"": ""sleep""}}}, ""system"": {""cpu_affinity"": true, ""flux_time_limit"": ""3m"", ""max_cores_per_node"": 112, ""max_gpus_per_node"": 0, ""queue"": ""pbatch"", ""slurm_time_limit"": ""00:03:00"", ""sys_nodes"": 1}}",1,dane/SO_C
ec9f0652ee,"{""config"": {""instance_level"": {""0"": {""match_policy"": ""first"", ""queue_depth"": 32, ""queue_policy"": ""fcfs"", ""reservation_depth"": 64}, ""1"": {""match_policy"": ""first"", ""queue_depth"": 32, ""queue_policy"": ""hybrid"", ""reservation_depth"": 64}, ""2"": {""job_request_cores_per_task"": 1, ""job_request_gpus_per_task"": 0, ""job_request_nodes"": 1, ""job_request_ntasks_per_node"": 1, ""job_request_time"": ""30s"", ""match_policy"": ""low"", ""n_jobs"": 1000, ""problem_class"": ""A"", ""queue_depth"": 32, ""queue_policy"": ""hybrid"", ""reservation_depth"": 64, ""workload"": ""sleep""}}}, ""system"": {""cpu_affinity"": true, ""flux_time_limit"": ""3m"", ""max_cores_per_node"": 112, ""max_gpus_per_node"": 0, ""queue"": ""pbatch"", ""slurm_time_limit"": ""00:03:00"", ""sys_nodes"": 1}}",2,dane/SO_C
ec9f0652ee,"{""config"": {""instance_level"": {""0"": {""match_policy"": ""first"", ""queue_depth"": 32, ""queue_policy"": ""fcfs"", ""reservation_depth"": 64}, ""1"": {""match_policy"": ""first"", ""queue_depth"": 32, ""queue_policy"": ""hybrid"", ""reservation_depth"": 64}, ""2"": {""job_request_cores_per_task"": 1, ""job_request_gpus_per_task"": 0, ""job_request_nodes"": 1, ""job_request_ntasks_per_node"": 1, ""job_request_time"": ""30s"", ""match_policy"": ""low"", ""n_jobs"": 1000, ""problem_class"": ""A"", ""queue_depth"": 32, ""queue_policy"": ""hybrid"", ""reservation_depth"": 64, ""workload"": ""sleep""}}}, ""system"": {""cpu_affinity"": true, ""flux_time_limit"": ""3m"", ""max_cores_per_node"": 112, ""max_gpus_per_node"": 0, ""queue"": ""pbatch"", ""slurm_time_limit"": ""00:03:00"", ""sys_nodes"": 1}}",3,dane/SO_C
ec9f0652ee,"{""config"": {""instance_level"": {""0"": {""match_policy"": ""first"", ""queue_depth"": 32, ""queue_policy"": ""fcfs"", ""reservation_depth"": 64}, ""1"": {""match_policy"": ""first"", ""queue_depth"": 32, ""queue_policy"": ""hybrid"", ""reservation_depth"": 64}, ""2"": {""job_request_cores_per_task"": 1, ""job_request_gpus_per_task"": 0, ""job_request_nodes"": 1, ""job_request_ntasks_per_node"": 1, ""job_request_time"": ""30s"", ""match_policy"": ""low"", ""n_jobs"": 1000, ""problem_class"": ""A"", ""queue_depth"": 32, ""queue_policy"": ""hybrid"", ""reservation_depth"": 64, ""workload"": ""sleep""}}}, ""system"": {""cpu_affinity"": true, ""flux_time_limit"": ""3m"", ""max_cores_per_node"": 112, ""max_gpus_per_node"": 0, ""queue"": ""pbatch"", ""slurm_time_limit"": ""00:03:00"", ""sys_nodes"": 1}}",4,dane/SO_C
ec9f0652ee,"{""config"": {""instance_level"": {""0"": {""match_policy"": ""first"", ""queue_depth"": 32, ""queue_policy"": ""fcfs"", ""reservation_depth"": 64}, ""1"": {""match_policy"": ""first"", ""queue_depth"": 32, ""queue_policy"": ""hybrid"", ""reservation_depth"": 64}, ""2"": {""job_request_cores_per_task"": 1, ""job_request_gpus_per_task"": 0, ""job_request_nodes"": 1, ""job_request_ntasks_per_node"": 1, ""job_request_time"": ""30s"", ""match_policy"": ""low"", ""n_jobs"": 1000, ""problem_class"": ""A"", ""queue_depth"": 32, ""queue_policy"": ""hybrid"", ""reservation_depth"": 64, ""workload"": ""sleep""}}}, ""system"": {""cpu_affinity"": true, ""flux_time_limit"": ""3m"", ""max_cores_per_node"": 112, ""max_gpus_per_node"": 0, ""queue"": ""pbatch"", ""slurm_time_limit"": ""00:03:00"", ""sys_nodes"": 1}}",5,dane/SO_C
686102f11d,"{""config"": {""instance_level"": {""0"": {""match_policy"": ""first"", ""queue_depth"": 32, ""queue_policy"": ""fcfs"", ""reservation_depth"": 64}, ""1"": {""match_policy"": ""first"", ""queue_depth"": 32, ""queue_policy"": ""hybrid"", ""reservation_depth"": 64}, ""2"": {""job_request_cores_per_task"": 14, ""job_request_gpus_per_task"": 0, ""job_request_nodes"": 1, ""job_request_ntasks_per_node"": 1, ""job_request_time"": ""30s"", ""match_policy"": ""low"", ""n_jobs"": 1000, ""problem_class"": ""A"", ""queue_depth"": 32, ""queue_policy"": ""hybrid"", ""reservation_depth"": 64, ""workload"": ""sleep""}}}, ""system"": {""cpu_affinity"": true, ""flux_time_limit"": ""3m"", ""max_cores_per_node"": 112, ""max_gpus_per_node"": 0, ""queue"": ""pbatch"", ""slurm_time_limit"": ""00:03:00"", ""sys_nodes"": 1}}",1,dane/SO_C
686102f11d,"{""config"": {""instance_level"": {""0"": {""match_policy"": ""first"", ""queue_depth"": 32, ""queue_policy"": ""fcfs"", ""reservation_depth"": 64}, ""1"": {""match_policy"": ""first"", ""queue_depth"": 32, ""queue_policy"": ""hybrid"", ""reservation_depth"": 64}, ""2"": {""job_request_cores_per_task"": 14, ""job_request_gpus_per_task"": 0, ""job_request_nodes"": 1, ""job_request_ntasks_per_node"": 1, ""job_request_time"": ""30s"", ""match_policy"": ""low"", ""n_jobs"": 1000, ""problem_class"": ""A"", ""queue_depth"": 32, ""queue_policy"": ""hybrid"", ""reservation_depth"": 64, ""workload"": ""sleep""}}}, ""system"": {""cpu_affinity"": true, ""flux_time_limit"": ""3m"", ""max_cores_per_node"": 112, ""max_gpus_per_node"": 0, ""queue"": ""pbatch"", ""slurm_time_limit"": ""00:03:00"", ""sys_nodes"": 1}}",2,dane/SO_C
686102f11d,"{""config"": {""instance_level"": {""0"": {""match_policy"": ""first"", ""queue_depth"": 32, ""queue_policy"": ""fcfs"", ""reservation_depth"": 64}, ""1"": {""match_policy"": ""first"", ""queue_depth"": 32, ""queue_policy"": ""hybrid"", ""reservation_depth"": 64}, ""2"": {""job_request_cores_per_task"": 14, ""job_request_gpus_per_task"": 0, ""job_request_nodes"": 1, ""job_request_ntasks_per_node"": 1, ""job_request_time"": ""30s"", ""match_policy"": ""low"", ""n_jobs"": 1000, ""problem_class"": ""A"", ""queue_depth"": 32, ""queue_policy"": ""hybrid"", ""reservation_depth"": 64, ""workload"": ""sleep""}}}, ""system"": {""cpu_affinity"": true, ""flux_time_limit"": ""3m"", ""max_cores_per_node"": 112, ""max_gpus_per_node"": 0, ""queue"": ""pbatch"", ""slurm_time_limit"": ""00:03:00"", ""sys_nodes"": 1}}",3,dane/SO_C
686102f11d,"{""config"": {""instance_level"": {""0"": {""match_policy"": ""first"", ""queue_depth"": 32, ""queue_policy"": ""fcfs"", ""reservation_depth"": 64}, ""1"": {""match_policy"": ""first"", ""queue_depth"": 32, ""queue_policy"": ""hybrid"", ""reservation_depth"": 64}, ""2"": {""job_request_cores_per_task"": 14, ""job_request_gpus_per_task"": 0, ""job_request_nodes"": 1, ""job_request_ntasks_per_node"": 1, ""job_request_time"": ""30s"", ""match_policy"": ""low"", ""n_jobs"": 1000, ""problem_class"": ""A"", ""queue_depth"": 32, ""queue_policy"": ""hybrid"", ""reservation_depth"": 64, ""workload"": ""sleep""}}}, ""system"": {""cpu_affinity"": true, ""flux_time_limit"": ""3m"", ""max_cores_per_node"": 112, ""max_gpus_per_node"": 0, ""queue"": ""pbatch"", ""slurm_time_limit"": ""00:03:00"", ""sys_nodes"": 1}}",4,dane/SO_C
686102f11d,"{""config"": {""instance_level"": {""0"": {""match_policy"": ""first"", ""queue_depth"": 32, ""queue_policy"": ""fcfs"", ""reservation_depth"": 64}, ""1"": {""match_policy"": ""first"", ""queue_depth"": 32, ""queue_policy"": ""hybrid"", ""reservation_depth"": 64}, ""2"": {""job_request_cores_per_task"": 14, ""job_request_gpus_per_task"": 0, ""job_request_nodes"": 1, ""job_request_ntasks_per_node"": 1, ""job_request_time"": ""30s"", ""match_policy"": ""low"", ""n_jobs"": 1000, ""problem_class"": ""A"", ""queue_depth"": 32, ""queue_policy"": ""hybrid"", ""reservation_depth"": 64, ""workload"": ""sleep""}}}, ""system"": {""cpu_affinity"": true, ""flux_time_limit"": ""3m"", ""max_cores_per_node"": 112, ""max_gpus_per_node"": 0, ""queue"": ""pbatch"", ""slurm_time_limit"": ""00:03:00"", ""sys_nodes"": 1}}",5,dane/SO_C
ae0a9ddfb7,"{""config"": {""instance_level"": {""0"": {""match_policy"": ""first"", ""queue_depth"": 32, ""queue_policy"": ""fcfs"", ""reservation_depth"": 64}, ""1"": {""match_policy"": ""low"", ""queue_depth"": 32, ""queue_policy"": ""fcfs"", ""reservation_depth"": 64}, ""2"": {""job_request_cores_per_task"": 1, ""job_request_gpus_per_task"": 0, ""job_request_nodes"": 1, ""job_request_ntasks_per_node"": 1, ""job_request_time"": ""30s"", ""match_policy"": ""first"", ""n_jobs"": 1000, ""problem_class"": ""A"", ""queue_depth"": 32, ""queue_policy"": ""fcfs"", ""reservation_depth"": 64, ""workload"": ""sleep""}}}, ""system"": {""cpu_affinity"": true, ""flux_time_limit"": ""3m"", ""max_cores_per_node"": 112, ""max_gpus_per_node"": 0, ""queue"": ""pbatch"", ""slurm_time_limit"": ""00:03:00"", ""sys_nodes"": 1}}",1,dane/SO_C
ae0a9ddfb7,"{""config"": {""instance_level"": {""0"": {""match_policy"": ""first"", ""queue_depth"": 32, ""queue_policy"": ""fcfs"", ""reservation_depth"": 64}, ""1"": {""match_policy"": ""low"", ""queue_depth"": 32, ""queue_policy"": ""fcfs"", ""reservation_depth"": 64}, ""2"": {""job_request_cores_per_task"": 1, ""job_request_gpus_per_task"": 0, ""job_request_nodes"": 1, ""job_request_ntasks_per_node"": 1, ""job_request_time"": ""30s"", ""match_policy"": ""first"", ""n_jobs"": 1000, ""problem_class"": ""A"", ""queue_depth"": 32, ""queue_policy"": ""fcfs"", ""reservation_depth"": 64, ""workload"": ""sleep""}}}, ""system"": {""cpu_affinity"": true, ""flux_time_limit"": ""3m"", ""max_cores_per_node"": 112, ""max_gpus_per_node"": 0, ""queue"": ""pbatch"", ""slurm_time_limit"": ""00:03:00"", ""sys_nodes"": 1}}",2,dane/SO_C
ae0a9ddfb7,"{""config"": {""instance_level"": {""0"": {""match_policy"": ""first"", ""queue_depth"": 32, ""queue_policy"": ""fcfs"", ""reservation_depth"": 64}, ""1"": {""match_policy"": ""low"", ""queue_depth"": 32, ""queue_policy"": ""fcfs"", ""reservation_depth"": 64}, ""2"": {""job_request_cores_per_task"": 1, ""job_request_gpus_per_task"": 0, ""job_request_nodes"": 1, ""job_request_ntasks_per_node"": 1, ""job_request_time"": ""30s"", ""match_policy"": ""first"", ""n_jobs"": 1000, ""problem_class"": ""A"", ""queue_depth"": 32, ""queue_policy"": ""fcfs"", ""reservation_depth"": 64, ""workload"": ""sleep""}}}, ""system"": {""cpu_affinity"": true, ""flux_time_limit"": ""3m"", ""max_cores_per_node"": 112, ""max_gpus_per_node"": 0, ""queue"": ""pbatch"", ""slurm_time_limit"": ""00:03:00"", ""sys_nodes"": 1}}",3,dane/SO_C
ae0a9ddfb7,"{""config"": {""instance_level"": {""0"": {""match_policy"": ""first"", ""queue_depth"": 32, ""queue_policy"": ""fcfs"", ""reservation_depth"": 64}, ""1"": {""match_policy"": ""low"", ""queue_depth"": 32, ""queue_policy"": ""fcfs"", ""reservation_depth"": 64}, ""2"": {""job_request_cores_per_task"": 1, ""job_request_gpus_per_task"": 0, ""job_request_nodes"": 1, ""job_request_ntasks_per_node"": 1, ""job_request_time"": ""30s"", ""match_policy"": ""first"", ""n_jobs"": 1000, ""problem_class"": ""A"", ""queue_depth"": 32, ""queue_policy"": ""fcfs"", ""reservation_depth"": 64, ""workload"": ""sleep""}}}, ""system"": {""cpu_affinity"": true, ""flux_time_limit"": ""3m"", ""max_cores_per_node"": 112, ""max_gpus_per_node"": 0, ""queue"": ""pbatch"", ""slurm_time_limit"": ""00:03:00"", ""sys_nodes"": 1}}",4,dane/SO_C
ae0a9ddfb7,"{""config"": {""instance_level"": {""0"": {""match_policy"": ""first"", ""queue_depth"": 32, ""queue_policy"": ""fcfs"", ""reservation_depth"": 64}, ""1"": {""match_policy"": ""low"", ""queue_depth"": 32, ""queue_policy"": ""fcfs"", ""reservation_depth"": 64}, ""2"": {""job_request_cores_per_task"": 1, ""job_request_gpus_per_task"": 0, ""job_request_nodes"": 1, ""job_request_ntasks_per_node"": 1, ""job_request_time"": ""30s"", ""match_policy"": ""first"", ""n_jobs"": 1000, ""problem_class"": ""A"", ""queue_depth"": 32, ""queue_policy"": ""fcfs"", ""reservation_depth"": 64, ""workload"": ""sleep""}}}, ""system"": {""cpu_affinity"": true, ""flux_time_limit"": ""3m"", ""max_cores_per_node"": 112, ""max_gpus_per_node"": 0, ""queue"": ""pbatch"", ""slurm_time_limit"": ""00:03:00"", ""sys_nodes"": 1}}",5,dane/SO_C
d7606129ca,"{""config"": {""instance_level"": {""0"": {""match_policy"": ""first"", ""queue_depth"": 32, ""queue_policy"": ""fcfs"", ""reservation_depth"": 64}, ""1"": {""match_policy"": ""low"", ""queue_depth"": 32, ""queue_policy"": ""fcfs"", ""reservation_depth"": 64}, ""2"": {""job_request_cores_per_task"": 14, ""job_request_gpus_per_task"": 0, ""job_request_nodes"": 1, ""job_request_ntasks_per_node"": 1, ""job_request_time"": ""30s"", ""match_policy"": ""first"", ""n_jobs"": 1000, ""problem_class"": ""A"", ""queue_depth"": 32, ""queue_policy"": ""fcfs"", ""reservation_depth"": 64, ""workload"": ""sleep""}}}, ""system"": {""cpu_affinity"": true, ""flux_time_limit"": ""3m"", ""max_cores_per_node"": 112, ""max_gpus_per_node"": 0, ""queue"": ""pbatch"", ""slurm_time_limit"": ""00:03:00"", ""sys_nodes"": 1}}",1,dane/SO_C
d7606129ca,"{""config"": {""instance_level"": {""0"": {""match_policy"": ""first"", ""queue_depth"": 32, ""queue_policy"": ""fcfs"", ""reservation_depth"": 64}, ""1"": {""match_policy"": ""low"", ""queue_depth"": 32, ""queue_policy"": ""fcfs"", ""reservation_depth"": 64}, ""2"": {""job_request_cores_per_task"": 14, ""job_request_gpus_per_task"": 0, ""job_request_nodes"": 1, ""job_request_ntasks_per_node"": 1, ""job_request_time"": ""30s"", ""match_policy"": ""first"", ""n_jobs"": 1000, ""problem_class"": ""A"", ""queue_depth"": 32, ""queue_policy"": ""fcfs"", ""reservation_depth"": 64, ""workload"": ""sleep""}}}, ""system"": {""cpu_affinity"": true, ""flux_time_limit"": ""3m"", ""max_cores_per_node"": 112, ""max_gpus_per_node"": 0, ""queue"": ""pbatch"", ""slurm_time_limit"": ""00:03:00"", ""sys_nodes"": 1}}",2,dane/SO_C
d7606129ca,"{""config"": {""instance_level"": {""0"": {""match_policy"": ""first"", ""queue_depth"": 32, ""queue_policy"": ""fcfs"", ""reservation_depth"": 64}, ""1"": {""match_policy"": ""low"", ""queue_depth"": 32, ""queue_policy"": ""fcfs"", ""reservation_depth"": 64}, ""2"": {""job_request_cores_per_task"": 14, ""job_request_gpus_per_task"": 0, ""job_request_nodes"": 1, ""job_request_ntasks_per_node"": 1, ""job_request_time"": ""30s"", ""match_policy"": ""first"", ""n_jobs"": 1000, ""problem_class"": ""A"", ""queue_depth"": 32, ""queue_policy"": ""fcfs"", ""reservation_depth"": 64, ""workload"": ""sleep""}}}, ""system"": {""cpu_affinity"": true, ""flux_time_limit"": ""3m"", ""max_cores_per_node"": 112, ""max_gpus_per_node"": 0, ""queue"": ""pbatch"", ""slurm_time_limit"": ""00:03:00"", ""sys_nodes"": 1}}",3,dane/SO_C
d7606129ca,"{""config"": {""instance_level"": {""0"": {""match_policy"": ""first"", ""queue_depth"": 32, ""queue_policy"": ""fcfs"", ""reservation_depth"": 64}, ""1"": {""match_policy"": ""low"", ""queue_depth"": 32, ""queue_policy"": ""fcfs"", ""reservation_depth"": 64}, ""2"": {""job_request_cores_per_task"": 14, ""job_request_gpus_per_task"": 0, ""job_request_nodes"": 1, ""job_request_ntasks_per_node"": 1, ""job_request_time"": ""30s"", ""match_policy"": ""first"", ""n_jobs"": 1000, ""problem_class"": ""A"", ""queue_depth"": 32, ""queue_policy"": ""fcfs"", ""reservation_depth"": 64, ""workload"": ""sleep""}}}, ""system"": {""cpu_affinity"": true, ""flux_time_limit"": ""3m"", ""max_cores_per_node"": 112, ""max_gpus_per_node"": 0, ""queue"": ""pbatch"", ""slurm_time_limit"": ""00:03:00"", ""sys_nodes"": 1}}",4,dane/SO_C
d7606129ca,"{""config"": {""instance_level"": {""0"": {""match_policy"": ""first"", ""queue_depth"": 32, ""queue_policy"": ""fcfs"", ""reservation_depth"": 64}, ""1"": {""match_policy"": ""low"", ""queue_depth"": 32, ""queue_policy"": ""fcfs"", ""reservation_depth"": 64}, ""2"": {""job_request_cores_per_task"": 14, ""job_request_gpus_per_task"": 0, ""job_request_nodes"": 1, ""job_request_ntasks_per_node"": 1, ""job_request_time"": ""30s"", ""match_policy"": ""first"", ""n_jobs"": 1000, ""problem_class"": ""A"", ""queue_depth"": 32, ""queue_policy"": ""fcfs"", ""reservation_depth"": 64, ""workload"": ""sleep""}}}, ""system"": {""cpu_affinity"": true, ""flux_time_limit"": ""3m"", ""max_cores_per_node"": 112, ""max_gpus_per_node"": 0, ""queue"": ""pbatch"", ""slurm_time_limit"": ""00:03:00"", ""sys_nodes"": 1}}",5,dane/SO_C
bc7f5390ac,"{""config"": {""instance_level"": {""0"": {""match_policy"": ""first"", ""queue_depth"": 32, ""queue_policy"": ""fcfs"", ""reservation_depth"": 64}, ""1"": {""match_policy"": ""low"", ""queue_depth"": 32, ""queue_policy"": ""fcfs"", ""reservation_depth"": 64}, ""2"": {""job_request_cores_per_task"": 1, ""job_request_gpus_per_task"": 0, ""job_request_nodes"": 1, ""job_request_ntasks_per_node"": 1, ""job_request_time"": ""30s"", ""match_policy"": ""first"", ""n_jobs"": 1000, ""problem_class"": ""A"", ""queue_depth"": 32, ""queue_policy"": ""hybrid"", ""reservation_depth"": 64, ""workload"": ""sleep""}}}, ""system"": {""cpu_affinity"": true, ""flux_time_limit"": ""3m"", ""max_cores_per_node"": 112, ""max_gpus_per_node"": 0, ""queue"": ""pbatch"", ""slurm_time_limit"": ""00:03:00"", ""sys_nodes"": 1}}",1,dane/SO_C
bc7f5390ac,"{""config"": {""instance_level"": {""0"": {""match_policy"": ""first"", ""queue_depth"": 32, ""queue_policy"": ""fcfs"", ""reservation_depth"": 64}, ""1"": {""match_policy"": ""low"", ""queue_depth"": 32, ""queue_policy"": ""fcfs"", ""reservation_depth"": 64}, ""2"": {""job_request_cores_per_task"": 1, ""job_request_gpus_per_task"": 0, ""job_request_nodes"": 1, ""job_request_ntasks_per_node"": 1, ""job_request_time"": ""30s"", ""match_policy"": ""first"", ""n_jobs"": 1000, ""problem_class"": ""A"", ""queue_depth"": 32, ""queue_policy"": ""hybrid"", ""reservation_depth"": 64, ""workload"": ""sleep""}}}, ""system"": {""cpu_affinity"": true, ""flux_time_limit"": ""3m"", ""max_cores_per_node"": 112, ""max_gpus_per_node"": 0, ""queue"": ""pbatch"", ""slurm_time_limit"": ""00:03:00"", ""sys_nodes"": 1}}",2,dane/SO_C
bc7f5390ac,"{""config"": {""instance_level"": {""0"": {""match_policy"": ""first"", ""queue_depth"": 32, ""queue_policy"": ""fcfs"", ""reservation_depth"": 64}, ""1"": {""match_policy"": ""low"", ""queue_depth"": 32, ""queue_policy"": ""fcfs"", ""reservation_depth"": 64}, ""2"": {""job_request_cores_per_task"": 1, ""job_request_gpus_per_task"": 0, ""job_request_nodes"": 1, ""job_request_ntasks_per_node"": 1, ""job_request_time"": ""30s"", ""match_policy"": ""first"", ""n_jobs"": 1000, ""problem_class"": ""A"", ""queue_depth"": 32, ""queue_policy"": ""hybrid"", ""reservation_depth"": 64, ""workload"": ""sleep""}}}, ""system"": {""cpu_affinity"": true, ""flux_time_limit"": ""3m"", ""max_cores_per_node"": 112, ""max_gpus_per_node"": 0, ""queue"": ""pbatch"", ""slurm_time_limit"": ""00:03:00"", ""sys_nodes"": 1}}",3,dane/SO_C
bc7f5390ac,"{""config"": {""instance_level"": {""0"": {""match_policy"": ""first"", ""queue_depth"": 32, ""queue_policy"": ""fcfs"", ""reservation_depth"": 64}, ""1"": {""match_policy"": ""low"", ""queue_depth"": 32, ""queue_policy"": ""fcfs"", ""reservation_depth"": 64}, ""2"": {""job_request_cores_per_task"": 1, ""job_request_gpus_per_task"": 0, ""job_request_nodes"": 1, ""job_request_ntasks_per_node"": 1, ""job_request_time"": ""30s"", ""match_policy"": ""first"", ""n_jobs"": 1000, ""problem_class"": ""A"", ""queue_depth"": 32, ""queue_policy"": ""hybrid"", ""reservation_depth"": 64, ""workload"": ""sleep""}}}, ""system"": {""cpu_affinity"": true, ""flux_time_limit"": ""3m"", ""max_cores_per_node"": 112, ""max_gpus_per_node"": 0, ""queue"": ""pbatch"", ""slurm_time_limit"": ""00:03:00"", ""sys_nodes"": 1}}",4,dane/SO_C
bc7f5390ac,"{""config"": {""instance_level"": {""0"": {""match_policy"": ""first"", ""queue_depth"": 32, ""queue_policy"": ""fcfs"", ""reservation_depth"": 64}, ""1"": {""match_policy"": ""low"", ""queue_depth"": 32, ""queue_policy"": ""fcfs"", ""reservation_depth"": 64}, ""2"": {""job_request_cores_per_task"": 1, ""job_request_gpus_per_task"": 0, ""job_request_nodes"": 1, ""job_request_ntasks_per_node"": 1, ""job_request_time"": ""30s"", ""match_policy"": ""first"", ""n_jobs"": 1000, ""problem_class"": ""A"", ""queue_depth"": 32, ""queue_policy"": ""hybrid"", ""reservation_depth"": 64, ""workload"": ""sleep""}}}, ""system"": {""cpu_affinity"": true, ""flux_time_limit"": ""3m"", ""max_cores_per_node"": 112, ""max_gpus_per_node"": 0, ""queue"": ""pbatch"", ""slurm_time_limit"": ""00:03:00"", ""sys_nodes"": 1}}",5,dane/SO_C
60871b5fcc,"{""config"": {""instance_level"": {""0"": {""match_policy"": ""first"", ""queue_depth"": 32, ""queue_policy"": ""fcfs"", ""reservation_depth"": 64}, ""1"": {""match_policy"": ""low"", ""queue_depth"": 32, ""queue_policy"": ""fcfs"", ""reservation_depth"": 64}, ""2"": {""job_request_cores_per_task"": 14, ""job_request_gpus_per_task"": 0, ""job_request_nodes"": 1, ""job_request_ntasks_per_node"": 1, ""job_request_time"": ""30s"", ""match_policy"": ""first"", ""n_jobs"": 1000, ""problem_class"": ""A"", ""queue_depth"": 32, ""queue_policy"": ""hybrid"", ""reservation_depth"": 64, ""workload"": ""sleep""}}}, ""system"": {""cpu_affinity"": true, ""flux_time_limit"": ""3m"", ""max_cores_per_node"": 112, ""max_gpus_per_node"": 0, ""queue"": ""pbatch"", ""slurm_time_limit"": ""00:03:00"", ""sys_nodes"": 1}}",1,dane/SO_C
60871b5fcc,"{""config"": {""instance_level"": {""0"": {""match_policy"": ""first"", ""queue_depth"": 32, ""queue_policy"": ""fcfs"", ""reservation_depth"": 64}, ""1"": {""match_policy"": ""low"", ""queue_depth"": 32, ""queue_policy"": ""fcfs"", ""reservation_depth"": 64}, ""2"": {""job_request_cores_per_task"": 14, ""job_request_gpus_per_task"": 0, ""job_request_nodes"": 1, ""job_request_ntasks_per_node"": 1, ""job_request_time"": ""30s"", ""match_policy"": ""first"", ""n_jobs"": 1000, ""problem_class"": ""A"", ""queue_depth"": 32, ""queue_policy"": ""hybrid"", ""reservation_depth"": 64, ""workload"": ""sleep""}}}, ""system"": {""cpu_affinity"": true, ""flux_time_limit"": ""3m"", ""max_cores_per_node"": 112, ""max_gpus_per_node"": 0, ""queue"": ""pbatch"", ""slurm_time_limit"": ""00:03:00"", ""sys_nodes"": 1}}",2,dane/SO_C
60871b5fcc,"{""config"": {""instance_level"": {""0"": {""match_policy"": ""first"", ""queue_depth"": 32, ""queue_policy"": ""fcfs"", ""reservation_depth"": 64}, ""1"": {""match_policy"": ""low"", ""queue_depth"": 32, ""queue_policy"": ""fcfs"", ""reservation_depth"": 64}, ""2"": {""job_request_cores_per_task"": 14, ""job_request_gpus_per_task"": 0, ""job_request_nodes"": 1, ""job_request_ntasks_per_node"": 1, ""job_request_time"": ""30s"", ""match_policy"": ""first"", ""n_jobs"": 1000, ""problem_class"": ""A"", ""queue_depth"": 32, ""queue_policy"": ""hybrid"", ""reservation_depth"": 64, ""workload"": ""sleep""}}}, ""system"": {""cpu_affinity"": true, ""flux_time_limit"": ""3m"", ""max_cores_per_node"": 112, ""max_gpus_per_node"": 0, ""queue"": ""pbatch"", ""slurm_time_limit"": ""00:03:00"", ""sys_nodes"": 1}}",3,dane/SO_C
60871b5fcc,"{""config"": {""instance_level"": {""0"": {""match_policy"": ""first"", ""queue_depth"": 32, ""queue_policy"": ""fcfs"", ""reservation_depth"": 64}, ""1"": {""match_policy"": ""low"", ""queue_depth"": 32, ""queue_policy"": ""fcfs"", ""reservation_depth"": 64}, ""2"": {""job_request_cores_per_task"": 14, ""job_request_gpus_per_task"": 0, ""job_request_nodes"": 1, ""job_request_ntasks_per_node"": 1, ""job_request_time"": ""30s"", ""match_policy"": ""first"", ""n_jobs"": 1000, ""problem_class"": ""A"", ""queue_depth"": 32, ""queue_policy"": ""hybrid"", ""reservation_depth"": 64, ""workload"": ""sleep""}}}, ""system"": {""cpu_affinity"": true, ""flux_time_limit"": ""3m"", ""max_cores_per_node"": 112, ""max_gpus_per_node"": 0, ""queue"": ""pbatch"", ""slurm_time_limit"": ""00:03:00"", ""sys_nodes"": 1}}",4,dane/SO_C
60871b5fcc,"{""config"": {""instance_level"": {""0"": {""match_policy"": ""first"", ""queue_depth"": 32, ""queue_policy"": ""fcfs"", ""reservation_depth"": 64}, ""1"": {""match_policy"": ""low"", ""queue_depth"": 32, ""queue_policy"": ""fcfs"", ""reservation_depth"": 64}, ""2"": {""job_request_cores_per_task"": 14, ""job_request_gpus_per_task"": 0, ""job_request_nodes"": 1, ""job_request_ntasks_per_node"": 1, ""job_request_time"": ""30s"", ""match_policy"": ""first"", ""n_jobs"": 1000, ""problem_class"": ""A"", ""queue_depth"": 32, ""queue_policy"": ""hybrid"", ""reservation_depth"": 64, ""workload"": ""sleep""}}}, ""system"": {""cpu_affinity"": true, ""flux_time_limit"": ""3m"", ""max_cores_per_node"": 112, ""max_gpus_per_node"": 0, ""queue"": ""pbatch"", ""slurm_time_limit"": ""00:03:00"", ""sys_nodes"": 1}}",5,dane/SO_C
2b4e85552c,"{""config"": {""instance_level"": {""0"": {""match_policy"": ""first"", ""queue_depth"": 32, ""queue_policy"": ""fcfs"", ""reservation_depth"": 64}, ""1"": {""match_policy"": ""low"", ""queue_depth"": 32, ""queue_policy"": ""fcfs"", ""reservation_depth"": 64}, ""2"": {""job_request_cores_per_task"": 1, ""job_request_gpus_per_task"": 0, ""job_request_nodes"": 1, ""job_request_ntasks_per_node"": 1, ""job_request_time"": ""30s"", ""match_policy"": ""low"", ""n_jobs"": 1000, ""problem_class"": ""A"", ""queue_depth"": 32, ""queue_policy"": ""fcfs"", ""reservation_depth"": 64, ""workload"": ""sleep""}}}, ""system"": {""cpu_affinity"": true, ""flux_time_limit"": ""3m"", ""max_cores_per_node"": 112, ""max_gpus_per_node"": 0, ""queue"": ""pbatch"", ""slurm_time_limit"": ""00:03:00"", ""sys_nodes"": 1}}",1,dane/SO_C
2b4e85552c,"{""config"": {""instance_level"": {""0"": {""match_policy"": ""first"", ""queue_depth"": 32, ""queue_policy"": ""fcfs"", ""reservation_depth"": 64}, ""1"": {""match_policy"": ""low"", ""queue_depth"": 32, ""queue_policy"": ""fcfs"", ""reservation_depth"": 64}, ""2"": {""job_request_cores_per_task"": 1, ""job_request_gpus_per_task"": 0, ""job_request_nodes"": 1, ""job_request_ntasks_per_node"": 1, ""job_request_time"": ""30s"", ""match_policy"": ""low"", ""n_jobs"": 1000, ""problem_class"": ""A"", ""queue_depth"": 32, ""queue_policy"": ""fcfs"", ""reservation_depth"": 64, ""workload"": ""sleep""}}}, ""system"": {""cpu_affinity"": true, ""flux_time_limit"": ""3m"", ""max_cores_per_node"": 112, ""max_gpus_per_node"": 0, ""queue"": ""pbatch"", ""slurm_time_limit"": ""00:03:00"", ""sys_nodes"": 1}}",2,dane/SO_C
2b4e85552c,"{""config"": {""instance_level"": {""0"": {""match_policy"": ""first"", ""queue_depth"": 32, ""queue_policy"": ""fcfs"", ""reservation_depth"": 64}, ""1"": {""match_policy"": ""low"", ""queue_depth"": 32, ""queue_policy"": ""fcfs"", ""reservation_depth"": 64}, ""2"": {""job_request_cores_per_task"": 1, ""job_request_gpus_per_task"": 0, ""job_request_nodes"": 1, ""job_request_ntasks_per_node"": 1, ""job_request_time"": ""30s"", ""match_policy"": ""low"", ""n_jobs"": 1000, ""problem_class"": ""A"", ""queue_depth"": 32, ""queue_policy"": ""fcfs"", ""reservation_depth"": 64, ""workload"": ""sleep""}}}, ""system"": {""cpu_affinity"": true, ""flux_time_limit"": ""3m"", ""max_cores_per_node"": 112, ""max_gpus_per_node"": 0, ""queue"": ""pbatch"", ""slurm_time_limit"": ""00:03:00"", ""sys_nodes"": 1}}",3,dane/SO_C
2b4e85552c,"{""config"": {""instance_level"": {""0"": {""match_policy"": ""first"", ""queue_depth"": 32, ""queue_policy"": ""fcfs"", ""reservation_depth"": 64}, ""1"": {""match_policy"": ""low"", ""queue_depth"": 32, ""queue_policy"": ""fcfs"", ""reservation_depth"": 64}, ""2"": {""job_request_cores_per_task"": 1, ""job_request_gpus_per_task"": 0, ""job_request_nodes"": 1, ""job_request_ntasks_per_node"": 1, ""job_request_time"": ""30s"", ""match_policy"": ""low"", ""n_jobs"": 1000, ""problem_class"": ""A"", ""queue_depth"": 32, ""queue_policy"": ""fcfs"", ""reservation_depth"": 64, ""workload"": ""sleep""}}}, ""system"": {""cpu_affinity"": true, ""flux_time_limit"": ""3m"", ""max_cores_per_node"": 112, ""max_gpus_per_node"": 0, ""queue"": ""pbatch"", ""slurm_time_limit"": ""00:03:00"", ""sys_nodes"": 1}}",4,dane/SO_C
2b4e85552c,"{""config"": {""instance_level"": {""0"": {""match_policy"": ""first"", ""queue_depth"": 32, ""queue_policy"": ""fcfs"", ""reservation_depth"": 64}, ""1"": {""match_policy"": ""low"", ""queue_depth"": 32, ""queue_policy"": ""fcfs"", ""reservation_depth"": 64}, ""2"": {""job_request_cores_per_task"": 1, ""job_request_gpus_per_task"": 0, ""job_request_nodes"": 1, ""job_request_ntasks_per_node"": 1, ""job_request_time"": ""30s"", ""match_policy"": ""low"", ""n_jobs"": 1000, ""problem_class"": ""A"", ""queue_depth"": 32, ""queue_policy"": ""fcfs"", ""reservation_depth"": 64, ""workload"": ""sleep""}}}, ""system"": {""cpu_affinity"": true, ""flux_time_limit"": ""3m"", ""max_cores_per_node"": 112, ""max_gpus_per_node"": 0, ""queue"": ""pbatch"", ""slurm_time_limit"": ""00:03:00"", ""sys_nodes"": 1}}",5,dane/SO_C
582213de66,"{""config"": {""instance_level"": {""0"": {""match_policy"": ""first"", ""queue_depth"": 32, ""queue_policy"": ""fcfs"", ""reservation_depth"": 64}, ""1"": {""match_policy"": ""low"", ""queue_depth"": 32, ""queue_policy"": ""fcfs"", ""reservation_depth"": 64}, ""2"": {""job_request_cores_per_task"": 14, ""job_request_gpus_per_task"": 0, ""job_request_nodes"": 1, ""job_request_ntasks_per_node"": 1, ""job_request_time"": ""30s"", ""match_policy"": ""low"", ""n_jobs"": 1000, ""problem_class"": ""A"", ""queue_depth"": 32, ""queue_policy"": ""fcfs"", ""reservation_depth"": 64, ""workload"": ""sleep""}}}, ""system"": {""cpu_affinity"": true, ""flux_time_limit"": ""3m"", ""max_cores_per_node"": 112, ""max_gpus_per_node"": 0, ""queue"": ""pbatch"", ""slurm_time_limit"": ""00:03:00"", ""sys_nodes"": 1}}",1,dane/SO_C
582213de66,"{""config"": {""instance_level"": {""0"": {""match_policy"": ""first"", ""queue_depth"": 32, ""queue_policy"": ""fcfs"", ""reservation_depth"": 64}, ""1"": {""match_policy"": ""low"", ""queue_depth"": 32, ""queue_policy"": ""fcfs"", ""reservation_depth"": 64}, ""2"": {""job_request_cores_per_task"": 14, ""job_request_gpus_per_task"": 0, ""job_request_nodes"": 1, ""job_request_ntasks_per_node"": 1, ""job_request_time"": ""30s"", ""match_policy"": ""low"", ""n_jobs"": 1000, ""problem_class"": ""A"", ""queue_depth"": 32, ""queue_policy"": ""fcfs"", ""reservation_depth"": 64, ""workload"": ""sleep""}}}, ""system"": {""cpu_affinity"": true, ""flux_time_limit"": ""3m"", ""max_cores_per_node"": 112, ""max_gpus_per_node"": 0, ""queue"": ""pbatch"", ""slurm_time_limit"": ""00:03:00"", ""sys_nodes"": 1}}",2,dane/SO_C
582213de66,"{""config"": {""instance_level"": {""0"": {""match_policy"": ""first"", ""queue_depth"": 32, ""queue_policy"": ""fcfs"", ""reservation_depth"": 64}, ""1"": {""match_policy"": ""low"", ""queue_depth"": 32, ""queue_policy"": ""fcfs"", ""reservation_depth"": 64}, ""2"": {""job_request_cores_per_task"": 14, ""job_request_gpus_per_task"": 0, ""job_request_nodes"": 1, ""job_request_ntasks_per_node"": 1, ""job_request_time"": ""30s"", ""match_policy"": ""low"", ""n_jobs"": 1000, ""problem_class"": ""A"", ""queue_depth"": 32, ""queue_policy"": ""fcfs"", ""reservation_depth"": 64, ""workload"": ""sleep""}}}, ""system"": {""cpu_affinity"": true, ""flux_time_limit"": ""3m"", ""max_cores_per_node"": 112, ""max_gpus_per_node"": 0, ""queue"": ""pbatch"", ""slurm_time_limit"": ""00:03:00"", ""sys_nodes"": 1}}",3,dane/SO_C
582213de66,"{""config"": {""instance_level"": {""0"": {""match_policy"": ""first"", ""queue_depth"": 32, ""queue_policy"": ""fcfs"", ""reservation_depth"": 64}, ""1"": {""match_policy"": ""low"", ""queue_depth"": 32, ""queue_policy"": ""fcfs"", ""reservation_depth"": 64}, ""2"": {""job_request_cores_per_task"": 14, ""job_request_gpus_per_task"": 0, ""job_request_nodes"": 1, ""job_request_ntasks_per_node"": 1, ""job_request_time"": ""30s"", ""match_policy"": ""low"", ""n_jobs"": 1000, ""problem_class"": ""A"", ""queue_depth"": 32, ""queue_policy"": ""fcfs"", ""reservation_depth"": 64, ""workload"": ""sleep""}}}, ""system"": {""cpu_affinity"": true, ""flux_time_limit"": ""3m"", ""max_cores_per_node"": 112, ""max_gpus_per_node"": 0, ""queue"": ""pbatch"", ""slurm_time_limit"": ""00:03:00"", ""sys_nodes"": 1}}",4,dane/SO_C
582213de66,"{""config"": {""instance_level"": {""0"": {""match_policy"": ""first"", ""queue_depth"": 32, ""queue_policy"": ""fcfs"", ""reservation_depth"": 64}, ""1"": {""match_policy"": ""low"", ""queue_depth"": 32, ""queue_policy"": ""fcfs"", ""reservation_depth"": 64}, ""2"": {""job_request_cores_per_task"": 14, ""job_request_gpus_per_task"": 0, ""job_request_nodes"": 1, ""job_request_ntasks_per_node"": 1, ""job_request_time"": ""30s"", ""match_policy"": ""low"", ""n_jobs"": 1000, ""problem_class"": ""A"", ""queue_depth"": 32, ""queue_policy"": ""fcfs"", ""reservation_depth"": 64, ""workload"": ""sleep""}}}, ""system"": {""cpu_affinity"": true, ""flux_time_limit"": ""3m"", ""max_cores_per_node"": 112, ""max_gpus_per_node"": 0, ""queue"": ""pbatch"", ""slurm_time_limit"": ""00:03:00"", ""sys_nodes"": 1}}",5,dane/SO_C
bace48392b,"{""config"": {""instance_level"": {""0"": {""match_policy"": ""first"", ""queue_depth"": 32, ""queue_policy"": ""fcfs"", ""reservation_depth"": 64}, ""1"": {""match_policy"": ""low"", ""queue_depth"": 32, ""queue_policy"": ""fcfs"", ""reservation_depth"": 64}, ""2"": {""job_request_cores_per_task"": 1, ""job_request_gpus_per_task"": 0, ""job_request_nodes"": 1, ""job_request_ntasks_per_node"": 1, ""job_request_time"": ""30s"", ""match_policy"": ""low"", ""n_jobs"": 1000, ""problem_class"": ""A"", ""queue_depth"": 32, ""queue_policy"": ""hybrid"", ""reservation_depth"": 64, ""workload"": ""sleep""}}}, ""system"": {""cpu_affinity"": true, ""flux_time_limit"": ""3m"", ""max_cores_per_node"": 112, ""max_gpus_per_node"": 0, ""queue"": ""pbatch"", ""slurm_time_limit"": ""00:03:00"", ""sys_nodes"": 1}}",1,dane/SO_C
bace48392b,"{""config"": {""instance_level"": {""0"": {""match_policy"": ""first"", ""queue_depth"": 32, ""queue_policy"": ""fcfs"", ""reservation_depth"": 64}, ""1"": {""match_policy"": ""low"", ""queue_depth"": 32, ""queue_policy"": ""fcfs"", ""reservation_depth"": 64}, ""2"": {""job_request_cores_per_task"": 1, ""job_request_gpus_per_task"": 0, ""job_request_nodes"": 1, ""job_request_ntasks_per_node"": 1, ""job_request_time"": ""30s"", ""match_policy"": ""low"", ""n_jobs"": 1000, ""problem_class"": ""A"", ""queue_depth"": 32, ""queue_policy"": ""hybrid"", ""reservation_depth"": 64, ""workload"": ""sleep""}}}, ""system"": {""cpu_affinity"": true, ""flux_time_limit"": ""3m"", ""max_cores_per_node"": 112, ""max_gpus_per_node"": 0, ""queue"": ""pbatch"", ""slurm_time_limit"": ""00:03:00"", ""sys_nodes"": 1}}",2,dane/SO_C
bace48392b,"{""config"": {""instance_level"": {""0"": {""match_policy"": ""first"", ""queue_depth"": 32, ""queue_policy"": ""fcfs"", ""reservation_depth"": 64}, ""1"": {""match_policy"": ""low"", ""queue_depth"": 32, ""queue_policy"": ""fcfs"", ""reservation_depth"": 64}, ""2"": {""job_request_cores_per_task"": 1, ""job_request_gpus_per_task"": 0, ""job_request_nodes"": 1, ""job_request_ntasks_per_node"": 1, ""job_request_time"": ""30s"", ""match_policy"": ""low"", ""n_jobs"": 1000, ""problem_class"": ""A"", ""queue_depth"": 32, ""queue_policy"": ""hybrid"", ""reservation_depth"": 64, ""workload"": ""sleep""}}}, ""system"": {""cpu_affinity"": true, ""flux_time_limit"": ""3m"", ""max_cores_per_node"": 112, ""max_gpus_per_node"": 0, ""queue"": ""pbatch"", ""slurm_time_limit"": ""00:03:00"", ""sys_nodes"": 1}}",3,dane/SO_C
bace48392b,"{""config"": {""instance_level"": {""0"": {""match_policy"": ""first"", ""queue_depth"": 32, ""queue_policy"": ""fcfs"", ""reservation_depth"": 64}, ""1"": {""match_policy"": ""low"", ""queue_depth"": 32, ""queue_policy"": ""fcfs"", ""reservation_depth"": 64}, ""2"": {""job_request_cores_per_task"": 1, ""job_request_gpus_per_task"": 0, ""job_request_nodes"": 1, ""job_request_ntasks_per_node"": 1, ""job_request_time"": ""30s"", ""match_policy"": ""low"", ""n_jobs"": 1000, ""problem_class"": ""A"", ""queue_depth"": 32, ""queue_policy"": ""hybrid"", ""reservation_depth"": 64, ""workload"": ""sleep""}}}, ""system"": {""cpu_affinity"": true, ""flux_time_limit"": ""3m"", ""max_cores_per_node"": 112, ""max_gpus_per_node"": 0, ""queue"": ""pbatch"", ""slurm_time_limit"": ""00:03:00"", ""sys_nodes"": 1}}",4,dane/SO_C
bace48392b,"{""config"": {""instance_level"": {""0"": {""match_policy"": ""first"", ""queue_depth"": 32, ""queue_policy"": ""fcfs"", ""reservation_depth"": 64}, ""1"": {""match_policy"": ""low"", ""queue_depth"": 32, ""queue_policy"": ""fcfs"", ""reservation_depth"": 64}, ""2"": {""job_request_cores_per_task"": 1, ""job_request_gpus_per_task"": 0, ""job_request_nodes"": 1, ""job_request_ntasks_per_node"": 1, ""job_request_time"": ""30s"", ""match_policy"": ""low"", ""n_jobs"": 1000, ""problem_class"": ""A"", ""queue_depth"": 32, ""queue_policy"": ""hybrid"", ""reservation_depth"": 64, ""workload"": ""sleep""}}}, ""system"": {""cpu_affinity"": true, ""flux_time_limit"": ""3m"", ""max_cores_per_node"": 112, ""max_gpus_per_node"": 0, ""queue"": ""pbatch"", ""slurm_time_limit"": ""00:03:00"", ""sys_nodes"": 1}}",5,dane/SO_C
d7c484ba86,"{""config"": {""instance_level"": {""0"": {""match_policy"": ""first"", ""queue_depth"": 32, ""queue_policy"": ""fcfs"", ""reservation_depth"": 64}, ""1"": {""match_policy"": ""low"", ""queue_depth"": 32, ""queue_policy"": ""fcfs"", ""reservation_depth"": 64}, ""2"": {""job_request_cores_per_task"": 14, ""job_request_gpus_per_task"": 0, ""job_request_nodes"": 1, ""job_request_ntasks_per_node"": 1, ""job_request_time"": ""30s"", ""match_policy"": ""low"", ""n_jobs"": 1000, ""problem_class"": ""A"", ""queue_depth"": 32, ""queue_policy"": ""hybrid"", ""reservation_depth"": 64, ""workload"": ""sleep""}}}, ""system"": {""cpu_affinity"": true, ""flux_time_limit"": ""3m"", ""max_cores_per_node"": 112, ""max_gpus_per_node"": 0, ""queue"": ""pbatch"", ""slurm_time_limit"": ""00:03:00"", ""sys_nodes"": 1}}",1,dane/SO_C
d7c484ba86,"{""config"": {""instance_level"": {""0"": {""match_policy"": ""first"", ""queue_depth"": 32, ""queue_policy"": ""fcfs"", ""reservation_depth"": 64}, ""1"": {""match_policy"": ""low"", ""queue_depth"": 32, ""queue_policy"": ""fcfs"", ""reservation_depth"": 64}, ""2"": {""job_request_cores_per_task"": 14, ""job_request_gpus_per_task"": 0, ""job_request_nodes"": 1, ""job_request_ntasks_per_node"": 1, ""job_request_time"": ""30s"", ""match_policy"": ""low"", ""n_jobs"": 1000, ""problem_class"": ""A"", ""queue_depth"": 32, ""queue_policy"": ""hybrid"", ""reservation_depth"": 64, ""workload"": ""sleep""}}}, ""system"": {""cpu_affinity"": true, ""flux_time_limit"": ""3m"", ""max_cores_per_node"": 112, ""max_gpus_per_node"": 0, ""queue"": ""pbatch"", ""slurm_time_limit"": ""00:03:00"", ""sys_nodes"": 1}}",2,dane/SO_C
d7c484ba86,"{""config"": {""instance_level"": {""0"": {""match_policy"": ""first"", ""queue_depth"": 32, ""queue_policy"": ""fcfs"", ""reservation_depth"": 64}, ""1"": {""match_policy"": ""low"", ""queue_depth"": 32, ""queue_policy"": ""fcfs"", ""reservation_depth"": 64}, ""2"": {""job_request_cores_per_task"": 14, ""job_request_gpus_per_task"": 0, ""job_request_nodes"": 1, ""job_request_ntasks_per_node"": 1, ""job_request_time"": ""30s"", ""match_policy"": ""low"", ""n_jobs"": 1000, ""problem_class"": ""A"", ""queue_depth"": 32, ""queue_policy"": ""hybrid"", ""reservation_depth"": 64, ""workload"": ""sleep""}}}, ""system"": {""cpu_affinity"": true, ""flux_time_limit"": ""3m"", ""max_cores_per_node"": 112, ""max_gpus_per_node"": 0, ""queue"": ""pbatch"", ""slurm_time_limit"": ""00:03:00"", ""sys_nodes"": 1}}",3,dane/SO_C
d7c484ba86,"{""config"": {""instance_level"": {""0"": {""match_policy"": ""first"", ""queue_depth"": 32, ""queue_policy"": ""fcfs"", ""reservation_depth"": 64}, ""1"": {""match_policy"": ""low"", ""queue_depth"": 32, ""queue_policy"": ""fcfs"", ""reservation_depth"": 64}, ""2"": {""job_request_cores_per_task"": 14, ""job_request_gpus_per_task"": 0, ""job_request_nodes"": 1, ""job_request_ntasks_per_node"": 1, ""job_request_time"": ""30s"", ""match_policy"": ""low"", ""n_jobs"": 1000, ""problem_class"": ""A"", ""queue_depth"": 32, ""queue_policy"": ""hybrid"", ""reservation_depth"": 64, ""workload"": ""sleep""}}}, ""system"": {""cpu_affinity"": true, ""flux_time_limit"": ""3m"", ""max_cores_per_node"": 112, ""max_gpus_per_node"": 0, ""queue"": ""pbatch"", ""slurm_time_limit"": ""00:03:00"", ""sys_nodes"": 1}}",4,dane/SO_C
d7c484ba86,"{""config"": {""instance_level"": {""0"": {""match_policy"": ""first"", ""queue_depth"": 32, ""queue_policy"": ""fcfs"", ""reservation_depth"": 64}, ""1"": {""match_policy"": ""low"", ""queue_depth"": 32, ""queue_policy"": ""fcfs"", ""reservation_depth"": 64}, ""2"": {""job_request_cores_per_task"": 14, ""job_request_gpus_per_task"": 0, ""job_request_nodes"": 1, ""job_request_ntasks_per_node"": 1, ""job_request_time"": ""30s"", ""match_policy"": ""low"", ""n_jobs"": 1000, ""problem_class"": ""A"", ""queue_depth"": 32, ""queue_policy"": ""hybrid"", ""reservation_depth"": 64, ""workload"": ""sleep""}}}, ""system"": {""cpu_affinity"": true, ""flux_time_limit"": ""3m"", ""max_cores_per_node"": 112, ""max_gpus_per_node"": 0, ""queue"": ""pbatch"", ""slurm_time_limit"": ""00:03:00"", ""sys_nodes"": 1}}",5,dane/SO_C
210c80e3fe,"{""config"": {""instance_level"": {""0"": {""match_policy"": ""first"", ""queue_depth"": 32, ""queue_policy"": ""fcfs"", ""reservation_depth"": 64}, ""1"": {""match_policy"": ""low"", ""queue_depth"": 32, ""queue_policy"": ""hybrid"", ""reservation_depth"": 64}, ""2"": {""job_request_cores_per_task"": 1, ""job_request_gpus_per_task"": 0, ""job_request_nodes"": 1, ""job_request_ntasks_per_node"": 1, ""job_request_time"": ""30s"", ""match_policy"": ""first"", ""n_jobs"": 1000, ""problem_class"": ""A"", ""queue_depth"": 32, ""queue_policy"": ""fcfs"", ""reservation_depth"": 64, ""workload"": ""sleep""}}}, ""system"": {""cpu_affinity"": true, ""flux_time_limit"": ""3m"", ""max_cores_per_node"": 112, ""max_gpus_per_node"": 0, ""queue"": ""pbatch"", ""slurm_time_limit"": ""00:03:00"", ""sys_nodes"": 1}}",1,dane/SO_C
210c80e3fe,"{""config"": {""instance_level"": {""0"": {""match_policy"": ""first"", ""queue_depth"": 32, ""queue_policy"": ""fcfs"", ""reservation_depth"": 64}, ""1"": {""match_policy"": ""low"", ""queue_depth"": 32, ""queue_policy"": ""hybrid"", ""reservation_depth"": 64}, ""2"": {""job_request_cores_per_task"": 1, ""job_request_gpus_per_task"": 0, ""job_request_nodes"": 1, ""job_request_ntasks_per_node"": 1, ""job_request_time"": ""30s"", ""match_policy"": ""first"", ""n_jobs"": 1000, ""problem_class"": ""A"", ""queue_depth"": 32, ""queue_policy"": ""fcfs"", ""reservation_depth"": 64, ""workload"": ""sleep""}}}, ""system"": {""cpu_affinity"": true, ""flux_time_limit"": ""3m"", ""max_cores_per_node"": 112, ""max_gpus_per_node"": 0, ""queue"": ""pbatch"", ""slurm_time_limit"": ""00:03:00"", ""sys_nodes"": 1}}",2,dane/SO_C
210c80e3fe,"{""config"": {""instance_level"": {""0"": {""match_policy"": ""first"", ""queue_depth"": 32, ""queue_policy"": ""fcfs"", ""reservation_depth"": 64}, ""1"": {""match_policy"": ""low"", ""queue_depth"": 32, ""queue_policy"": ""hybrid"", ""reservation_depth"": 64}, ""2"": {""job_request_cores_per_task"": 1, ""job_request_gpus_per_task"": 0, ""job_request_nodes"": 1, ""job_request_ntasks_per_node"": 1, ""job_request_time"": ""30s"", ""match_policy"": ""first"", ""n_jobs"": 1000, ""problem_class"": ""A"", ""queue_depth"": 32, ""queue_policy"": ""fcfs"", ""reservation_depth"": 64, ""workload"": ""sleep""}}}, ""system"": {""cpu_affinity"": true, ""flux_time_limit"": ""3m"", ""max_cores_per_node"": 112, ""max_gpus_per_node"": 0, ""queue"": ""pbatch"", ""slurm_time_limit"": ""00:03:00"", ""sys_nodes"": 1}}",3,dane/SO_C
210c80e3fe,"{""config"": {""instance_level"": {""0"": {""match_policy"": ""first"", ""queue_depth"": 32, ""queue_policy"": ""fcfs"", ""reservation_depth"": 64}, ""1"": {""match_policy"": ""low"", ""queue_depth"": 32, ""queue_policy"": ""hybrid"", ""reservation_depth"": 64}, ""2"": {""job_request_cores_per_task"": 1, ""job_request_gpus_per_task"": 0, ""job_request_nodes"": 1, ""job_request_ntasks_per_node"": 1, ""job_request_time"": ""30s"", ""match_policy"": ""first"", ""n_jobs"": 1000, ""problem_class"": ""A"", ""queue_depth"": 32, ""queue_policy"": ""fcfs"", ""reservation_depth"": 64, ""workload"": ""sleep""}}}, ""system"": {""cpu_affinity"": true, ""flux_time_limit"": ""3m"", ""max_cores_per_node"": 112, ""max_gpus_per_node"": 0, ""queue"": ""pbatch"", ""slurm_time_limit"": ""00:03:00"", ""sys_nodes"": 1}}",4,dane/SO_C
210c80e3fe,"{""config"": {""instance_level"": {""0"": {""match_policy"": ""first"", ""queue_depth"": 32, ""queue_policy"": ""fcfs"", ""reservation_depth"": 64}, ""1"": {""match_policy"": ""low"", ""queue_depth"": 32, ""queue_policy"": ""hybrid"", ""reservation_depth"": 64}, ""2"": {""job_request_cores_per_task"": 1, ""job_request_gpus_per_task"": 0, ""job_request_nodes"": 1, ""job_request_ntasks_per_node"": 1, ""job_request_time"": ""30s"", ""match_policy"": ""first"", ""n_jobs"": 1000, ""problem_class"": ""A"", ""queue_depth"": 32, ""queue_policy"": ""fcfs"", ""reservation_depth"": 64, ""workload"": ""sleep""}}}, ""system"": {""cpu_affinity"": true, ""flux_time_limit"": ""3m"", ""max_cores_per_node"": 112, ""max_gpus_per_node"": 0, ""queue"": ""pbatch"", ""slurm_time_limit"": ""00:03:00"", ""sys_nodes"": 1}}",5,dane/SO_C
0b2555580c,"{""config"": {""instance_level"": {""0"": {""match_policy"": ""first"", ""queue_depth"": 32, ""queue_policy"": ""fcfs"", ""reservation_depth"": 64}, ""1"": {""match_policy"": ""low"", ""queue_depth"": 32, ""queue_policy"": ""hybrid"", ""reservation_depth"": 64}, ""2"": {""job_request_cores_per_task"": 14, ""job_request_gpus_per_task"": 0, ""job_request_nodes"": 1, ""job_request_ntasks_per_node"": 1, ""job_request_time"": ""30s"", ""match_policy"": ""first"", ""n_jobs"": 1000, ""problem_class"": ""A"", ""queue_depth"": 32, ""queue_policy"": ""fcfs"", ""reservation_depth"": 64, ""workload"": ""sleep""}}}, ""system"": {""cpu_affinity"": true, ""flux_time_limit"": ""3m"", ""max_cores_per_node"": 112, ""max_gpus_per_node"": 0, ""queue"": ""pbatch"", ""slurm_time_limit"": ""00:03:00"", ""sys_nodes"": 1}}",1,dane/SO_C
0b2555580c,"{""config"": {""instance_level"": {""0"": {""match_policy"": ""first"", ""queue_depth"": 32, ""queue_policy"": ""fcfs"", ""reservation_depth"": 64}, ""1"": {""match_policy"": ""low"", ""queue_depth"": 32, ""queue_policy"": ""hybrid"", ""reservation_depth"": 64}, ""2"": {""job_request_cores_per_task"": 14, ""job_request_gpus_per_task"": 0, ""job_request_nodes"": 1, ""job_request_ntasks_per_node"": 1, ""job_request_time"": ""30s"", ""match_policy"": ""first"", ""n_jobs"": 1000, ""problem_class"": ""A"", ""queue_depth"": 32, ""queue_policy"": ""fcfs"", ""reservation_depth"": 64, ""workload"": ""sleep""}}}, ""system"": {""cpu_affinity"": true, ""flux_time_limit"": ""3m"", ""max_cores_per_node"": 112, ""max_gpus_per_node"": 0, ""queue"": ""pbatch"", ""slurm_time_limit"": ""00:03:00"", ""sys_nodes"": 1}}",2,dane/SO_C
0b2555580c,"{""config"": {""instance_level"": {""0"": {""match_policy"": ""first"", ""queue_depth"": 32, ""queue_policy"": ""fcfs"", ""reservation_depth"": 64}, ""1"": {""match_policy"": ""low"", ""queue_depth"": 32, ""queue_policy"": ""hybrid"", ""reservation_depth"": 64}, ""2"": {""job_request_cores_per_task"": 14, ""job_request_gpus_per_task"": 0, ""job_request_nodes"": 1, ""job_request_ntasks_per_node"": 1, ""job_request_time"": ""30s"", ""match_policy"": ""first"", ""n_jobs"": 1000, ""problem_class"": ""A"", ""queue_depth"": 32, ""queue_policy"": ""fcfs"", ""reservation_depth"": 64, ""workload"": ""sleep""}}}, ""system"": {""cpu_affinity"": true, ""flux_time_limit"": ""3m"", ""max_cores_per_node"": 112, ""max_gpus_per_node"": 0, ""queue"": ""pbatch"", ""slurm_time_limit"": ""00:03:00"", ""sys_nodes"": 1}}",3,dane/SO_C
0b2555580c,"{""config"": {""instance_level"": {""0"": {""match_policy"": ""first"", ""queue_depth"": 32, ""queue_policy"": ""fcfs"", ""reservation_depth"": 64}, ""1"": {""match_policy"": ""low"", ""queue_depth"": 32, ""queue_policy"": ""hybrid"", ""reservation_depth"": 64}, ""2"": {""job_request_cores_per_task"": 14, ""job_request_gpus_per_task"": 0, ""job_request_nodes"": 1, ""job_request_ntasks_per_node"": 1, ""job_request_time"": ""30s"", ""match_policy"": ""first"", ""n_jobs"": 1000, ""problem_class"": ""A"", ""queue_depth"": 32, ""queue_policy"": ""fcfs"", ""reservation_depth"": 64, ""workload"": ""sleep""}}}, ""system"": {""cpu_affinity"": true, ""flux_time_limit"": ""3m"", ""max_cores_per_node"": 112, ""max_gpus_per_node"": 0, ""queue"": ""pbatch"", ""slurm_time_limit"": ""00:03:00"", ""sys_nodes"": 1}}",4,dane/SO_C
0b2555580c,"{""config"": {""instance_level"": {""0"": {""match_policy"": ""first"", ""queue_depth"": 32, ""queue_policy"": ""fcfs"", ""reservation_depth"": 64}, ""1"": {""match_policy"": ""low"", ""queue_depth"": 32, ""queue_policy"": ""hybrid"", ""reservation_depth"": 64}, ""2"": {""job_request_cores_per_task"": 14, ""job_request_gpus_per_task"": 0, ""job_request_nodes"": 1, ""job_request_ntasks_per_node"": 1, ""job_request_time"": ""30s"", ""match_policy"": ""first"", ""n_jobs"": 1000, ""problem_class"": ""A"", ""queue_depth"": 32, ""queue_policy"": ""fcfs"", ""reservation_depth"": 64, ""workload"": ""sleep""}}}, ""system"": {""cpu_affinity"": true, ""flux_time_limit"": ""3m"", ""max_cores_per_node"": 112, ""max_gpus_per_node"": 0, ""queue"": ""pbatch"", ""slurm_time_limit"": ""00:03:00"", ""sys_nodes"": 1}}",5,dane/SO_C
e662672ca6,"{""config"": {""instance_level"": {""0"": {""match_policy"": ""first"", ""queue_depth"": 32, ""queue_policy"": ""fcfs"", ""reservation_depth"": 64}, ""1"": {""match_policy"": ""low"", ""queue_depth"": 32, ""queue_policy"": ""hybrid"", ""reservation_depth"": 64}, ""2"": {""job_request_cores_per_task"": 1, ""job_request_gpus_per_task"": 0, ""job_request_nodes"": 1, ""job_request_ntasks_per_node"": 1, ""job_request_time"": ""30s"", ""match_policy"": ""first"", ""n_jobs"": 1000, ""problem_class"": ""A"", ""queue_depth"": 32, ""queue_policy"": ""hybrid"", ""reservation_depth"": 64, ""workload"": ""sleep""}}}, ""system"": {""cpu_affinity"": true, ""flux_time_limit"": ""3m"", ""max_cores_per_node"": 112, ""max_gpus_per_node"": 0, ""queue"": ""pbatch"", ""slurm_time_limit"": ""00:03:00"", ""sys_nodes"": 1}}",1,dane/SO_C
e662672ca6,"{""config"": {""instance_level"": {""0"": {""match_policy"": ""first"", ""queue_depth"": 32, ""queue_policy"": ""fcfs"", ""reservation_depth"": 64}, ""1"": {""match_policy"": ""low"", ""queue_depth"": 32, ""queue_policy"": ""hybrid"", ""reservation_depth"": 64}, ""2"": {""job_request_cores_per_task"": 1, ""job_request_gpus_per_task"": 0, ""job_request_nodes"": 1, ""job_request_ntasks_per_node"": 1, ""job_request_time"": ""30s"", ""match_policy"": ""first"", ""n_jobs"": 1000, ""problem_class"": ""A"", ""queue_depth"": 32, ""queue_policy"": ""hybrid"", ""reservation_depth"": 64, ""workload"": ""sleep""}}}, ""system"": {""cpu_affinity"": true, ""flux_time_limit"": ""3m"", ""max_cores_per_node"": 112, ""max_gpus_per_node"": 0, ""queue"": ""pbatch"", ""slurm_time_limit"": ""00:03:00"", ""sys_nodes"": 1}}",2,dane/SO_C
e662672ca6,"{""config"": {""instance_level"": {""0"": {""match_policy"": ""first"", ""queue_depth"": 32, ""queue_policy"": ""fcfs"", ""reservation_depth"": 64}, ""1"": {""match_policy"": ""low"", ""queue_depth"": 32, ""queue_policy"": ""hybrid"", ""reservation_depth"": 64}, ""2"": {""job_request_cores_per_task"": 1, ""job_request_gpus_per_task"": 0, ""job_request_nodes"": 1, ""job_request_ntasks_per_node"": 1, ""job_request_time"": ""30s"", ""match_policy"": ""first"", ""n_jobs"": 1000, ""problem_class"": ""A"", ""queue_depth"": 32, ""queue_policy"": ""hybrid"", ""reservation_depth"": 64, ""workload"": ""sleep""}}}, ""system"": {""cpu_affinity"": true, ""flux_time_limit"": ""3m"", ""max_cores_per_node"": 112, ""max_gpus_per_node"": 0, ""queue"": ""pbatch"", ""slurm_time_limit"": ""00:03:00"", ""sys_nodes"": 1}}",3,dane/SO_C
e662672ca6,"{""config"": {""instance_level"": {""0"": {""match_policy"": ""first"", ""queue_depth"": 32, ""queue_policy"": ""fcfs"", ""reservation_depth"": 64}, ""1"": {""match_policy"": ""low"", ""queue_depth"": 32, ""queue_policy"": ""hybrid"", ""reservation_depth"": 64}, ""2"": {""job_request_cores_per_task"": 1, ""job_request_gpus_per_task"": 0, ""job_request_nodes"": 1, ""job_request_ntasks_per_node"": 1, ""job_request_time"": ""30s"", ""match_policy"": ""first"", ""n_jobs"": 1000, ""problem_class"": ""A"", ""queue_depth"": 32, ""queue_policy"": ""hybrid"", ""reservation_depth"": 64, ""workload"": ""sleep""}}}, ""system"": {""cpu_affinity"": true, ""flux_time_limit"": ""3m"", ""max_cores_per_node"": 112, ""max_gpus_per_node"": 0, ""queue"": ""pbatch"", ""slurm_time_limit"": ""00:03:00"", ""sys_nodes"": 1}}",4,dane/SO_C
e662672ca6,"{""config"": {""instance_level"": {""0"": {""match_policy"": ""first"", ""queue_depth"": 32, ""queue_policy"": ""fcfs"", ""reservation_depth"": 64}, ""1"": {""match_policy"": ""low"", ""queue_depth"": 32, ""queue_policy"": ""hybrid"", ""reservation_depth"": 64}, ""2"": {""job_request_cores_per_task"": 1, ""job_request_gpus_per_task"": 0, ""job_request_nodes"": 1, ""job_request_ntasks_per_node"": 1, ""job_request_time"": ""30s"", ""match_policy"": ""first"", ""n_jobs"": 1000, ""problem_class"": ""A"", ""queue_depth"": 32, ""queue_policy"": ""hybrid"", ""reservation_depth"": 64, ""workload"": ""sleep""}}}, ""system"": {""cpu_affinity"": true, ""flux_time_limit"": ""3m"", ""max_cores_per_node"": 112, ""max_gpus_per_node"": 0, ""queue"": ""pbatch"", ""slurm_time_limit"": ""00:03:00"", ""sys_nodes"": 1}}",5,dane/SO_C
8feaf045a3,"{""config"": {""instance_level"": {""0"": {""match_policy"": ""first"", ""queue_depth"": 32, ""queue_policy"": ""fcfs"", ""reservation_depth"": 64}, ""1"": {""match_policy"": ""low"", ""queue_depth"": 32, ""queue_policy"": ""hybrid"", ""reservation_depth"": 64}, ""2"": {""job_request_cores_per_task"": 14, ""job_request_gpus_per_task"": 0, ""job_request_nodes"": 1, ""job_request_ntasks_per_node"": 1, ""job_request_time"": ""30s"", ""match_policy"": ""first"", ""n_jobs"": 1000, ""problem_class"": ""A"", ""queue_depth"": 32, ""queue_policy"": ""hybrid"", ""reservation_depth"": 64, ""workload"": ""sleep""}}}, ""system"": {""cpu_affinity"": true, ""flux_time_limit"": ""3m"", ""max_cores_per_node"": 112, ""max_gpus_per_node"": 0, ""queue"": ""pbatch"", ""slurm_time_limit"": ""00:03:00"", ""sys_nodes"": 1}}",1,dane/SO_C
8feaf045a3,"{""config"": {""instance_level"": {""0"": {""match_policy"": ""first"", ""queue_depth"": 32, ""queue_policy"": ""fcfs"", ""reservation_depth"": 64}, ""1"": {""match_policy"": ""low"", ""queue_depth"": 32, ""queue_policy"": ""hybrid"", ""reservation_depth"": 64}, ""2"": {""job_request_cores_per_task"": 14, ""job_request_gpus_per_task"": 0, ""job_request_nodes"": 1, ""job_request_ntasks_per_node"": 1, ""job_request_time"": ""30s"", ""match_policy"": ""first"", ""n_jobs"": 1000, ""problem_class"": ""A"", ""queue_depth"": 32, ""queue_policy"": ""hybrid"", ""reservation_depth"": 64, ""workload"": ""sleep""}}}, ""system"": {""cpu_affinity"": true, ""flux_time_limit"": ""3m"", ""max_cores_per_node"": 112, ""max_gpus_per_node"": 0, ""queue"": ""pbatch"", ""slurm_time_limit"": ""00:03:00"", ""sys_nodes"": 1}}",2,dane/SO_C
8feaf045a3,"{""config"": {""instance_level"": {""0"": {""match_policy"": ""first"", ""queue_depth"": 32, ""queue_policy"": ""fcfs"", ""reservation_depth"": 64}, ""1"": {""match_policy"": ""low"", ""queue_depth"": 32, ""queue_policy"": ""hybrid"", ""reservation_depth"": 64}, ""2"": {""job_request_cores_per_task"": 14, ""job_request_gpus_per_task"": 0, ""job_request_nodes"": 1, ""job_request_ntasks_per_node"": 1, ""job_request_time"": ""30s"", ""match_policy"": ""first"", ""n_jobs"": 1000, ""problem_class"": ""A"", ""queue_depth"": 32, ""queue_policy"": ""hybrid"", ""reservation_depth"": 64, ""workload"": ""sleep""}}}, ""system"": {""cpu_affinity"": true, ""flux_time_limit"": ""3m"", ""max_cores_per_node"": 112, ""max_gpus_per_node"": 0, ""queue"": ""pbatch"", ""slurm_time_limit"": ""00:03:00"", ""sys_nodes"": 1}}",3,dane/SO_C
8feaf045a3,"{""config"": {""instance_level"": {""0"": {""match_policy"": ""first"", ""queue_depth"": 32, ""queue_policy"": ""fcfs"", ""reservation_depth"": 64}, ""1"": {""match_policy"": ""low"", ""queue_depth"": 32, ""queue_policy"": ""hybrid"", ""reservation_depth"": 64}, ""2"": {""job_request_cores_per_task"": 14, ""job_request_gpus_per_task"": 0, ""job_request_nodes"": 1, ""job_request_ntasks_per_node"": 1, ""job_request_time"": ""30s"", ""match_policy"": ""first"", ""n_jobs"": 1000, ""problem_class"": ""A"", ""queue_depth"": 32, ""queue_policy"": ""hybrid"", ""reservation_depth"": 64, ""workload"": ""sleep""}}}, ""system"": {""cpu_affinity"": true, ""flux_time_limit"": ""3m"", ""max_cores_per_node"": 112, ""max_gpus_per_node"": 0, ""queue"": ""pbatch"", ""slurm_time_limit"": ""00:03:00"", ""sys_nodes"": 1}}",4,dane/SO_C
8feaf045a3,"{""config"": {""instance_level"": {""0"": {""match_policy"": ""first"", ""queue_depth"": 32, ""queue_policy"": ""fcfs"", ""reservation_depth"": 64}, ""1"": {""match_policy"": ""low"", ""queue_depth"": 32, ""queue_policy"": ""hybrid"", ""reservation_depth"": 64}, ""2"": {""job_request_cores_per_task"": 14, ""job_request_gpus_per_task"": 0, ""job_request_nodes"": 1, ""job_request_ntasks_per_node"": 1, ""job_request_time"": ""30s"", ""match_policy"": ""first"", ""n_jobs"": 1000, ""problem_class"": ""A"", ""queue_depth"": 32, ""queue_policy"": ""hybrid"", ""reservation_depth"": 64, ""workload"": ""sleep""}}}, ""system"": {""cpu_affinity"": true, ""flux_time_limit"": ""3m"", ""max_cores_per_node"": 112, ""max_gpus_per_node"": 0, ""queue"": ""pbatch"", ""slurm_time_limit"": ""00:03:00"", ""sys_nodes"": 1}}",5,dane/SO_C
a85568eef6,"{""config"": {""instance_level"": {""0"": {""match_policy"": ""first"", ""queue_depth"": 32, ""queue_policy"": ""fcfs"", ""reservation_depth"": 64}, ""1"": {""match_policy"": ""low"", ""queue_depth"": 32, ""queue_policy"": ""hybrid"", ""reservation_depth"": 64}, ""2"": {""job_request_cores_per_task"": 1, ""job_request_gpus_per_task"": 0, ""job_request_nodes"": 1, ""job_request_ntasks_per_node"": 1, ""job_request_time"": ""30s"", ""match_policy"": ""low"", ""n_jobs"": 1000, ""problem_class"": ""A"", ""queue_depth"": 32, ""queue_policy"": ""fcfs"", ""reservation_depth"": 64, ""workload"": ""sleep""}}}, ""system"": {""cpu_affinity"": true, ""flux_time_limit"": ""3m"", ""max_cores_per_node"": 112, ""max_gpus_per_node"": 0, ""queue"": ""pbatch"", ""slurm_time_limit"": ""00:03:00"", ""sys_nodes"": 1}}",1,dane/SO_C
a85568eef6,"{""config"": {""instance_level"": {""0"": {""match_policy"": ""first"", ""queue_depth"": 32, ""queue_policy"": ""fcfs"", ""reservation_depth"": 64}, ""1"": {""match_policy"": ""low"", ""queue_depth"": 32, ""queue_policy"": ""hybrid"", ""reservation_depth"": 64}, ""2"": {""job_request_cores_per_task"": 1, ""job_request_gpus_per_task"": 0, ""job_request_nodes"": 1, ""job_request_ntasks_per_node"": 1, ""job_request_time"": ""30s"", ""match_policy"": ""low"", ""n_jobs"": 1000, ""problem_class"": ""A"", ""queue_depth"": 32, ""queue_policy"": ""fcfs"", ""reservation_depth"": 64, ""workload"": ""sleep""}}}, ""system"": {""cpu_affinity"": true, ""flux_time_limit"": ""3m"", ""max_cores_per_node"": 112, ""max_gpus_per_node"": 0, ""queue"": ""pbatch"", ""slurm_time_limit"": ""00:03:00"", ""sys_nodes"": 1}}",2,dane/SO_C
a85568eef6,"{""config"": {""instance_level"": {""0"": {""match_policy"": ""first"", ""queue_depth"": 32, ""queue_policy"": ""fcfs"", ""reservation_depth"": 64}, ""1"": {""match_policy"": ""low"", ""queue_depth"": 32, ""queue_policy"": ""hybrid"", ""reservation_depth"": 64}, ""2"": {""job_request_cores_per_task"": 1, ""job_request_gpus_per_task"": 0, ""job_request_nodes"": 1, ""job_request_ntasks_per_node"": 1, ""job_request_time"": ""30s"", ""match_policy"": ""low"", ""n_jobs"": 1000, ""problem_class"": ""A"", ""queue_depth"": 32, ""queue_policy"": ""fcfs"", ""reservation_depth"": 64, ""workload"": ""sleep""}}}, ""system"": {""cpu_affinity"": true, ""flux_time_limit"": ""3m"", ""max_cores_per_node"": 112, ""max_gpus_per_node"": 0, ""queue"": ""pbatch"", ""slurm_time_limit"": ""00:03:00"", ""sys_nodes"": 1}}",3,dane/SO_C
a85568eef6,"{""config"": {""instance_level"": {""0"": {""match_policy"": ""first"", ""queue_depth"": 32, ""queue_policy"": ""fcfs"", ""reservation_depth"": 64}, ""1"": {""match_policy"": ""low"", ""queue_depth"": 32, ""queue_policy"": ""hybrid"", ""reservation_depth"": 64}, ""2"": {""job_request_cores_per_task"": 1, ""job_request_gpus_per_task"": 0, ""job_request_nodes"": 1, ""job_request_ntasks_per_node"": 1, ""job_request_time"": ""30s"", ""match_policy"": ""low"", ""n_jobs"": 1000, ""problem_class"": ""A"", ""queue_depth"": 32, ""queue_policy"": ""fcfs"", ""reservation_depth"": 64, ""workload"": ""sleep""}}}, ""system"": {""cpu_affinity"": true, ""flux_time_limit"": ""3m"", ""max_cores_per_node"": 112, ""max_gpus_per_node"": 0, ""queue"": ""pbatch"", ""slurm_time_limit"": ""00:03:00"", ""sys_nodes"": 1}}",4,dane/SO_C
a85568eef6,"{""config"": {""instance_level"": {""0"": {""match_policy"": ""first"", ""queue_depth"": 32, ""queue_policy"": ""fcfs"", ""reservation_depth"": 64}, ""1"": {""match_policy"": ""low"", ""queue_depth"": 32, ""queue_policy"": ""hybrid"", ""reservation_depth"": 64}, ""2"": {""job_request_cores_per_task"": 1, ""job_request_gpus_per_task"": 0, ""job_request_nodes"": 1, ""job_request_ntasks_per_node"": 1, ""job_request_time"": ""30s"", ""match_policy"": ""low"", ""n_jobs"": 1000, ""problem_class"": ""A"", ""queue_depth"": 32, ""queue_policy"": ""fcfs"", ""reservation_depth"": 64, ""workload"": ""sleep""}}}, ""system"": {""cpu_affinity"": true, ""flux_time_limit"": ""3m"", ""max_cores_per_node"": 112, ""max_gpus_per_node"": 0, ""queue"": ""pbatch"", ""slurm_time_limit"": ""00:03:00"", ""sys_nodes"": 1}}",5,dane/SO_C
a757f57516,"{""config"": {""instance_level"": {""0"": {""match_policy"": ""first"", ""queue_depth"": 32, ""queue_policy"": ""fcfs"", ""reservation_depth"": 64}, ""1"": {""match_policy"": ""low"", ""queue_depth"": 32, ""queue_policy"": ""hybrid"", ""reservation_depth"": 64}, ""2"": {""job_request_cores_per_task"": 14, ""job_request_gpus_per_task"": 0, ""job_request_nodes"": 1, ""job_request_ntasks_per_node"": 1, ""job_request_time"": ""30s"", ""match_policy"": ""low"", ""n_jobs"": 1000, ""problem_class"": ""A"", ""queue_depth"": 32, ""queue_policy"": ""fcfs"", ""reservation_depth"": 64, ""workload"": ""sleep""}}}, ""system"": {""cpu_affinity"": true, ""flux_time_limit"": ""3m"", ""max_cores_per_node"": 112, ""max_gpus_per_node"": 0, ""queue"": ""pbatch"", ""slurm_time_limit"": ""00:03:00"", ""sys_nodes"": 1}}",1,dane/SO_C
a757f57516,"{""config"": {""instance_level"": {""0"": {""match_policy"": ""first"", ""queue_depth"": 32, ""queue_policy"": ""fcfs"", ""reservation_depth"": 64}, ""1"": {""match_policy"": ""low"", ""queue_depth"": 32, ""queue_policy"": ""hybrid"", ""reservation_depth"": 64}, ""2"": {""job_request_cores_per_task"": 14, ""job_request_gpus_per_task"": 0, ""job_request_nodes"": 1, ""job_request_ntasks_per_node"": 1, ""job_request_time"": ""30s"", ""match_policy"": ""low"", ""n_jobs"": 1000, ""problem_class"": ""A"", ""queue_depth"": 32, ""queue_policy"": ""fcfs"", ""reservation_depth"": 64, ""workload"": ""sleep""}}}, ""system"": {""cpu_affinity"": true, ""flux_time_limit"": ""3m"", ""max_cores_per_node"": 112, ""max_gpus_per_node"": 0, ""queue"": ""pbatch"", ""slurm_time_limit"": ""00:03:00"", ""sys_nodes"": 1}}",2,dane/SO_C
a757f57516,"{""config"": {""instance_level"": {""0"": {""match_policy"": ""first"", ""queue_depth"": 32, ""queue_policy"": ""fcfs"", ""reservation_depth"": 64}, ""1"": {""match_policy"": ""low"", ""queue_depth"": 32, ""queue_policy"": ""hybrid"", ""reservation_depth"": 64}, ""2"": {""job_request_cores_per_task"": 14, ""job_request_gpus_per_task"": 0, ""job_request_nodes"": 1, ""job_request_ntasks_per_node"": 1, ""job_request_time"": ""30s"", ""match_policy"": ""low"", ""n_jobs"": 1000, ""problem_class"": ""A"", ""queue_depth"": 32, ""queue_policy"": ""fcfs"", ""reservation_depth"": 64, ""workload"": ""sleep""}}}, ""system"": {""cpu_affinity"": true, ""flux_time_limit"": ""3m"", ""max_cores_per_node"": 112, ""max_gpus_per_node"": 0, ""queue"": ""pbatch"", ""slurm_time_limit"": ""00:03:00"", ""sys_nodes"": 1}}",3,dane/SO_C
a757f57516,"{""config"": {""instance_level"": {""0"": {""match_policy"": ""first"", ""queue_depth"": 32, ""queue_policy"": ""fcfs"", ""reservation_depth"": 64}, ""1"": {""match_policy"": ""low"", ""queue_depth"": 32, ""queue_policy"": ""hybrid"", ""reservation_depth"": 64}, ""2"": {""job_request_cores_per_task"": 14, ""job_request_gpus_per_task"": 0, ""job_request_nodes"": 1, ""job_request_ntasks_per_node"": 1, ""job_request_time"": ""30s"", ""match_policy"": ""low"", ""n_jobs"": 1000, ""problem_class"": ""A"", ""queue_depth"": 32, ""queue_policy"": ""fcfs"", ""reservation_depth"": 64, ""workload"": ""sleep""}}}, ""system"": {""cpu_affinity"": true, ""flux_time_limit"": ""3m"", ""max_cores_per_node"": 112, ""max_gpus_per_node"": 0, ""queue"": ""pbatch"", ""slurm_time_limit"": ""00:03:00"", ""sys_nodes"": 1}}",4,dane/SO_C
a757f57516,"{""config"": {""instance_level"": {""0"": {""match_policy"": ""first"", ""queue_depth"": 32, ""queue_policy"": ""fcfs"", ""reservation_depth"": 64}, ""1"": {""match_policy"": ""low"", ""queue_depth"": 32, ""queue_policy"": ""hybrid"", ""reservation_depth"": 64}, ""2"": {""job_request_cores_per_task"": 14, ""job_request_gpus_per_task"": 0, ""job_request_nodes"": 1, ""job_request_ntasks_per_node"": 1, ""job_request_time"": ""30s"", ""match_policy"": ""low"", ""n_jobs"": 1000, ""problem_class"": ""A"", ""queue_depth"": 32, ""queue_policy"": ""fcfs"", ""reservation_depth"": 64, ""workload"": ""sleep""}}}, ""system"": {""cpu_affinity"": true, ""flux_time_limit"": ""3m"", ""max_cores_per_node"": 112, ""max_gpus_per_node"": 0, ""queue"": ""pbatch"", ""slurm_time_limit"": ""00:03:00"", ""sys_nodes"": 1}}",5,dane/SO_C
7c5265fbb5,"{""config"": {""instance_level"": {""0"": {""match_policy"": ""first"", ""queue_depth"": 32, ""queue_policy"": ""fcfs"", ""reservation_depth"": 64}, ""1"": {""match_policy"": ""low"", ""queue_depth"": 32, ""queue_policy"": ""hybrid"", ""reservation_depth"": 64}, ""2"": {""job_request_cores_per_task"": 1, ""job_request_gpus_per_task"": 0, ""job_request_nodes"": 1, ""job_request_ntasks_per_node"": 1, ""job_request_time"": ""30s"", ""match_policy"": ""low"", ""n_jobs"": 1000, ""problem_class"": ""A"", ""queue_depth"": 32, ""queue_policy"": ""hybrid"", ""reservation_depth"": 64, ""workload"": ""sleep""}}}, ""system"": {""cpu_affinity"": true, ""flux_time_limit"": ""3m"", ""max_cores_per_node"": 112, ""max_gpus_per_node"": 0, ""queue"": ""pbatch"", ""slurm_time_limit"": ""00:03:00"", ""sys_nodes"": 1}}",1,dane/SO_C
7c5265fbb5,"{""config"": {""instance_level"": {""0"": {""match_policy"": ""first"", ""queue_depth"": 32, ""queue_policy"": ""fcfs"", ""reservation_depth"": 64}, ""1"": {""match_policy"": ""low"", ""queue_depth"": 32, ""queue_policy"": ""hybrid"", ""reservation_depth"": 64}, ""2"": {""job_request_cores_per_task"": 1, ""job_request_gpus_per_task"": 0, ""job_request_nodes"": 1, ""job_request_ntasks_per_node"": 1, ""job_request_time"": ""30s"", ""match_policy"": ""low"", ""n_jobs"": 1000, ""problem_class"": ""A"", ""queue_depth"": 32, ""queue_policy"": ""hybrid"", ""reservation_depth"": 64, ""workload"": ""sleep""}}}, ""system"": {""cpu_affinity"": true, ""flux_time_limit"": ""3m"", ""max_cores_per_node"": 112, ""max_gpus_per_node"": 0, ""queue"": ""pbatch"", ""slurm_time_limit"": ""00:03:00"", ""sys_nodes"": 1}}",2,dane/SO_C
7c5265fbb5,"{""config"": {""instance_level"": {""0"": {""match_policy"": ""first"", ""queue_depth"": 32, ""queue_policy"": ""fcfs"", ""reservation_depth"": 64}, ""1"": {""match_policy"": ""low"", ""queue_depth"": 32, ""queue_policy"": ""hybrid"", ""reservation_depth"": 64}, ""2"": {""job_request_cores_per_task"": 1, ""job_request_gpus_per_task"": 0, ""job_request_nodes"": 1, ""job_request_ntasks_per_node"": 1, ""job_request_time"": ""30s"", ""match_policy"": ""low"", ""n_jobs"": 1000, ""problem_class"": ""A"", ""queue_depth"": 32, ""queue_policy"": ""hybrid"", ""reservation_depth"": 64, ""workload"": ""sleep""}}}, ""system"": {""cpu_affinity"": true, ""flux_time_limit"": ""3m"", ""max_cores_per_node"": 112, ""max_gpus_per_node"": 0, ""queue"": ""pbatch"", ""slurm_time_limit"": ""00:03:00"", ""sys_nodes"": 1}}",3,dane/SO_C
7c5265fbb5,"{""config"": {""instance_level"": {""0"": {""match_policy"": ""first"", ""queue_depth"": 32, ""queue_policy"": ""fcfs"", ""reservation_depth"": 64}, ""1"": {""match_policy"": ""low"", ""queue_depth"": 32, ""queue_policy"": ""hybrid"", ""reservation_depth"": 64}, ""2"": {""job_request_cores_per_task"": 1, ""job_request_gpus_per_task"": 0, ""job_request_nodes"": 1, ""job_request_ntasks_per_node"": 1, ""job_request_time"": ""30s"", ""match_policy"": ""low"", ""n_jobs"": 1000, ""problem_class"": ""A"", ""queue_depth"": 32, ""queue_policy"": ""hybrid"", ""reservation_depth"": 64, ""workload"": ""sleep""}}}, ""system"": {""cpu_affinity"": true, ""flux_time_limit"": ""3m"", ""max_cores_per_node"": 112, ""max_gpus_per_node"": 0, ""queue"": ""pbatch"", ""slurm_time_limit"": ""00:03:00"", ""sys_nodes"": 1}}",4,dane/SO_C
7c5265fbb5,"{""config"": {""instance_level"": {""0"": {""match_policy"": ""first"", ""queue_depth"": 32, ""queue_policy"": ""fcfs"", ""reservation_depth"": 64}, ""1"": {""match_policy"": ""low"", ""queue_depth"": 32, ""queue_policy"": ""hybrid"", ""reservation_depth"": 64}, ""2"": {""job_request_cores_per_task"": 1, ""job_request_gpus_per_task"": 0, ""job_request_nodes"": 1, ""job_request_ntasks_per_node"": 1, ""job_request_time"": ""30s"", ""match_policy"": ""low"", ""n_jobs"": 1000, ""problem_class"": ""A"", ""queue_depth"": 32, ""queue_policy"": ""hybrid"", ""reservation_depth"": 64, ""workload"": ""sleep""}}}, ""system"": {""cpu_affinity"": true, ""flux_time_limit"": ""3m"", ""max_cores_per_node"": 112, ""max_gpus_per_node"": 0, ""queue"": ""pbatch"", ""slurm_time_limit"": ""00:03:00"", ""sys_nodes"": 1}}",5,dane/SO_C
bf9b266c6f,"{""config"": {""instance_level"": {""0"": {""match_policy"": ""first"", ""queue_depth"": 32, ""queue_policy"": ""fcfs"", ""reservation_depth"": 64}, ""1"": {""match_policy"": ""low"", ""queue_depth"": 32, ""queue_policy"": ""hybrid"", ""reservation_depth"": 64}, ""2"": {""job_request_cores_per_task"": 14, ""job_request_gpus_per_task"": 0, ""job_request_nodes"": 1, ""job_request_ntasks_per_node"": 1, ""job_request_time"": ""30s"", ""match_policy"": ""low"", ""n_jobs"": 1000, ""problem_class"": ""A"", ""queue_depth"": 32, ""queue_policy"": ""hybrid"", ""reservation_depth"": 64, ""workload"": ""sleep""}}}, ""system"": {""cpu_affinity"": true, ""flux_time_limit"": ""3m"", ""max_cores_per_node"": 112, ""max_gpus_per_node"": 0, ""queue"": ""pbatch"", ""slurm_time_limit"": ""00:03:00"", ""sys_nodes"": 1}}",1,dane/SO_C
bf9b266c6f,"{""config"": {""instance_level"": {""0"": {""match_policy"": ""first"", ""queue_depth"": 32, ""queue_policy"": ""fcfs"", ""reservation_depth"": 64}, ""1"": {""match_policy"": ""low"", ""queue_depth"": 32, ""queue_policy"": ""hybrid"", ""reservation_depth"": 64}, ""2"": {""job_request_cores_per_task"": 14, ""job_request_gpus_per_task"": 0, ""job_request_nodes"": 1, ""job_request_ntasks_per_node"": 1, ""job_request_time"": ""30s"", ""match_policy"": ""low"", ""n_jobs"": 1000, ""problem_class"": ""A"", ""queue_depth"": 32, ""queue_policy"": ""hybrid"", ""reservation_depth"": 64, ""workload"": ""sleep""}}}, ""system"": {""cpu_affinity"": true, ""flux_time_limit"": ""3m"", ""max_cores_per_node"": 112, ""max_gpus_per_node"": 0, ""queue"": ""pbatch"", ""slurm_time_limit"": ""00:03:00"", ""sys_nodes"": 1}}",2,dane/SO_C
bf9b266c6f,"{""config"": {""instance_level"": {""0"": {""match_policy"": ""first"", ""queue_depth"": 32, ""queue_policy"": ""fcfs"", ""reservation_depth"": 64}, ""1"": {""match_policy"": ""low"", ""queue_depth"": 32, ""queue_policy"": ""hybrid"", ""reservation_depth"": 64}, ""2"": {""job_request_cores_per_task"": 14, ""job_request_gpus_per_task"": 0, ""job_request_nodes"": 1, ""job_request_ntasks_per_node"": 1, ""job_request_time"": ""30s"", ""match_policy"": ""low"", ""n_jobs"": 1000, ""problem_class"": ""A"", ""queue_depth"": 32, ""queue_policy"": ""hybrid"", ""reservation_depth"": 64, ""workload"": ""sleep""}}}, ""system"": {""cpu_affinity"": true, ""flux_time_limit"": ""3m"", ""max_cores_per_node"": 112, ""max_gpus_per_node"": 0, ""queue"": ""pbatch"", ""slurm_time_limit"": ""00:03:00"", ""sys_nodes"": 1}}",3,dane/SO_C
bf9b266c6f,"{""config"": {""instance_level"": {""0"": {""match_policy"": ""first"", ""queue_depth"": 32, ""queue_policy"": ""fcfs"", ""reservation_depth"": 64}, ""1"": {""match_policy"": ""low"", ""queue_depth"": 32, ""queue_policy"": ""hybrid"", ""reservation_depth"": 64}, ""2"": {""job_request_cores_per_task"": 14, ""job_request_gpus_per_task"": 0, ""job_request_nodes"": 1, ""job_request_ntasks_per_node"": 1, ""job_request_time"": ""30s"", ""match_policy"": ""low"", ""n_jobs"": 1000, ""problem_class"": ""A"", ""queue_depth"": 32, ""queue_policy"": ""hybrid"", ""reservation_depth"": 64, ""workload"": ""sleep""}}}, ""system"": {""cpu_affinity"": true, ""flux_time_limit"": ""3m"", ""max_cores_per_node"": 112, ""max_gpus_per_node"": 0, ""queue"": ""pbatch"", ""slurm_time_limit"": ""00:03:00"", ""sys_nodes"": 1}}",4,dane/SO_C
bf9b266c6f,"{""config"": {""instance_level"": {""0"": {""match_policy"": ""first"", ""queue_depth"": 32, ""queue_policy"": ""fcfs"", ""reservation_depth"": 64}, ""1"": {""match_policy"": ""low"", ""queue_depth"": 32, ""queue_policy"": ""hybrid"", ""reservation_depth"": 64}, ""2"": {""job_request_cores_per_task"": 14, ""job_request_gpus_per_task"": 0, ""job_request_nodes"": 1, ""job_request_ntasks_per_node"": 1, ""job_request_time"": ""30s"", ""match_policy"": ""low"", ""n_jobs"": 1000, ""problem_class"": ""A"", ""queue_depth"": 32, ""queue_policy"": ""hybrid"", ""reservation_depth"": 64, ""workload"": ""sleep""}}}, ""system"": {""cpu_affinity"": true, ""flux_time_limit"": ""3m"", ""max_cores_per_node"": 112, ""max_gpus_per_node"": 0, ""queue"": ""pbatch"", ""slurm_time_limit"": ""00:03:00"", ""sys_nodes"": 1}}",5,dane/SO_C
