hash,config,rep,experiment_subdir
7495ceb938,"{""config"": {""instance_level"": {""0"": {""match_policy"": ""first"", ""queue_depth"": 32, ""queue_policy"": ""fcfs"", ""reservation_depth"": 64}, ""1"": {""match_policy"": ""first"", ""queue_depth"": 32, ""queue_policy"": ""fcfs"", ""reservation_depth"": 64}, ""2"": {""job_request_cores_per_task"": 24, ""job_request_gpus_per_task"": 1, ""job_request_nodes"": 1, ""job_request_ntasks_per_node"": 1, ""job_request_time"": ""30s"", ""match_policy"": ""first"", ""n_jobs"": 40, ""problem_class"": ""B"", ""queue_depth"": 32, ""queue_policy"": ""fcfs"", ""reservation_depth"": 64, ""workload"": ""babelstream""}}}, ""system"": {""cpu_affinity"": true, ""flux_time_limit"": ""6m"", ""max_cores_per_node"": 96, ""max_gpus_per_node"": 4, ""queue"": ""pbatch"", ""slurm_time_limit"": ""00:06:00"", ""sys_nodes"": 1}}",1,tuolumne/SW_C
7495ceb938,"{""config"": {""instance_level"": {""0"": {""match_policy"": ""first"", ""queue_depth"": 32, ""queue_policy"": ""fcfs"", ""reservation_depth"": 64}, ""1"": {""match_policy"": ""first"", ""queue_depth"": 32, ""queue_policy"": ""fcfs"", ""reservation_depth"": 64}, ""2"": {""job_request_cores_per_task"": 24, ""job_request_gpus_per_task"": 1, ""job_request_nodes"": 1, ""job_request_ntasks_per_node"": 1, ""job_request_time"": ""30s"", ""match_policy"": ""first"", ""n_jobs"": 40, ""problem_class"": ""B"", ""queue_depth"": 32, ""queue_policy"": ""fcfs"", ""reservation_depth"": 64, ""workload"": ""babelstream""}}}, ""system"": {""cpu_affinity"": true, ""flux_time_limit"": ""6m"", ""max_cores_per_node"": 96, ""max_gpus_per_node"": 4, ""queue"": ""pbatch"", ""slurm_time_limit"": ""00:06:00"", ""sys_nodes"": 1}}",2,tuolumne/SW_C
7495ceb938,"{""config"": {""instance_level"": {""0"": {""match_policy"": ""first"", ""queue_depth"": 32, ""queue_policy"": ""fcfs"", ""reservation_depth"": 64}, ""1"": {""match_policy"": ""first"", ""queue_depth"": 32, ""queue_policy"": ""fcfs"", ""reservation_depth"": 64}, ""2"": {""job_request_cores_per_task"": 24, ""job_request_gpus_per_task"": 1, ""job_request_nodes"": 1, ""job_request_ntasks_per_node"": 1, ""job_request_time"": ""30s"", ""match_policy"": ""first"", ""n_jobs"": 40, ""problem_class"": ""B"", ""queue_depth"": 32, ""queue_policy"": ""fcfs"", ""reservation_depth"": 64, ""workload"": ""babelstream""}}}, ""system"": {""cpu_affinity"": true, ""flux_time_limit"": ""6m"", ""max_cores_per_node"": 96, ""max_gpus_per_node"": 4, ""queue"": ""pbatch"", ""slurm_time_limit"": ""00:06:00"", ""sys_nodes"": 1}}",3,tuolumne/SW_C
7495ceb938,"{""config"": {""instance_level"": {""0"": {""match_policy"": ""first"", ""queue_depth"": 32, ""queue_policy"": ""fcfs"", ""reservation_depth"": 64}, ""1"": {""match_policy"": ""first"", ""queue_depth"": 32, ""queue_policy"": ""fcfs"", ""reservation_depth"": 64}, ""2"": {""job_request_cores_per_task"": 24, ""job_request_gpus_per_task"": 1, ""job_request_nodes"": 1, ""job_request_ntasks_per_node"": 1, ""job_request_time"": ""30s"", ""match_policy"": ""first"", ""n_jobs"": 40, ""problem_class"": ""B"", ""queue_depth"": 32, ""queue_policy"": ""fcfs"", ""reservation_depth"": 64, ""workload"": ""babelstream""}}}, ""system"": {""cpu_affinity"": true, ""flux_time_limit"": ""6m"", ""max_cores_per_node"": 96, ""max_gpus_per_node"": 4, ""queue"": ""pbatch"", ""slurm_time_limit"": ""00:06:00"", ""sys_nodes"": 1}}",4,tuolumne/SW_C
7495ceb938,"{""config"": {""instance_level"": {""0"": {""match_policy"": ""first"", ""queue_depth"": 32, ""queue_policy"": ""fcfs"", ""reservation_depth"": 64}, ""1"": {""match_policy"": ""first"", ""queue_depth"": 32, ""queue_policy"": ""fcfs"", ""reservation_depth"": 64}, ""2"": {""job_request_cores_per_task"": 24, ""job_request_gpus_per_task"": 1, ""job_request_nodes"": 1, ""job_request_ntasks_per_node"": 1, ""job_request_time"": ""30s"", ""match_policy"": ""first"", ""n_jobs"": 40, ""problem_class"": ""B"", ""queue_depth"": 32, ""queue_policy"": ""fcfs"", ""reservation_depth"": 64, ""workload"": ""babelstream""}}}, ""system"": {""cpu_affinity"": true, ""flux_time_limit"": ""6m"", ""max_cores_per_node"": 96, ""max_gpus_per_node"": 4, ""queue"": ""pbatch"", ""slurm_time_limit"": ""00:06:00"", ""sys_nodes"": 1}}",5,tuolumne/SW_C
302e0d9326,"{""config"": {""instance_level"": {""0"": {""match_policy"": ""first"", ""queue_depth"": 32, ""queue_policy"": ""fcfs"", ""reservation_depth"": 64}, ""1"": {""match_policy"": ""first"", ""queue_depth"": 32, ""queue_policy"": ""fcfs"", ""reservation_depth"": 64}, ""2"": {""job_request_cores_per_task"": 24, ""job_request_gpus_per_task"": 1, ""job_request_nodes"": 1, ""job_request_ntasks_per_node"": 1, ""job_request_time"": ""30s"", ""match_policy"": ""first"", ""n_jobs"": 40, ""problem_class"": ""B"", ""queue_depth"": 32, ""queue_policy"": ""fcfs"", ""reservation_depth"": 64, ""workload"": ""raja-perf%Polybench_GEMM%Base_HIP""}}}, ""system"": {""cpu_affinity"": true, ""flux_time_limit"": ""6m"", ""max_cores_per_node"": 96, ""max_gpus_per_node"": 4, ""queue"": ""pbatch"", ""slurm_time_limit"": ""00:06:00"", ""sys_nodes"": 1}}",1,tuolumne/SW_C
302e0d9326,"{""config"": {""instance_level"": {""0"": {""match_policy"": ""first"", ""queue_depth"": 32, ""queue_policy"": ""fcfs"", ""reservation_depth"": 64}, ""1"": {""match_policy"": ""first"", ""queue_depth"": 32, ""queue_policy"": ""fcfs"", ""reservation_depth"": 64}, ""2"": {""job_request_cores_per_task"": 24, ""job_request_gpus_per_task"": 1, ""job_request_nodes"": 1, ""job_request_ntasks_per_node"": 1, ""job_request_time"": ""30s"", ""match_policy"": ""first"", ""n_jobs"": 40, ""problem_class"": ""B"", ""queue_depth"": 32, ""queue_policy"": ""fcfs"", ""reservation_depth"": 64, ""workload"": ""raja-perf%Polybench_GEMM%Base_HIP""}}}, ""system"": {""cpu_affinity"": true, ""flux_time_limit"": ""6m"", ""max_cores_per_node"": 96, ""max_gpus_per_node"": 4, ""queue"": ""pbatch"", ""slurm_time_limit"": ""00:06:00"", ""sys_nodes"": 1}}",2,tuolumne/SW_C
302e0d9326,"{""config"": {""instance_level"": {""0"": {""match_policy"": ""first"", ""queue_depth"": 32, ""queue_policy"": ""fcfs"", ""reservation_depth"": 64}, ""1"": {""match_policy"": ""first"", ""queue_depth"": 32, ""queue_policy"": ""fcfs"", ""reservation_depth"": 64}, ""2"": {""job_request_cores_per_task"": 24, ""job_request_gpus_per_task"": 1, ""job_request_nodes"": 1, ""job_request_ntasks_per_node"": 1, ""job_request_time"": ""30s"", ""match_policy"": ""first"", ""n_jobs"": 40, ""problem_class"": ""B"", ""queue_depth"": 32, ""queue_policy"": ""fcfs"", ""reservation_depth"": 64, ""workload"": ""raja-perf%Polybench_GEMM%Base_HIP""}}}, ""system"": {""cpu_affinity"": true, ""flux_time_limit"": ""6m"", ""max_cores_per_node"": 96, ""max_gpus_per_node"": 4, ""queue"": ""pbatch"", ""slurm_time_limit"": ""00:06:00"", ""sys_nodes"": 1}}",3,tuolumne/SW_C
302e0d9326,"{""config"": {""instance_level"": {""0"": {""match_policy"": ""first"", ""queue_depth"": 32, ""queue_policy"": ""fcfs"", ""reservation_depth"": 64}, ""1"": {""match_policy"": ""first"", ""queue_depth"": 32, ""queue_policy"": ""fcfs"", ""reservation_depth"": 64}, ""2"": {""job_request_cores_per_task"": 24, ""job_request_gpus_per_task"": 1, ""job_request_nodes"": 1, ""job_request_ntasks_per_node"": 1, ""job_request_time"": ""30s"", ""match_policy"": ""first"", ""n_jobs"": 40, ""problem_class"": ""B"", ""queue_depth"": 32, ""queue_policy"": ""fcfs"", ""reservation_depth"": 64, ""workload"": ""raja-perf%Polybench_GEMM%Base_HIP""}}}, ""system"": {""cpu_affinity"": true, ""flux_time_limit"": ""6m"", ""max_cores_per_node"": 96, ""max_gpus_per_node"": 4, ""queue"": ""pbatch"", ""slurm_time_limit"": ""00:06:00"", ""sys_nodes"": 1}}",4,tuolumne/SW_C
302e0d9326,"{""config"": {""instance_level"": {""0"": {""match_policy"": ""first"", ""queue_depth"": 32, ""queue_policy"": ""fcfs"", ""reservation_depth"": 64}, ""1"": {""match_policy"": ""first"", ""queue_depth"": 32, ""queue_policy"": ""fcfs"", ""reservation_depth"": 64}, ""2"": {""job_request_cores_per_task"": 24, ""job_request_gpus_per_task"": 1, ""job_request_nodes"": 1, ""job_request_ntasks_per_node"": 1, ""job_request_time"": ""30s"", ""match_policy"": ""first"", ""n_jobs"": 40, ""problem_class"": ""B"", ""queue_depth"": 32, ""queue_policy"": ""fcfs"", ""reservation_depth"": 64, ""workload"": ""raja-perf%Polybench_GEMM%Base_HIP""}}}, ""system"": {""cpu_affinity"": true, ""flux_time_limit"": ""6m"", ""max_cores_per_node"": 96, ""max_gpus_per_node"": 4, ""queue"": ""pbatch"", ""slurm_time_limit"": ""00:06:00"", ""sys_nodes"": 1}}",5,tuolumne/SW_C
ee70d8225e,"{""config"": {""instance_level"": {""0"": {""match_policy"": ""first"", ""queue_depth"": 32, ""queue_policy"": ""fcfs"", ""reservation_depth"": 64}, ""1"": {""match_policy"": ""first"", ""queue_depth"": 32, ""queue_policy"": ""fcfs"", ""reservation_depth"": 64}, ""2"": {""job_request_cores_per_task"": 24, ""job_request_gpus_per_task"": 1, ""job_request_nodes"": 1, ""job_request_ntasks_per_node"": 1, ""job_request_time"": ""30s"", ""match_policy"": ""first"", ""n_jobs"": 40, ""problem_class"": ""B"", ""queue_depth"": 32, ""queue_policy"": ""hybrid"", ""reservation_depth"": 64, ""workload"": ""babelstream""}}}, ""system"": {""cpu_affinity"": true, ""flux_time_limit"": ""6m"", ""max_cores_per_node"": 96, ""max_gpus_per_node"": 4, ""queue"": ""pbatch"", ""slurm_time_limit"": ""00:06:00"", ""sys_nodes"": 1}}",1,tuolumne/SW_C
ee70d8225e,"{""config"": {""instance_level"": {""0"": {""match_policy"": ""first"", ""queue_depth"": 32, ""queue_policy"": ""fcfs"", ""reservation_depth"": 64}, ""1"": {""match_policy"": ""first"", ""queue_depth"": 32, ""queue_policy"": ""fcfs"", ""reservation_depth"": 64}, ""2"": {""job_request_cores_per_task"": 24, ""job_request_gpus_per_task"": 1, ""job_request_nodes"": 1, ""job_request_ntasks_per_node"": 1, ""job_request_time"": ""30s"", ""match_policy"": ""first"", ""n_jobs"": 40, ""problem_class"": ""B"", ""queue_depth"": 32, ""queue_policy"": ""hybrid"", ""reservation_depth"": 64, ""workload"": ""babelstream""}}}, ""system"": {""cpu_affinity"": true, ""flux_time_limit"": ""6m"", ""max_cores_per_node"": 96, ""max_gpus_per_node"": 4, ""queue"": ""pbatch"", ""slurm_time_limit"": ""00:06:00"", ""sys_nodes"": 1}}",2,tuolumne/SW_C
ee70d8225e,"{""config"": {""instance_level"": {""0"": {""match_policy"": ""first"", ""queue_depth"": 32, ""queue_policy"": ""fcfs"", ""reservation_depth"": 64}, ""1"": {""match_policy"": ""first"", ""queue_depth"": 32, ""queue_policy"": ""fcfs"", ""reservation_depth"": 64}, ""2"": {""job_request_cores_per_task"": 24, ""job_request_gpus_per_task"": 1, ""job_request_nodes"": 1, ""job_request_ntasks_per_node"": 1, ""job_request_time"": ""30s"", ""match_policy"": ""first"", ""n_jobs"": 40, ""problem_class"": ""B"", ""queue_depth"": 32, ""queue_policy"": ""hybrid"", ""reservation_depth"": 64, ""workload"": ""babelstream""}}}, ""system"": {""cpu_affinity"": true, ""flux_time_limit"": ""6m"", ""max_cores_per_node"": 96, ""max_gpus_per_node"": 4, ""queue"": ""pbatch"", ""slurm_time_limit"": ""00:06:00"", ""sys_nodes"": 1}}",3,tuolumne/SW_C
ee70d8225e,"{""config"": {""instance_level"": {""0"": {""match_policy"": ""first"", ""queue_depth"": 32, ""queue_policy"": ""fcfs"", ""reservation_depth"": 64}, ""1"": {""match_policy"": ""first"", ""queue_depth"": 32, ""queue_policy"": ""fcfs"", ""reservation_depth"": 64}, ""2"": {""job_request_cores_per_task"": 24, ""job_request_gpus_per_task"": 1, ""job_request_nodes"": 1, ""job_request_ntasks_per_node"": 1, ""job_request_time"": ""30s"", ""match_policy"": ""first"", ""n_jobs"": 40, ""problem_class"": ""B"", ""queue_depth"": 32, ""queue_policy"": ""hybrid"", ""reservation_depth"": 64, ""workload"": ""babelstream""}}}, ""system"": {""cpu_affinity"": true, ""flux_time_limit"": ""6m"", ""max_cores_per_node"": 96, ""max_gpus_per_node"": 4, ""queue"": ""pbatch"", ""slurm_time_limit"": ""00:06:00"", ""sys_nodes"": 1}}",4,tuolumne/SW_C
ee70d8225e,"{""config"": {""instance_level"": {""0"": {""match_policy"": ""first"", ""queue_depth"": 32, ""queue_policy"": ""fcfs"", ""reservation_depth"": 64}, ""1"": {""match_policy"": ""first"", ""queue_depth"": 32, ""queue_policy"": ""fcfs"", ""reservation_depth"": 64}, ""2"": {""job_request_cores_per_task"": 24, ""job_request_gpus_per_task"": 1, ""job_request_nodes"": 1, ""job_request_ntasks_per_node"": 1, ""job_request_time"": ""30s"", ""match_policy"": ""first"", ""n_jobs"": 40, ""problem_class"": ""B"", ""queue_depth"": 32, ""queue_policy"": ""hybrid"", ""reservation_depth"": 64, ""workload"": ""babelstream""}}}, ""system"": {""cpu_affinity"": true, ""flux_time_limit"": ""6m"", ""max_cores_per_node"": 96, ""max_gpus_per_node"": 4, ""queue"": ""pbatch"", ""slurm_time_limit"": ""00:06:00"", ""sys_nodes"": 1}}",5,tuolumne/SW_C
912f6948c8,"{""config"": {""instance_level"": {""0"": {""match_policy"": ""first"", ""queue_depth"": 32, ""queue_policy"": ""fcfs"", ""reservation_depth"": 64}, ""1"": {""match_policy"": ""first"", ""queue_depth"": 32, ""queue_policy"": ""fcfs"", ""reservation_depth"": 64}, ""2"": {""job_request_cores_per_task"": 24, ""job_request_gpus_per_task"": 1, ""job_request_nodes"": 1, ""job_request_ntasks_per_node"": 1, ""job_request_time"": ""30s"", ""match_policy"": ""first"", ""n_jobs"": 40, ""problem_class"": ""B"", ""queue_depth"": 32, ""queue_policy"": ""hybrid"", ""reservation_depth"": 64, ""workload"": ""raja-perf%Polybench_GEMM%Base_HIP""}}}, ""system"": {""cpu_affinity"": true, ""flux_time_limit"": ""6m"", ""max_cores_per_node"": 96, ""max_gpus_per_node"": 4, ""queue"": ""pbatch"", ""slurm_time_limit"": ""00:06:00"", ""sys_nodes"": 1}}",1,tuolumne/SW_C
912f6948c8,"{""config"": {""instance_level"": {""0"": {""match_policy"": ""first"", ""queue_depth"": 32, ""queue_policy"": ""fcfs"", ""reservation_depth"": 64}, ""1"": {""match_policy"": ""first"", ""queue_depth"": 32, ""queue_policy"": ""fcfs"", ""reservation_depth"": 64}, ""2"": {""job_request_cores_per_task"": 24, ""job_request_gpus_per_task"": 1, ""job_request_nodes"": 1, ""job_request_ntasks_per_node"": 1, ""job_request_time"": ""30s"", ""match_policy"": ""first"", ""n_jobs"": 40, ""problem_class"": ""B"", ""queue_depth"": 32, ""queue_policy"": ""hybrid"", ""reservation_depth"": 64, ""workload"": ""raja-perf%Polybench_GEMM%Base_HIP""}}}, ""system"": {""cpu_affinity"": true, ""flux_time_limit"": ""6m"", ""max_cores_per_node"": 96, ""max_gpus_per_node"": 4, ""queue"": ""pbatch"", ""slurm_time_limit"": ""00:06:00"", ""sys_nodes"": 1}}",2,tuolumne/SW_C
912f6948c8,"{""config"": {""instance_level"": {""0"": {""match_policy"": ""first"", ""queue_depth"": 32, ""queue_policy"": ""fcfs"", ""reservation_depth"": 64}, ""1"": {""match_policy"": ""first"", ""queue_depth"": 32, ""queue_policy"": ""fcfs"", ""reservation_depth"": 64}, ""2"": {""job_request_cores_per_task"": 24, ""job_request_gpus_per_task"": 1, ""job_request_nodes"": 1, ""job_request_ntasks_per_node"": 1, ""job_request_time"": ""30s"", ""match_policy"": ""first"", ""n_jobs"": 40, ""problem_class"": ""B"", ""queue_depth"": 32, ""queue_policy"": ""hybrid"", ""reservation_depth"": 64, ""workload"": ""raja-perf%Polybench_GEMM%Base_HIP""}}}, ""system"": {""cpu_affinity"": true, ""flux_time_limit"": ""6m"", ""max_cores_per_node"": 96, ""max_gpus_per_node"": 4, ""queue"": ""pbatch"", ""slurm_time_limit"": ""00:06:00"", ""sys_nodes"": 1}}",3,tuolumne/SW_C
912f6948c8,"{""config"": {""instance_level"": {""0"": {""match_policy"": ""first"", ""queue_depth"": 32, ""queue_policy"": ""fcfs"", ""reservation_depth"": 64}, ""1"": {""match_policy"": ""first"", ""queue_depth"": 32, ""queue_policy"": ""fcfs"", ""reservation_depth"": 64}, ""2"": {""job_request_cores_per_task"": 24, ""job_request_gpus_per_task"": 1, ""job_request_nodes"": 1, ""job_request_ntasks_per_node"": 1, ""job_request_time"": ""30s"", ""match_policy"": ""first"", ""n_jobs"": 40, ""problem_class"": ""B"", ""queue_depth"": 32, ""queue_policy"": ""hybrid"", ""reservation_depth"": 64, ""workload"": ""raja-perf%Polybench_GEMM%Base_HIP""}}}, ""system"": {""cpu_affinity"": true, ""flux_time_limit"": ""6m"", ""max_cores_per_node"": 96, ""max_gpus_per_node"": 4, ""queue"": ""pbatch"", ""slurm_time_limit"": ""00:06:00"", ""sys_nodes"": 1}}",4,tuolumne/SW_C
912f6948c8,"{""config"": {""instance_level"": {""0"": {""match_policy"": ""first"", ""queue_depth"": 32, ""queue_policy"": ""fcfs"", ""reservation_depth"": 64}, ""1"": {""match_policy"": ""first"", ""queue_depth"": 32, ""queue_policy"": ""fcfs"", ""reservation_depth"": 64}, ""2"": {""job_request_cores_per_task"": 24, ""job_request_gpus_per_task"": 1, ""job_request_nodes"": 1, ""job_request_ntasks_per_node"": 1, ""job_request_time"": ""30s"", ""match_policy"": ""first"", ""n_jobs"": 40, ""problem_class"": ""B"", ""queue_depth"": 32, ""queue_policy"": ""hybrid"", ""reservation_depth"": 64, ""workload"": ""raja-perf%Polybench_GEMM%Base_HIP""}}}, ""system"": {""cpu_affinity"": true, ""flux_time_limit"": ""6m"", ""max_cores_per_node"": 96, ""max_gpus_per_node"": 4, ""queue"": ""pbatch"", ""slurm_time_limit"": ""00:06:00"", ""sys_nodes"": 1}}",5,tuolumne/SW_C
108d438cf3,"{""config"": {""instance_level"": {""0"": {""match_policy"": ""first"", ""queue_depth"": 32, ""queue_policy"": ""fcfs"", ""reservation_depth"": 64}, ""1"": {""match_policy"": ""first"", ""queue_depth"": 32, ""queue_policy"": ""fcfs"", ""reservation_depth"": 64}, ""2"": {""job_request_cores_per_task"": 24, ""job_request_gpus_per_task"": 1, ""job_request_nodes"": 1, ""job_request_ntasks_per_node"": 1, ""job_request_time"": ""30s"", ""match_policy"": ""low"", ""n_jobs"": 40, ""problem_class"": ""B"", ""queue_depth"": 32, ""queue_policy"": ""fcfs"", ""reservation_depth"": 64, ""workload"": ""babelstream""}}}, ""system"": {""cpu_affinity"": true, ""flux_time_limit"": ""6m"", ""max_cores_per_node"": 96, ""max_gpus_per_node"": 4, ""queue"": ""pbatch"", ""slurm_time_limit"": ""00:06:00"", ""sys_nodes"": 1}}",1,tuolumne/SW_C
108d438cf3,"{""config"": {""instance_level"": {""0"": {""match_policy"": ""first"", ""queue_depth"": 32, ""queue_policy"": ""fcfs"", ""reservation_depth"": 64}, ""1"": {""match_policy"": ""first"", ""queue_depth"": 32, ""queue_policy"": ""fcfs"", ""reservation_depth"": 64}, ""2"": {""job_request_cores_per_task"": 24, ""job_request_gpus_per_task"": 1, ""job_request_nodes"": 1, ""job_request_ntasks_per_node"": 1, ""job_request_time"": ""30s"", ""match_policy"": ""low"", ""n_jobs"": 40, ""problem_class"": ""B"", ""queue_depth"": 32, ""queue_policy"": ""fcfs"", ""reservation_depth"": 64, ""workload"": ""babelstream""}}}, ""system"": {""cpu_affinity"": true, ""flux_time_limit"": ""6m"", ""max_cores_per_node"": 96, ""max_gpus_per_node"": 4, ""queue"": ""pbatch"", ""slurm_time_limit"": ""00:06:00"", ""sys_nodes"": 1}}",2,tuolumne/SW_C
108d438cf3,"{""config"": {""instance_level"": {""0"": {""match_policy"": ""first"", ""queue_depth"": 32, ""queue_policy"": ""fcfs"", ""reservation_depth"": 64}, ""1"": {""match_policy"": ""first"", ""queue_depth"": 32, ""queue_policy"": ""fcfs"", ""reservation_depth"": 64}, ""2"": {""job_request_cores_per_task"": 24, ""job_request_gpus_per_task"": 1, ""job_request_nodes"": 1, ""job_request_ntasks_per_node"": 1, ""job_request_time"": ""30s"", ""match_policy"": ""low"", ""n_jobs"": 40, ""problem_class"": ""B"", ""queue_depth"": 32, ""queue_policy"": ""fcfs"", ""reservation_depth"": 64, ""workload"": ""babelstream""}}}, ""system"": {""cpu_affinity"": true, ""flux_time_limit"": ""6m"", ""max_cores_per_node"": 96, ""max_gpus_per_node"": 4, ""queue"": ""pbatch"", ""slurm_time_limit"": ""00:06:00"", ""sys_nodes"": 1}}",3,tuolumne/SW_C
108d438cf3,"{""config"": {""instance_level"": {""0"": {""match_policy"": ""first"", ""queue_depth"": 32, ""queue_policy"": ""fcfs"", ""reservation_depth"": 64}, ""1"": {""match_policy"": ""first"", ""queue_depth"": 32, ""queue_policy"": ""fcfs"", ""reservation_depth"": 64}, ""2"": {""job_request_cores_per_task"": 24, ""job_request_gpus_per_task"": 1, ""job_request_nodes"": 1, ""job_request_ntasks_per_node"": 1, ""job_request_time"": ""30s"", ""match_policy"": ""low"", ""n_jobs"": 40, ""problem_class"": ""B"", ""queue_depth"": 32, ""queue_policy"": ""fcfs"", ""reservation_depth"": 64, ""workload"": ""babelstream""}}}, ""system"": {""cpu_affinity"": true, ""flux_time_limit"": ""6m"", ""max_cores_per_node"": 96, ""max_gpus_per_node"": 4, ""queue"": ""pbatch"", ""slurm_time_limit"": ""00:06:00"", ""sys_nodes"": 1}}",4,tuolumne/SW_C
108d438cf3,"{""config"": {""instance_level"": {""0"": {""match_policy"": ""first"", ""queue_depth"": 32, ""queue_policy"": ""fcfs"", ""reservation_depth"": 64}, ""1"": {""match_policy"": ""first"", ""queue_depth"": 32, ""queue_policy"": ""fcfs"", ""reservation_depth"": 64}, ""2"": {""job_request_cores_per_task"": 24, ""job_request_gpus_per_task"": 1, ""job_request_nodes"": 1, ""job_request_ntasks_per_node"": 1, ""job_request_time"": ""30s"", ""match_policy"": ""low"", ""n_jobs"": 40, ""problem_class"": ""B"", ""queue_depth"": 32, ""queue_policy"": ""fcfs"", ""reservation_depth"": 64, ""workload"": ""babelstream""}}}, ""system"": {""cpu_affinity"": true, ""flux_time_limit"": ""6m"", ""max_cores_per_node"": 96, ""max_gpus_per_node"": 4, ""queue"": ""pbatch"", ""slurm_time_limit"": ""00:06:00"", ""sys_nodes"": 1}}",5,tuolumne/SW_C
3eb3453919,"{""config"": {""instance_level"": {""0"": {""match_policy"": ""first"", ""queue_depth"": 32, ""queue_policy"": ""fcfs"", ""reservation_depth"": 64}, ""1"": {""match_policy"": ""first"", ""queue_depth"": 32, ""queue_policy"": ""fcfs"", ""reservation_depth"": 64}, ""2"": {""job_request_cores_per_task"": 24, ""job_request_gpus_per_task"": 1, ""job_request_nodes"": 1, ""job_request_ntasks_per_node"": 1, ""job_request_time"": ""30s"", ""match_policy"": ""low"", ""n_jobs"": 40, ""problem_class"": ""B"", ""queue_depth"": 32, ""queue_policy"": ""fcfs"", ""reservation_depth"": 64, ""workload"": ""raja-perf%Polybench_GEMM%Base_HIP""}}}, ""system"": {""cpu_affinity"": true, ""flux_time_limit"": ""6m"", ""max_cores_per_node"": 96, ""max_gpus_per_node"": 4, ""queue"": ""pbatch"", ""slurm_time_limit"": ""00:06:00"", ""sys_nodes"": 1}}",1,tuolumne/SW_C
3eb3453919,"{""config"": {""instance_level"": {""0"": {""match_policy"": ""first"", ""queue_depth"": 32, ""queue_policy"": ""fcfs"", ""reservation_depth"": 64}, ""1"": {""match_policy"": ""first"", ""queue_depth"": 32, ""queue_policy"": ""fcfs"", ""reservation_depth"": 64}, ""2"": {""job_request_cores_per_task"": 24, ""job_request_gpus_per_task"": 1, ""job_request_nodes"": 1, ""job_request_ntasks_per_node"": 1, ""job_request_time"": ""30s"", ""match_policy"": ""low"", ""n_jobs"": 40, ""problem_class"": ""B"", ""queue_depth"": 32, ""queue_policy"": ""fcfs"", ""reservation_depth"": 64, ""workload"": ""raja-perf%Polybench_GEMM%Base_HIP""}}}, ""system"": {""cpu_affinity"": true, ""flux_time_limit"": ""6m"", ""max_cores_per_node"": 96, ""max_gpus_per_node"": 4, ""queue"": ""pbatch"", ""slurm_time_limit"": ""00:06:00"", ""sys_nodes"": 1}}",2,tuolumne/SW_C
3eb3453919,"{""config"": {""instance_level"": {""0"": {""match_policy"": ""first"", ""queue_depth"": 32, ""queue_policy"": ""fcfs"", ""reservation_depth"": 64}, ""1"": {""match_policy"": ""first"", ""queue_depth"": 32, ""queue_policy"": ""fcfs"", ""reservation_depth"": 64}, ""2"": {""job_request_cores_per_task"": 24, ""job_request_gpus_per_task"": 1, ""job_request_nodes"": 1, ""job_request_ntasks_per_node"": 1, ""job_request_time"": ""30s"", ""match_policy"": ""low"", ""n_jobs"": 40, ""problem_class"": ""B"", ""queue_depth"": 32, ""queue_policy"": ""fcfs"", ""reservation_depth"": 64, ""workload"": ""raja-perf%Polybench_GEMM%Base_HIP""}}}, ""system"": {""cpu_affinity"": true, ""flux_time_limit"": ""6m"", ""max_cores_per_node"": 96, ""max_gpus_per_node"": 4, ""queue"": ""pbatch"", ""slurm_time_limit"": ""00:06:00"", ""sys_nodes"": 1}}",3,tuolumne/SW_C
3eb3453919,"{""config"": {""instance_level"": {""0"": {""match_policy"": ""first"", ""queue_depth"": 32, ""queue_policy"": ""fcfs"", ""reservation_depth"": 64}, ""1"": {""match_policy"": ""first"", ""queue_depth"": 32, ""queue_policy"": ""fcfs"", ""reservation_depth"": 64}, ""2"": {""job_request_cores_per_task"": 24, ""job_request_gpus_per_task"": 1, ""job_request_nodes"": 1, ""job_request_ntasks_per_node"": 1, ""job_request_time"": ""30s"", ""match_policy"": ""low"", ""n_jobs"": 40, ""problem_class"": ""B"", ""queue_depth"": 32, ""queue_policy"": ""fcfs"", ""reservation_depth"": 64, ""workload"": ""raja-perf%Polybench_GEMM%Base_HIP""}}}, ""system"": {""cpu_affinity"": true, ""flux_time_limit"": ""6m"", ""max_cores_per_node"": 96, ""max_gpus_per_node"": 4, ""queue"": ""pbatch"", ""slurm_time_limit"": ""00:06:00"", ""sys_nodes"": 1}}",4,tuolumne/SW_C
3eb3453919,"{""config"": {""instance_level"": {""0"": {""match_policy"": ""first"", ""queue_depth"": 32, ""queue_policy"": ""fcfs"", ""reservation_depth"": 64}, ""1"": {""match_policy"": ""first"", ""queue_depth"": 32, ""queue_policy"": ""fcfs"", ""reservation_depth"": 64}, ""2"": {""job_request_cores_per_task"": 24, ""job_request_gpus_per_task"": 1, ""job_request_nodes"": 1, ""job_request_ntasks_per_node"": 1, ""job_request_time"": ""30s"", ""match_policy"": ""low"", ""n_jobs"": 40, ""problem_class"": ""B"", ""queue_depth"": 32, ""queue_policy"": ""fcfs"", ""reservation_depth"": 64, ""workload"": ""raja-perf%Polybench_GEMM%Base_HIP""}}}, ""system"": {""cpu_affinity"": true, ""flux_time_limit"": ""6m"", ""max_cores_per_node"": 96, ""max_gpus_per_node"": 4, ""queue"": ""pbatch"", ""slurm_time_limit"": ""00:06:00"", ""sys_nodes"": 1}}",5,tuolumne/SW_C
b655c3faec,"{""config"": {""instance_level"": {""0"": {""match_policy"": ""first"", ""queue_depth"": 32, ""queue_policy"": ""fcfs"", ""reservation_depth"": 64}, ""1"": {""match_policy"": ""first"", ""queue_depth"": 32, ""queue_policy"": ""fcfs"", ""reservation_depth"": 64}, ""2"": {""job_request_cores_per_task"": 24, ""job_request_gpus_per_task"": 1, ""job_request_nodes"": 1, ""job_request_ntasks_per_node"": 1, ""job_request_time"": ""30s"", ""match_policy"": ""low"", ""n_jobs"": 40, ""problem_class"": ""B"", ""queue_depth"": 32, ""queue_policy"": ""hybrid"", ""reservation_depth"": 64, ""workload"": ""babelstream""}}}, ""system"": {""cpu_affinity"": true, ""flux_time_limit"": ""6m"", ""max_cores_per_node"": 96, ""max_gpus_per_node"": 4, ""queue"": ""pbatch"", ""slurm_time_limit"": ""00:06:00"", ""sys_nodes"": 1}}",1,tuolumne/SW_C
b655c3faec,"{""config"": {""instance_level"": {""0"": {""match_policy"": ""first"", ""queue_depth"": 32, ""queue_policy"": ""fcfs"", ""reservation_depth"": 64}, ""1"": {""match_policy"": ""first"", ""queue_depth"": 32, ""queue_policy"": ""fcfs"", ""reservation_depth"": 64}, ""2"": {""job_request_cores_per_task"": 24, ""job_request_gpus_per_task"": 1, ""job_request_nodes"": 1, ""job_request_ntasks_per_node"": 1, ""job_request_time"": ""30s"", ""match_policy"": ""low"", ""n_jobs"": 40, ""problem_class"": ""B"", ""queue_depth"": 32, ""queue_policy"": ""hybrid"", ""reservation_depth"": 64, ""workload"": ""babelstream""}}}, ""system"": {""cpu_affinity"": true, ""flux_time_limit"": ""6m"", ""max_cores_per_node"": 96, ""max_gpus_per_node"": 4, ""queue"": ""pbatch"", ""slurm_time_limit"": ""00:06:00"", ""sys_nodes"": 1}}",2,tuolumne/SW_C
b655c3faec,"{""config"": {""instance_level"": {""0"": {""match_policy"": ""first"", ""queue_depth"": 32, ""queue_policy"": ""fcfs"", ""reservation_depth"": 64}, ""1"": {""match_policy"": ""first"", ""queue_depth"": 32, ""queue_policy"": ""fcfs"", ""reservation_depth"": 64}, ""2"": {""job_request_cores_per_task"": 24, ""job_request_gpus_per_task"": 1, ""job_request_nodes"": 1, ""job_request_ntasks_per_node"": 1, ""job_request_time"": ""30s"", ""match_policy"": ""low"", ""n_jobs"": 40, ""problem_class"": ""B"", ""queue_depth"": 32, ""queue_policy"": ""hybrid"", ""reservation_depth"": 64, ""workload"": ""babelstream""}}}, ""system"": {""cpu_affinity"": true, ""flux_time_limit"": ""6m"", ""max_cores_per_node"": 96, ""max_gpus_per_node"": 4, ""queue"": ""pbatch"", ""slurm_time_limit"": ""00:06:00"", ""sys_nodes"": 1}}",3,tuolumne/SW_C
b655c3faec,"{""config"": {""instance_level"": {""0"": {""match_policy"": ""first"", ""queue_depth"": 32, ""queue_policy"": ""fcfs"", ""reservation_depth"": 64}, ""1"": {""match_policy"": ""first"", ""queue_depth"": 32, ""queue_policy"": ""fcfs"", ""reservation_depth"": 64}, ""2"": {""job_request_cores_per_task"": 24, ""job_request_gpus_per_task"": 1, ""job_request_nodes"": 1, ""job_request_ntasks_per_node"": 1, ""job_request_time"": ""30s"", ""match_policy"": ""low"", ""n_jobs"": 40, ""problem_class"": ""B"", ""queue_depth"": 32, ""queue_policy"": ""hybrid"", ""reservation_depth"": 64, ""workload"": ""babelstream""}}}, ""system"": {""cpu_affinity"": true, ""flux_time_limit"": ""6m"", ""max_cores_per_node"": 96, ""max_gpus_per_node"": 4, ""queue"": ""pbatch"", ""slurm_time_limit"": ""00:06:00"", ""sys_nodes"": 1}}",4,tuolumne/SW_C
b655c3faec,"{""config"": {""instance_level"": {""0"": {""match_policy"": ""first"", ""queue_depth"": 32, ""queue_policy"": ""fcfs"", ""reservation_depth"": 64}, ""1"": {""match_policy"": ""first"", ""queue_depth"": 32, ""queue_policy"": ""fcfs"", ""reservation_depth"": 64}, ""2"": {""job_request_cores_per_task"": 24, ""job_request_gpus_per_task"": 1, ""job_request_nodes"": 1, ""job_request_ntasks_per_node"": 1, ""job_request_time"": ""30s"", ""match_policy"": ""low"", ""n_jobs"": 40, ""problem_class"": ""B"", ""queue_depth"": 32, ""queue_policy"": ""hybrid"", ""reservation_depth"": 64, ""workload"": ""babelstream""}}}, ""system"": {""cpu_affinity"": true, ""flux_time_limit"": ""6m"", ""max_cores_per_node"": 96, ""max_gpus_per_node"": 4, ""queue"": ""pbatch"", ""slurm_time_limit"": ""00:06:00"", ""sys_nodes"": 1}}",5,tuolumne/SW_C
f0ce2a47a4,"{""config"": {""instance_level"": {""0"": {""match_policy"": ""first"", ""queue_depth"": 32, ""queue_policy"": ""fcfs"", ""reservation_depth"": 64}, ""1"": {""match_policy"": ""first"", ""queue_depth"": 32, ""queue_policy"": ""fcfs"", ""reservation_depth"": 64}, ""2"": {""job_request_cores_per_task"": 24, ""job_request_gpus_per_task"": 1, ""job_request_nodes"": 1, ""job_request_ntasks_per_node"": 1, ""job_request_time"": ""30s"", ""match_policy"": ""low"", ""n_jobs"": 40, ""problem_class"": ""B"", ""queue_depth"": 32, ""queue_policy"": ""hybrid"", ""reservation_depth"": 64, ""workload"": ""raja-perf%Polybench_GEMM%Base_HIP""}}}, ""system"": {""cpu_affinity"": true, ""flux_time_limit"": ""6m"", ""max_cores_per_node"": 96, ""max_gpus_per_node"": 4, ""queue"": ""pbatch"", ""slurm_time_limit"": ""00:06:00"", ""sys_nodes"": 1}}",1,tuolumne/SW_C
f0ce2a47a4,"{""config"": {""instance_level"": {""0"": {""match_policy"": ""first"", ""queue_depth"": 32, ""queue_policy"": ""fcfs"", ""reservation_depth"": 64}, ""1"": {""match_policy"": ""first"", ""queue_depth"": 32, ""queue_policy"": ""fcfs"", ""reservation_depth"": 64}, ""2"": {""job_request_cores_per_task"": 24, ""job_request_gpus_per_task"": 1, ""job_request_nodes"": 1, ""job_request_ntasks_per_node"": 1, ""job_request_time"": ""30s"", ""match_policy"": ""low"", ""n_jobs"": 40, ""problem_class"": ""B"", ""queue_depth"": 32, ""queue_policy"": ""hybrid"", ""reservation_depth"": 64, ""workload"": ""raja-perf%Polybench_GEMM%Base_HIP""}}}, ""system"": {""cpu_affinity"": true, ""flux_time_limit"": ""6m"", ""max_cores_per_node"": 96, ""max_gpus_per_node"": 4, ""queue"": ""pbatch"", ""slurm_time_limit"": ""00:06:00"", ""sys_nodes"": 1}}",2,tuolumne/SW_C
f0ce2a47a4,"{""config"": {""instance_level"": {""0"": {""match_policy"": ""first"", ""queue_depth"": 32, ""queue_policy"": ""fcfs"", ""reservation_depth"": 64}, ""1"": {""match_policy"": ""first"", ""queue_depth"": 32, ""queue_policy"": ""fcfs"", ""reservation_depth"": 64}, ""2"": {""job_request_cores_per_task"": 24, ""job_request_gpus_per_task"": 1, ""job_request_nodes"": 1, ""job_request_ntasks_per_node"": 1, ""job_request_time"": ""30s"", ""match_policy"": ""low"", ""n_jobs"": 40, ""problem_class"": ""B"", ""queue_depth"": 32, ""queue_policy"": ""hybrid"", ""reservation_depth"": 64, ""workload"": ""raja-perf%Polybench_GEMM%Base_HIP""}}}, ""system"": {""cpu_affinity"": true, ""flux_time_limit"": ""6m"", ""max_cores_per_node"": 96, ""max_gpus_per_node"": 4, ""queue"": ""pbatch"", ""slurm_time_limit"": ""00:06:00"", ""sys_nodes"": 1}}",3,tuolumne/SW_C
f0ce2a47a4,"{""config"": {""instance_level"": {""0"": {""match_policy"": ""first"", ""queue_depth"": 32, ""queue_policy"": ""fcfs"", ""reservation_depth"": 64}, ""1"": {""match_policy"": ""first"", ""queue_depth"": 32, ""queue_policy"": ""fcfs"", ""reservation_depth"": 64}, ""2"": {""job_request_cores_per_task"": 24, ""job_request_gpus_per_task"": 1, ""job_request_nodes"": 1, ""job_request_ntasks_per_node"": 1, ""job_request_time"": ""30s"", ""match_policy"": ""low"", ""n_jobs"": 40, ""problem_class"": ""B"", ""queue_depth"": 32, ""queue_policy"": ""hybrid"", ""reservation_depth"": 64, ""workload"": ""raja-perf%Polybench_GEMM%Base_HIP""}}}, ""system"": {""cpu_affinity"": true, ""flux_time_limit"": ""6m"", ""max_cores_per_node"": 96, ""max_gpus_per_node"": 4, ""queue"": ""pbatch"", ""slurm_time_limit"": ""00:06:00"", ""sys_nodes"": 1}}",4,tuolumne/SW_C
f0ce2a47a4,"{""config"": {""instance_level"": {""0"": {""match_policy"": ""first"", ""queue_depth"": 32, ""queue_policy"": ""fcfs"", ""reservation_depth"": 64}, ""1"": {""match_policy"": ""first"", ""queue_depth"": 32, ""queue_policy"": ""fcfs"", ""reservation_depth"": 64}, ""2"": {""job_request_cores_per_task"": 24, ""job_request_gpus_per_task"": 1, ""job_request_nodes"": 1, ""job_request_ntasks_per_node"": 1, ""job_request_time"": ""30s"", ""match_policy"": ""low"", ""n_jobs"": 40, ""problem_class"": ""B"", ""queue_depth"": 32, ""queue_policy"": ""hybrid"", ""reservation_depth"": 64, ""workload"": ""raja-perf%Polybench_GEMM%Base_HIP""}}}, ""system"": {""cpu_affinity"": true, ""flux_time_limit"": ""6m"", ""max_cores_per_node"": 96, ""max_gpus_per_node"": 4, ""queue"": ""pbatch"", ""slurm_time_limit"": ""00:06:00"", ""sys_nodes"": 1}}",5,tuolumne/SW_C
f98ff88202,"{""config"": {""instance_level"": {""0"": {""match_policy"": ""first"", ""queue_depth"": 32, ""queue_policy"": ""fcfs"", ""reservation_depth"": 64}, ""1"": {""match_policy"": ""first"", ""queue_depth"": 32, ""queue_policy"": ""hybrid"", ""reservation_depth"": 64}, ""2"": {""job_request_cores_per_task"": 24, ""job_request_gpus_per_task"": 1, ""job_request_nodes"": 1, ""job_request_ntasks_per_node"": 1, ""job_request_time"": ""30s"", ""match_policy"": ""first"", ""n_jobs"": 40, ""problem_class"": ""B"", ""queue_depth"": 32, ""queue_policy"": ""fcfs"", ""reservation_depth"": 64, ""workload"": ""babelstream""}}}, ""system"": {""cpu_affinity"": true, ""flux_time_limit"": ""6m"", ""max_cores_per_node"": 96, ""max_gpus_per_node"": 4, ""queue"": ""pbatch"", ""slurm_time_limit"": ""00:06:00"", ""sys_nodes"": 1}}",1,tuolumne/SW_C
f98ff88202,"{""config"": {""instance_level"": {""0"": {""match_policy"": ""first"", ""queue_depth"": 32, ""queue_policy"": ""fcfs"", ""reservation_depth"": 64}, ""1"": {""match_policy"": ""first"", ""queue_depth"": 32, ""queue_policy"": ""hybrid"", ""reservation_depth"": 64}, ""2"": {""job_request_cores_per_task"": 24, ""job_request_gpus_per_task"": 1, ""job_request_nodes"": 1, ""job_request_ntasks_per_node"": 1, ""job_request_time"": ""30s"", ""match_policy"": ""first"", ""n_jobs"": 40, ""problem_class"": ""B"", ""queue_depth"": 32, ""queue_policy"": ""fcfs"", ""reservation_depth"": 64, ""workload"": ""babelstream""}}}, ""system"": {""cpu_affinity"": true, ""flux_time_limit"": ""6m"", ""max_cores_per_node"": 96, ""max_gpus_per_node"": 4, ""queue"": ""pbatch"", ""slurm_time_limit"": ""00:06:00"", ""sys_nodes"": 1}}",2,tuolumne/SW_C
f98ff88202,"{""config"": {""instance_level"": {""0"": {""match_policy"": ""first"", ""queue_depth"": 32, ""queue_policy"": ""fcfs"", ""reservation_depth"": 64}, ""1"": {""match_policy"": ""first"", ""queue_depth"": 32, ""queue_policy"": ""hybrid"", ""reservation_depth"": 64}, ""2"": {""job_request_cores_per_task"": 24, ""job_request_gpus_per_task"": 1, ""job_request_nodes"": 1, ""job_request_ntasks_per_node"": 1, ""job_request_time"": ""30s"", ""match_policy"": ""first"", ""n_jobs"": 40, ""problem_class"": ""B"", ""queue_depth"": 32, ""queue_policy"": ""fcfs"", ""reservation_depth"": 64, ""workload"": ""babelstream""}}}, ""system"": {""cpu_affinity"": true, ""flux_time_limit"": ""6m"", ""max_cores_per_node"": 96, ""max_gpus_per_node"": 4, ""queue"": ""pbatch"", ""slurm_time_limit"": ""00:06:00"", ""sys_nodes"": 1}}",3,tuolumne/SW_C
f98ff88202,"{""config"": {""instance_level"": {""0"": {""match_policy"": ""first"", ""queue_depth"": 32, ""queue_policy"": ""fcfs"", ""reservation_depth"": 64}, ""1"": {""match_policy"": ""first"", ""queue_depth"": 32, ""queue_policy"": ""hybrid"", ""reservation_depth"": 64}, ""2"": {""job_request_cores_per_task"": 24, ""job_request_gpus_per_task"": 1, ""job_request_nodes"": 1, ""job_request_ntasks_per_node"": 1, ""job_request_time"": ""30s"", ""match_policy"": ""first"", ""n_jobs"": 40, ""problem_class"": ""B"", ""queue_depth"": 32, ""queue_policy"": ""fcfs"", ""reservation_depth"": 64, ""workload"": ""babelstream""}}}, ""system"": {""cpu_affinity"": true, ""flux_time_limit"": ""6m"", ""max_cores_per_node"": 96, ""max_gpus_per_node"": 4, ""queue"": ""pbatch"", ""slurm_time_limit"": ""00:06:00"", ""sys_nodes"": 1}}",4,tuolumne/SW_C
f98ff88202,"{""config"": {""instance_level"": {""0"": {""match_policy"": ""first"", ""queue_depth"": 32, ""queue_policy"": ""fcfs"", ""reservation_depth"": 64}, ""1"": {""match_policy"": ""first"", ""queue_depth"": 32, ""queue_policy"": ""hybrid"", ""reservation_depth"": 64}, ""2"": {""job_request_cores_per_task"": 24, ""job_request_gpus_per_task"": 1, ""job_request_nodes"": 1, ""job_request_ntasks_per_node"": 1, ""job_request_time"": ""30s"", ""match_policy"": ""first"", ""n_jobs"": 40, ""problem_class"": ""B"", ""queue_depth"": 32, ""queue_policy"": ""fcfs"", ""reservation_depth"": 64, ""workload"": ""babelstream""}}}, ""system"": {""cpu_affinity"": true, ""flux_time_limit"": ""6m"", ""max_cores_per_node"": 96, ""max_gpus_per_node"": 4, ""queue"": ""pbatch"", ""slurm_time_limit"": ""00:06:00"", ""sys_nodes"": 1}}",5,tuolumne/SW_C
4b065d238d,"{""config"": {""instance_level"": {""0"": {""match_policy"": ""first"", ""queue_depth"": 32, ""queue_policy"": ""fcfs"", ""reservation_depth"": 64}, ""1"": {""match_policy"": ""first"", ""queue_depth"": 32, ""queue_policy"": ""hybrid"", ""reservation_depth"": 64}, ""2"": {""job_request_cores_per_task"": 24, ""job_request_gpus_per_task"": 1, ""job_request_nodes"": 1, ""job_request_ntasks_per_node"": 1, ""job_request_time"": ""30s"", ""match_policy"": ""first"", ""n_jobs"": 40, ""problem_class"": ""B"", ""queue_depth"": 32, ""queue_policy"": ""fcfs"", ""reservation_depth"": 64, ""workload"": ""raja-perf%Polybench_GEMM%Base_HIP""}}}, ""system"": {""cpu_affinity"": true, ""flux_time_limit"": ""6m"", ""max_cores_per_node"": 96, ""max_gpus_per_node"": 4, ""queue"": ""pbatch"", ""slurm_time_limit"": ""00:06:00"", ""sys_nodes"": 1}}",1,tuolumne/SW_C
4b065d238d,"{""config"": {""instance_level"": {""0"": {""match_policy"": ""first"", ""queue_depth"": 32, ""queue_policy"": ""fcfs"", ""reservation_depth"": 64}, ""1"": {""match_policy"": ""first"", ""queue_depth"": 32, ""queue_policy"": ""hybrid"", ""reservation_depth"": 64}, ""2"": {""job_request_cores_per_task"": 24, ""job_request_gpus_per_task"": 1, ""job_request_nodes"": 1, ""job_request_ntasks_per_node"": 1, ""job_request_time"": ""30s"", ""match_policy"": ""first"", ""n_jobs"": 40, ""problem_class"": ""B"", ""queue_depth"": 32, ""queue_policy"": ""fcfs"", ""reservation_depth"": 64, ""workload"": ""raja-perf%Polybench_GEMM%Base_HIP""}}}, ""system"": {""cpu_affinity"": true, ""flux_time_limit"": ""6m"", ""max_cores_per_node"": 96, ""max_gpus_per_node"": 4, ""queue"": ""pbatch"", ""slurm_time_limit"": ""00:06:00"", ""sys_nodes"": 1}}",2,tuolumne/SW_C
4b065d238d,"{""config"": {""instance_level"": {""0"": {""match_policy"": ""first"", ""queue_depth"": 32, ""queue_policy"": ""fcfs"", ""reservation_depth"": 64}, ""1"": {""match_policy"": ""first"", ""queue_depth"": 32, ""queue_policy"": ""hybrid"", ""reservation_depth"": 64}, ""2"": {""job_request_cores_per_task"": 24, ""job_request_gpus_per_task"": 1, ""job_request_nodes"": 1, ""job_request_ntasks_per_node"": 1, ""job_request_time"": ""30s"", ""match_policy"": ""first"", ""n_jobs"": 40, ""problem_class"": ""B"", ""queue_depth"": 32, ""queue_policy"": ""fcfs"", ""reservation_depth"": 64, ""workload"": ""raja-perf%Polybench_GEMM%Base_HIP""}}}, ""system"": {""cpu_affinity"": true, ""flux_time_limit"": ""6m"", ""max_cores_per_node"": 96, ""max_gpus_per_node"": 4, ""queue"": ""pbatch"", ""slurm_time_limit"": ""00:06:00"", ""sys_nodes"": 1}}",3,tuolumne/SW_C
4b065d238d,"{""config"": {""instance_level"": {""0"": {""match_policy"": ""first"", ""queue_depth"": 32, ""queue_policy"": ""fcfs"", ""reservation_depth"": 64}, ""1"": {""match_policy"": ""first"", ""queue_depth"": 32, ""queue_policy"": ""hybrid"", ""reservation_depth"": 64}, ""2"": {""job_request_cores_per_task"": 24, ""job_request_gpus_per_task"": 1, ""job_request_nodes"": 1, ""job_request_ntasks_per_node"": 1, ""job_request_time"": ""30s"", ""match_policy"": ""first"", ""n_jobs"": 40, ""problem_class"": ""B"", ""queue_depth"": 32, ""queue_policy"": ""fcfs"", ""reservation_depth"": 64, ""workload"": ""raja-perf%Polybench_GEMM%Base_HIP""}}}, ""system"": {""cpu_affinity"": true, ""flux_time_limit"": ""6m"", ""max_cores_per_node"": 96, ""max_gpus_per_node"": 4, ""queue"": ""pbatch"", ""slurm_time_limit"": ""00:06:00"", ""sys_nodes"": 1}}",4,tuolumne/SW_C
4b065d238d,"{""config"": {""instance_level"": {""0"": {""match_policy"": ""first"", ""queue_depth"": 32, ""queue_policy"": ""fcfs"", ""reservation_depth"": 64}, ""1"": {""match_policy"": ""first"", ""queue_depth"": 32, ""queue_policy"": ""hybrid"", ""reservation_depth"": 64}, ""2"": {""job_request_cores_per_task"": 24, ""job_request_gpus_per_task"": 1, ""job_request_nodes"": 1, ""job_request_ntasks_per_node"": 1, ""job_request_time"": ""30s"", ""match_policy"": ""first"", ""n_jobs"": 40, ""problem_class"": ""B"", ""queue_depth"": 32, ""queue_policy"": ""fcfs"", ""reservation_depth"": 64, ""workload"": ""raja-perf%Polybench_GEMM%Base_HIP""}}}, ""system"": {""cpu_affinity"": true, ""flux_time_limit"": ""6m"", ""max_cores_per_node"": 96, ""max_gpus_per_node"": 4, ""queue"": ""pbatch"", ""slurm_time_limit"": ""00:06:00"", ""sys_nodes"": 1}}",5,tuolumne/SW_C
dc858adcbf,"{""config"": {""instance_level"": {""0"": {""match_policy"": ""first"", ""queue_depth"": 32, ""queue_policy"": ""fcfs"", ""reservation_depth"": 64}, ""1"": {""match_policy"": ""first"", ""queue_depth"": 32, ""queue_policy"": ""hybrid"", ""reservation_depth"": 64}, ""2"": {""job_request_cores_per_task"": 24, ""job_request_gpus_per_task"": 1, ""job_request_nodes"": 1, ""job_request_ntasks_per_node"": 1, ""job_request_time"": ""30s"", ""match_policy"": ""first"", ""n_jobs"": 40, ""problem_class"": ""B"", ""queue_depth"": 32, ""queue_policy"": ""hybrid"", ""reservation_depth"": 64, ""workload"": ""babelstream""}}}, ""system"": {""cpu_affinity"": true, ""flux_time_limit"": ""6m"", ""max_cores_per_node"": 96, ""max_gpus_per_node"": 4, ""queue"": ""pbatch"", ""slurm_time_limit"": ""00:06:00"", ""sys_nodes"": 1}}",1,tuolumne/SW_C
dc858adcbf,"{""config"": {""instance_level"": {""0"": {""match_policy"": ""first"", ""queue_depth"": 32, ""queue_policy"": ""fcfs"", ""reservation_depth"": 64}, ""1"": {""match_policy"": ""first"", ""queue_depth"": 32, ""queue_policy"": ""hybrid"", ""reservation_depth"": 64}, ""2"": {""job_request_cores_per_task"": 24, ""job_request_gpus_per_task"": 1, ""job_request_nodes"": 1, ""job_request_ntasks_per_node"": 1, ""job_request_time"": ""30s"", ""match_policy"": ""first"", ""n_jobs"": 40, ""problem_class"": ""B"", ""queue_depth"": 32, ""queue_policy"": ""hybrid"", ""reservation_depth"": 64, ""workload"": ""babelstream""}}}, ""system"": {""cpu_affinity"": true, ""flux_time_limit"": ""6m"", ""max_cores_per_node"": 96, ""max_gpus_per_node"": 4, ""queue"": ""pbatch"", ""slurm_time_limit"": ""00:06:00"", ""sys_nodes"": 1}}",2,tuolumne/SW_C
dc858adcbf,"{""config"": {""instance_level"": {""0"": {""match_policy"": ""first"", ""queue_depth"": 32, ""queue_policy"": ""fcfs"", ""reservation_depth"": 64}, ""1"": {""match_policy"": ""first"", ""queue_depth"": 32, ""queue_policy"": ""hybrid"", ""reservation_depth"": 64}, ""2"": {""job_request_cores_per_task"": 24, ""job_request_gpus_per_task"": 1, ""job_request_nodes"": 1, ""job_request_ntasks_per_node"": 1, ""job_request_time"": ""30s"", ""match_policy"": ""first"", ""n_jobs"": 40, ""problem_class"": ""B"", ""queue_depth"": 32, ""queue_policy"": ""hybrid"", ""reservation_depth"": 64, ""workload"": ""babelstream""}}}, ""system"": {""cpu_affinity"": true, ""flux_time_limit"": ""6m"", ""max_cores_per_node"": 96, ""max_gpus_per_node"": 4, ""queue"": ""pbatch"", ""slurm_time_limit"": ""00:06:00"", ""sys_nodes"": 1}}",3,tuolumne/SW_C
dc858adcbf,"{""config"": {""instance_level"": {""0"": {""match_policy"": ""first"", ""queue_depth"": 32, ""queue_policy"": ""fcfs"", ""reservation_depth"": 64}, ""1"": {""match_policy"": ""first"", ""queue_depth"": 32, ""queue_policy"": ""hybrid"", ""reservation_depth"": 64}, ""2"": {""job_request_cores_per_task"": 24, ""job_request_gpus_per_task"": 1, ""job_request_nodes"": 1, ""job_request_ntasks_per_node"": 1, ""job_request_time"": ""30s"", ""match_policy"": ""first"", ""n_jobs"": 40, ""problem_class"": ""B"", ""queue_depth"": 32, ""queue_policy"": ""hybrid"", ""reservation_depth"": 64, ""workload"": ""babelstream""}}}, ""system"": {""cpu_affinity"": true, ""flux_time_limit"": ""6m"", ""max_cores_per_node"": 96, ""max_gpus_per_node"": 4, ""queue"": ""pbatch"", ""slurm_time_limit"": ""00:06:00"", ""sys_nodes"": 1}}",4,tuolumne/SW_C
dc858adcbf,"{""config"": {""instance_level"": {""0"": {""match_policy"": ""first"", ""queue_depth"": 32, ""queue_policy"": ""fcfs"", ""reservation_depth"": 64}, ""1"": {""match_policy"": ""first"", ""queue_depth"": 32, ""queue_policy"": ""hybrid"", ""reservation_depth"": 64}, ""2"": {""job_request_cores_per_task"": 24, ""job_request_gpus_per_task"": 1, ""job_request_nodes"": 1, ""job_request_ntasks_per_node"": 1, ""job_request_time"": ""30s"", ""match_policy"": ""first"", ""n_jobs"": 40, ""problem_class"": ""B"", ""queue_depth"": 32, ""queue_policy"": ""hybrid"", ""reservation_depth"": 64, ""workload"": ""babelstream""}}}, ""system"": {""cpu_affinity"": true, ""flux_time_limit"": ""6m"", ""max_cores_per_node"": 96, ""max_gpus_per_node"": 4, ""queue"": ""pbatch"", ""slurm_time_limit"": ""00:06:00"", ""sys_nodes"": 1}}",5,tuolumne/SW_C
ddd9978ce0,"{""config"": {""instance_level"": {""0"": {""match_policy"": ""first"", ""queue_depth"": 32, ""queue_policy"": ""fcfs"", ""reservation_depth"": 64}, ""1"": {""match_policy"": ""first"", ""queue_depth"": 32, ""queue_policy"": ""hybrid"", ""reservation_depth"": 64}, ""2"": {""job_request_cores_per_task"": 24, ""job_request_gpus_per_task"": 1, ""job_request_nodes"": 1, ""job_request_ntasks_per_node"": 1, ""job_request_time"": ""30s"", ""match_policy"": ""first"", ""n_jobs"": 40, ""problem_class"": ""B"", ""queue_depth"": 32, ""queue_policy"": ""hybrid"", ""reservation_depth"": 64, ""workload"": ""raja-perf%Polybench_GEMM%Base_HIP""}}}, ""system"": {""cpu_affinity"": true, ""flux_time_limit"": ""6m"", ""max_cores_per_node"": 96, ""max_gpus_per_node"": 4, ""queue"": ""pbatch"", ""slurm_time_limit"": ""00:06:00"", ""sys_nodes"": 1}}",1,tuolumne/SW_C
ddd9978ce0,"{""config"": {""instance_level"": {""0"": {""match_policy"": ""first"", ""queue_depth"": 32, ""queue_policy"": ""fcfs"", ""reservation_depth"": 64}, ""1"": {""match_policy"": ""first"", ""queue_depth"": 32, ""queue_policy"": ""hybrid"", ""reservation_depth"": 64}, ""2"": {""job_request_cores_per_task"": 24, ""job_request_gpus_per_task"": 1, ""job_request_nodes"": 1, ""job_request_ntasks_per_node"": 1, ""job_request_time"": ""30s"", ""match_policy"": ""first"", ""n_jobs"": 40, ""problem_class"": ""B"", ""queue_depth"": 32, ""queue_policy"": ""hybrid"", ""reservation_depth"": 64, ""workload"": ""raja-perf%Polybench_GEMM%Base_HIP""}}}, ""system"": {""cpu_affinity"": true, ""flux_time_limit"": ""6m"", ""max_cores_per_node"": 96, ""max_gpus_per_node"": 4, ""queue"": ""pbatch"", ""slurm_time_limit"": ""00:06:00"", ""sys_nodes"": 1}}",2,tuolumne/SW_C
ddd9978ce0,"{""config"": {""instance_level"": {""0"": {""match_policy"": ""first"", ""queue_depth"": 32, ""queue_policy"": ""fcfs"", ""reservation_depth"": 64}, ""1"": {""match_policy"": ""first"", ""queue_depth"": 32, ""queue_policy"": ""hybrid"", ""reservation_depth"": 64}, ""2"": {""job_request_cores_per_task"": 24, ""job_request_gpus_per_task"": 1, ""job_request_nodes"": 1, ""job_request_ntasks_per_node"": 1, ""job_request_time"": ""30s"", ""match_policy"": ""first"", ""n_jobs"": 40, ""problem_class"": ""B"", ""queue_depth"": 32, ""queue_policy"": ""hybrid"", ""reservation_depth"": 64, ""workload"": ""raja-perf%Polybench_GEMM%Base_HIP""}}}, ""system"": {""cpu_affinity"": true, ""flux_time_limit"": ""6m"", ""max_cores_per_node"": 96, ""max_gpus_per_node"": 4, ""queue"": ""pbatch"", ""slurm_time_limit"": ""00:06:00"", ""sys_nodes"": 1}}",3,tuolumne/SW_C
ddd9978ce0,"{""config"": {""instance_level"": {""0"": {""match_policy"": ""first"", ""queue_depth"": 32, ""queue_policy"": ""fcfs"", ""reservation_depth"": 64}, ""1"": {""match_policy"": ""first"", ""queue_depth"": 32, ""queue_policy"": ""hybrid"", ""reservation_depth"": 64}, ""2"": {""job_request_cores_per_task"": 24, ""job_request_gpus_per_task"": 1, ""job_request_nodes"": 1, ""job_request_ntasks_per_node"": 1, ""job_request_time"": ""30s"", ""match_policy"": ""first"", ""n_jobs"": 40, ""problem_class"": ""B"", ""queue_depth"": 32, ""queue_policy"": ""hybrid"", ""reservation_depth"": 64, ""workload"": ""raja-perf%Polybench_GEMM%Base_HIP""}}}, ""system"": {""cpu_affinity"": true, ""flux_time_limit"": ""6m"", ""max_cores_per_node"": 96, ""max_gpus_per_node"": 4, ""queue"": ""pbatch"", ""slurm_time_limit"": ""00:06:00"", ""sys_nodes"": 1}}",4,tuolumne/SW_C
ddd9978ce0,"{""config"": {""instance_level"": {""0"": {""match_policy"": ""first"", ""queue_depth"": 32, ""queue_policy"": ""fcfs"", ""reservation_depth"": 64}, ""1"": {""match_policy"": ""first"", ""queue_depth"": 32, ""queue_policy"": ""hybrid"", ""reservation_depth"": 64}, ""2"": {""job_request_cores_per_task"": 24, ""job_request_gpus_per_task"": 1, ""job_request_nodes"": 1, ""job_request_ntasks_per_node"": 1, ""job_request_time"": ""30s"", ""match_policy"": ""first"", ""n_jobs"": 40, ""problem_class"": ""B"", ""queue_depth"": 32, ""queue_policy"": ""hybrid"", ""reservation_depth"": 64, ""workload"": ""raja-perf%Polybench_GEMM%Base_HIP""}}}, ""system"": {""cpu_affinity"": true, ""flux_time_limit"": ""6m"", ""max_cores_per_node"": 96, ""max_gpus_per_node"": 4, ""queue"": ""pbatch"", ""slurm_time_limit"": ""00:06:00"", ""sys_nodes"": 1}}",5,tuolumne/SW_C
51db7e3e6a,"{""config"": {""instance_level"": {""0"": {""match_policy"": ""first"", ""queue_depth"": 32, ""queue_policy"": ""fcfs"", ""reservation_depth"": 64}, ""1"": {""match_policy"": ""first"", ""queue_depth"": 32, ""queue_policy"": ""hybrid"", ""reservation_depth"": 64}, ""2"": {""job_request_cores_per_task"": 24, ""job_request_gpus_per_task"": 1, ""job_request_nodes"": 1, ""job_request_ntasks_per_node"": 1, ""job_request_time"": ""30s"", ""match_policy"": ""low"", ""n_jobs"": 40, ""problem_class"": ""B"", ""queue_depth"": 32, ""queue_policy"": ""fcfs"", ""reservation_depth"": 64, ""workload"": ""babelstream""}}}, ""system"": {""cpu_affinity"": true, ""flux_time_limit"": ""6m"", ""max_cores_per_node"": 96, ""max_gpus_per_node"": 4, ""queue"": ""pbatch"", ""slurm_time_limit"": ""00:06:00"", ""sys_nodes"": 1}}",1,tuolumne/SW_C
51db7e3e6a,"{""config"": {""instance_level"": {""0"": {""match_policy"": ""first"", ""queue_depth"": 32, ""queue_policy"": ""fcfs"", ""reservation_depth"": 64}, ""1"": {""match_policy"": ""first"", ""queue_depth"": 32, ""queue_policy"": ""hybrid"", ""reservation_depth"": 64}, ""2"": {""job_request_cores_per_task"": 24, ""job_request_gpus_per_task"": 1, ""job_request_nodes"": 1, ""job_request_ntasks_per_node"": 1, ""job_request_time"": ""30s"", ""match_policy"": ""low"", ""n_jobs"": 40, ""problem_class"": ""B"", ""queue_depth"": 32, ""queue_policy"": ""fcfs"", ""reservation_depth"": 64, ""workload"": ""babelstream""}}}, ""system"": {""cpu_affinity"": true, ""flux_time_limit"": ""6m"", ""max_cores_per_node"": 96, ""max_gpus_per_node"": 4, ""queue"": ""pbatch"", ""slurm_time_limit"": ""00:06:00"", ""sys_nodes"": 1}}",2,tuolumne/SW_C
51db7e3e6a,"{""config"": {""instance_level"": {""0"": {""match_policy"": ""first"", ""queue_depth"": 32, ""queue_policy"": ""fcfs"", ""reservation_depth"": 64}, ""1"": {""match_policy"": ""first"", ""queue_depth"": 32, ""queue_policy"": ""hybrid"", ""reservation_depth"": 64}, ""2"": {""job_request_cores_per_task"": 24, ""job_request_gpus_per_task"": 1, ""job_request_nodes"": 1, ""job_request_ntasks_per_node"": 1, ""job_request_time"": ""30s"", ""match_policy"": ""low"", ""n_jobs"": 40, ""problem_class"": ""B"", ""queue_depth"": 32, ""queue_policy"": ""fcfs"", ""reservation_depth"": 64, ""workload"": ""babelstream""}}}, ""system"": {""cpu_affinity"": true, ""flux_time_limit"": ""6m"", ""max_cores_per_node"": 96, ""max_gpus_per_node"": 4, ""queue"": ""pbatch"", ""slurm_time_limit"": ""00:06:00"", ""sys_nodes"": 1}}",3,tuolumne/SW_C
51db7e3e6a,"{""config"": {""instance_level"": {""0"": {""match_policy"": ""first"", ""queue_depth"": 32, ""queue_policy"": ""fcfs"", ""reservation_depth"": 64}, ""1"": {""match_policy"": ""first"", ""queue_depth"": 32, ""queue_policy"": ""hybrid"", ""reservation_depth"": 64}, ""2"": {""job_request_cores_per_task"": 24, ""job_request_gpus_per_task"": 1, ""job_request_nodes"": 1, ""job_request_ntasks_per_node"": 1, ""job_request_time"": ""30s"", ""match_policy"": ""low"", ""n_jobs"": 40, ""problem_class"": ""B"", ""queue_depth"": 32, ""queue_policy"": ""fcfs"", ""reservation_depth"": 64, ""workload"": ""babelstream""}}}, ""system"": {""cpu_affinity"": true, ""flux_time_limit"": ""6m"", ""max_cores_per_node"": 96, ""max_gpus_per_node"": 4, ""queue"": ""pbatch"", ""slurm_time_limit"": ""00:06:00"", ""sys_nodes"": 1}}",4,tuolumne/SW_C
51db7e3e6a,"{""config"": {""instance_level"": {""0"": {""match_policy"": ""first"", ""queue_depth"": 32, ""queue_policy"": ""fcfs"", ""reservation_depth"": 64}, ""1"": {""match_policy"": ""first"", ""queue_depth"": 32, ""queue_policy"": ""hybrid"", ""reservation_depth"": 64}, ""2"": {""job_request_cores_per_task"": 24, ""job_request_gpus_per_task"": 1, ""job_request_nodes"": 1, ""job_request_ntasks_per_node"": 1, ""job_request_time"": ""30s"", ""match_policy"": ""low"", ""n_jobs"": 40, ""problem_class"": ""B"", ""queue_depth"": 32, ""queue_policy"": ""fcfs"", ""reservation_depth"": 64, ""workload"": ""babelstream""}}}, ""system"": {""cpu_affinity"": true, ""flux_time_limit"": ""6m"", ""max_cores_per_node"": 96, ""max_gpus_per_node"": 4, ""queue"": ""pbatch"", ""slurm_time_limit"": ""00:06:00"", ""sys_nodes"": 1}}",5,tuolumne/SW_C
c12e9fbe8b,"{""config"": {""instance_level"": {""0"": {""match_policy"": ""first"", ""queue_depth"": 32, ""queue_policy"": ""fcfs"", ""reservation_depth"": 64}, ""1"": {""match_policy"": ""first"", ""queue_depth"": 32, ""queue_policy"": ""hybrid"", ""reservation_depth"": 64}, ""2"": {""job_request_cores_per_task"": 24, ""job_request_gpus_per_task"": 1, ""job_request_nodes"": 1, ""job_request_ntasks_per_node"": 1, ""job_request_time"": ""30s"", ""match_policy"": ""low"", ""n_jobs"": 40, ""problem_class"": ""B"", ""queue_depth"": 32, ""queue_policy"": ""fcfs"", ""reservation_depth"": 64, ""workload"": ""raja-perf%Polybench_GEMM%Base_HIP""}}}, ""system"": {""cpu_affinity"": true, ""flux_time_limit"": ""6m"", ""max_cores_per_node"": 96, ""max_gpus_per_node"": 4, ""queue"": ""pbatch"", ""slurm_time_limit"": ""00:06:00"", ""sys_nodes"": 1}}",1,tuolumne/SW_C
c12e9fbe8b,"{""config"": {""instance_level"": {""0"": {""match_policy"": ""first"", ""queue_depth"": 32, ""queue_policy"": ""fcfs"", ""reservation_depth"": 64}, ""1"": {""match_policy"": ""first"", ""queue_depth"": 32, ""queue_policy"": ""hybrid"", ""reservation_depth"": 64}, ""2"": {""job_request_cores_per_task"": 24, ""job_request_gpus_per_task"": 1, ""job_request_nodes"": 1, ""job_request_ntasks_per_node"": 1, ""job_request_time"": ""30s"", ""match_policy"": ""low"", ""n_jobs"": 40, ""problem_class"": ""B"", ""queue_depth"": 32, ""queue_policy"": ""fcfs"", ""reservation_depth"": 64, ""workload"": ""raja-perf%Polybench_GEMM%Base_HIP""}}}, ""system"": {""cpu_affinity"": true, ""flux_time_limit"": ""6m"", ""max_cores_per_node"": 96, ""max_gpus_per_node"": 4, ""queue"": ""pbatch"", ""slurm_time_limit"": ""00:06:00"", ""sys_nodes"": 1}}",2,tuolumne/SW_C
c12e9fbe8b,"{""config"": {""instance_level"": {""0"": {""match_policy"": ""first"", ""queue_depth"": 32, ""queue_policy"": ""fcfs"", ""reservation_depth"": 64}, ""1"": {""match_policy"": ""first"", ""queue_depth"": 32, ""queue_policy"": ""hybrid"", ""reservation_depth"": 64}, ""2"": {""job_request_cores_per_task"": 24, ""job_request_gpus_per_task"": 1, ""job_request_nodes"": 1, ""job_request_ntasks_per_node"": 1, ""job_request_time"": ""30s"", ""match_policy"": ""low"", ""n_jobs"": 40, ""problem_class"": ""B"", ""queue_depth"": 32, ""queue_policy"": ""fcfs"", ""reservation_depth"": 64, ""workload"": ""raja-perf%Polybench_GEMM%Base_HIP""}}}, ""system"": {""cpu_affinity"": true, ""flux_time_limit"": ""6m"", ""max_cores_per_node"": 96, ""max_gpus_per_node"": 4, ""queue"": ""pbatch"", ""slurm_time_limit"": ""00:06:00"", ""sys_nodes"": 1}}",3,tuolumne/SW_C
c12e9fbe8b,"{""config"": {""instance_level"": {""0"": {""match_policy"": ""first"", ""queue_depth"": 32, ""queue_policy"": ""fcfs"", ""reservation_depth"": 64}, ""1"": {""match_policy"": ""first"", ""queue_depth"": 32, ""queue_policy"": ""hybrid"", ""reservation_depth"": 64}, ""2"": {""job_request_cores_per_task"": 24, ""job_request_gpus_per_task"": 1, ""job_request_nodes"": 1, ""job_request_ntasks_per_node"": 1, ""job_request_time"": ""30s"", ""match_policy"": ""low"", ""n_jobs"": 40, ""problem_class"": ""B"", ""queue_depth"": 32, ""queue_policy"": ""fcfs"", ""reservation_depth"": 64, ""workload"": ""raja-perf%Polybench_GEMM%Base_HIP""}}}, ""system"": {""cpu_affinity"": true, ""flux_time_limit"": ""6m"", ""max_cores_per_node"": 96, ""max_gpus_per_node"": 4, ""queue"": ""pbatch"", ""slurm_time_limit"": ""00:06:00"", ""sys_nodes"": 1}}",4,tuolumne/SW_C
c12e9fbe8b,"{""config"": {""instance_level"": {""0"": {""match_policy"": ""first"", ""queue_depth"": 32, ""queue_policy"": ""fcfs"", ""reservation_depth"": 64}, ""1"": {""match_policy"": ""first"", ""queue_depth"": 32, ""queue_policy"": ""hybrid"", ""reservation_depth"": 64}, ""2"": {""job_request_cores_per_task"": 24, ""job_request_gpus_per_task"": 1, ""job_request_nodes"": 1, ""job_request_ntasks_per_node"": 1, ""job_request_time"": ""30s"", ""match_policy"": ""low"", ""n_jobs"": 40, ""problem_class"": ""B"", ""queue_depth"": 32, ""queue_policy"": ""fcfs"", ""reservation_depth"": 64, ""workload"": ""raja-perf%Polybench_GEMM%Base_HIP""}}}, ""system"": {""cpu_affinity"": true, ""flux_time_limit"": ""6m"", ""max_cores_per_node"": 96, ""max_gpus_per_node"": 4, ""queue"": ""pbatch"", ""slurm_time_limit"": ""00:06:00"", ""sys_nodes"": 1}}",5,tuolumne/SW_C
f6c5ea367e,"{""config"": {""instance_level"": {""0"": {""match_policy"": ""first"", ""queue_depth"": 32, ""queue_policy"": ""fcfs"", ""reservation_depth"": 64}, ""1"": {""match_policy"": ""first"", ""queue_depth"": 32, ""queue_policy"": ""hybrid"", ""reservation_depth"": 64}, ""2"": {""job_request_cores_per_task"": 24, ""job_request_gpus_per_task"": 1, ""job_request_nodes"": 1, ""job_request_ntasks_per_node"": 1, ""job_request_time"": ""30s"", ""match_policy"": ""low"", ""n_jobs"": 40, ""problem_class"": ""B"", ""queue_depth"": 32, ""queue_policy"": ""hybrid"", ""reservation_depth"": 64, ""workload"": ""babelstream""}}}, ""system"": {""cpu_affinity"": true, ""flux_time_limit"": ""6m"", ""max_cores_per_node"": 96, ""max_gpus_per_node"": 4, ""queue"": ""pbatch"", ""slurm_time_limit"": ""00:06:00"", ""sys_nodes"": 1}}",1,tuolumne/SW_C
f6c5ea367e,"{""config"": {""instance_level"": {""0"": {""match_policy"": ""first"", ""queue_depth"": 32, ""queue_policy"": ""fcfs"", ""reservation_depth"": 64}, ""1"": {""match_policy"": ""first"", ""queue_depth"": 32, ""queue_policy"": ""hybrid"", ""reservation_depth"": 64}, ""2"": {""job_request_cores_per_task"": 24, ""job_request_gpus_per_task"": 1, ""job_request_nodes"": 1, ""job_request_ntasks_per_node"": 1, ""job_request_time"": ""30s"", ""match_policy"": ""low"", ""n_jobs"": 40, ""problem_class"": ""B"", ""queue_depth"": 32, ""queue_policy"": ""hybrid"", ""reservation_depth"": 64, ""workload"": ""babelstream""}}}, ""system"": {""cpu_affinity"": true, ""flux_time_limit"": ""6m"", ""max_cores_per_node"": 96, ""max_gpus_per_node"": 4, ""queue"": ""pbatch"", ""slurm_time_limit"": ""00:06:00"", ""sys_nodes"": 1}}",2,tuolumne/SW_C
f6c5ea367e,"{""config"": {""instance_level"": {""0"": {""match_policy"": ""first"", ""queue_depth"": 32, ""queue_policy"": ""fcfs"", ""reservation_depth"": 64}, ""1"": {""match_policy"": ""first"", ""queue_depth"": 32, ""queue_policy"": ""hybrid"", ""reservation_depth"": 64}, ""2"": {""job_request_cores_per_task"": 24, ""job_request_gpus_per_task"": 1, ""job_request_nodes"": 1, ""job_request_ntasks_per_node"": 1, ""job_request_time"": ""30s"", ""match_policy"": ""low"", ""n_jobs"": 40, ""problem_class"": ""B"", ""queue_depth"": 32, ""queue_policy"": ""hybrid"", ""reservation_depth"": 64, ""workload"": ""babelstream""}}}, ""system"": {""cpu_affinity"": true, ""flux_time_limit"": ""6m"", ""max_cores_per_node"": 96, ""max_gpus_per_node"": 4, ""queue"": ""pbatch"", ""slurm_time_limit"": ""00:06:00"", ""sys_nodes"": 1}}",3,tuolumne/SW_C
f6c5ea367e,"{""config"": {""instance_level"": {""0"": {""match_policy"": ""first"", ""queue_depth"": 32, ""queue_policy"": ""fcfs"", ""reservation_depth"": 64}, ""1"": {""match_policy"": ""first"", ""queue_depth"": 32, ""queue_policy"": ""hybrid"", ""reservation_depth"": 64}, ""2"": {""job_request_cores_per_task"": 24, ""job_request_gpus_per_task"": 1, ""job_request_nodes"": 1, ""job_request_ntasks_per_node"": 1, ""job_request_time"": ""30s"", ""match_policy"": ""low"", ""n_jobs"": 40, ""problem_class"": ""B"", ""queue_depth"": 32, ""queue_policy"": ""hybrid"", ""reservation_depth"": 64, ""workload"": ""babelstream""}}}, ""system"": {""cpu_affinity"": true, ""flux_time_limit"": ""6m"", ""max_cores_per_node"": 96, ""max_gpus_per_node"": 4, ""queue"": ""pbatch"", ""slurm_time_limit"": ""00:06:00"", ""sys_nodes"": 1}}",4,tuolumne/SW_C
f6c5ea367e,"{""config"": {""instance_level"": {""0"": {""match_policy"": ""first"", ""queue_depth"": 32, ""queue_policy"": ""fcfs"", ""reservation_depth"": 64}, ""1"": {""match_policy"": ""first"", ""queue_depth"": 32, ""queue_policy"": ""hybrid"", ""reservation_depth"": 64}, ""2"": {""job_request_cores_per_task"": 24, ""job_request_gpus_per_task"": 1, ""job_request_nodes"": 1, ""job_request_ntasks_per_node"": 1, ""job_request_time"": ""30s"", ""match_policy"": ""low"", ""n_jobs"": 40, ""problem_class"": ""B"", ""queue_depth"": 32, ""queue_policy"": ""hybrid"", ""reservation_depth"": 64, ""workload"": ""babelstream""}}}, ""system"": {""cpu_affinity"": true, ""flux_time_limit"": ""6m"", ""max_cores_per_node"": 96, ""max_gpus_per_node"": 4, ""queue"": ""pbatch"", ""slurm_time_limit"": ""00:06:00"", ""sys_nodes"": 1}}",5,tuolumne/SW_C
933a9e9d90,"{""config"": {""instance_level"": {""0"": {""match_policy"": ""first"", ""queue_depth"": 32, ""queue_policy"": ""fcfs"", ""reservation_depth"": 64}, ""1"": {""match_policy"": ""first"", ""queue_depth"": 32, ""queue_policy"": ""hybrid"", ""reservation_depth"": 64}, ""2"": {""job_request_cores_per_task"": 24, ""job_request_gpus_per_task"": 1, ""job_request_nodes"": 1, ""job_request_ntasks_per_node"": 1, ""job_request_time"": ""30s"", ""match_policy"": ""low"", ""n_jobs"": 40, ""problem_class"": ""B"", ""queue_depth"": 32, ""queue_policy"": ""hybrid"", ""reservation_depth"": 64, ""workload"": ""raja-perf%Polybench_GEMM%Base_HIP""}}}, ""system"": {""cpu_affinity"": true, ""flux_time_limit"": ""6m"", ""max_cores_per_node"": 96, ""max_gpus_per_node"": 4, ""queue"": ""pbatch"", ""slurm_time_limit"": ""00:06:00"", ""sys_nodes"": 1}}",1,tuolumne/SW_C
933a9e9d90,"{""config"": {""instance_level"": {""0"": {""match_policy"": ""first"", ""queue_depth"": 32, ""queue_policy"": ""fcfs"", ""reservation_depth"": 64}, ""1"": {""match_policy"": ""first"", ""queue_depth"": 32, ""queue_policy"": ""hybrid"", ""reservation_depth"": 64}, ""2"": {""job_request_cores_per_task"": 24, ""job_request_gpus_per_task"": 1, ""job_request_nodes"": 1, ""job_request_ntasks_per_node"": 1, ""job_request_time"": ""30s"", ""match_policy"": ""low"", ""n_jobs"": 40, ""problem_class"": ""B"", ""queue_depth"": 32, ""queue_policy"": ""hybrid"", ""reservation_depth"": 64, ""workload"": ""raja-perf%Polybench_GEMM%Base_HIP""}}}, ""system"": {""cpu_affinity"": true, ""flux_time_limit"": ""6m"", ""max_cores_per_node"": 96, ""max_gpus_per_node"": 4, ""queue"": ""pbatch"", ""slurm_time_limit"": ""00:06:00"", ""sys_nodes"": 1}}",2,tuolumne/SW_C
933a9e9d90,"{""config"": {""instance_level"": {""0"": {""match_policy"": ""first"", ""queue_depth"": 32, ""queue_policy"": ""fcfs"", ""reservation_depth"": 64}, ""1"": {""match_policy"": ""first"", ""queue_depth"": 32, ""queue_policy"": ""hybrid"", ""reservation_depth"": 64}, ""2"": {""job_request_cores_per_task"": 24, ""job_request_gpus_per_task"": 1, ""job_request_nodes"": 1, ""job_request_ntasks_per_node"": 1, ""job_request_time"": ""30s"", ""match_policy"": ""low"", ""n_jobs"": 40, ""problem_class"": ""B"", ""queue_depth"": 32, ""queue_policy"": ""hybrid"", ""reservation_depth"": 64, ""workload"": ""raja-perf%Polybench_GEMM%Base_HIP""}}}, ""system"": {""cpu_affinity"": true, ""flux_time_limit"": ""6m"", ""max_cores_per_node"": 96, ""max_gpus_per_node"": 4, ""queue"": ""pbatch"", ""slurm_time_limit"": ""00:06:00"", ""sys_nodes"": 1}}",3,tuolumne/SW_C
933a9e9d90,"{""config"": {""instance_level"": {""0"": {""match_policy"": ""first"", ""queue_depth"": 32, ""queue_policy"": ""fcfs"", ""reservation_depth"": 64}, ""1"": {""match_policy"": ""first"", ""queue_depth"": 32, ""queue_policy"": ""hybrid"", ""reservation_depth"": 64}, ""2"": {""job_request_cores_per_task"": 24, ""job_request_gpus_per_task"": 1, ""job_request_nodes"": 1, ""job_request_ntasks_per_node"": 1, ""job_request_time"": ""30s"", ""match_policy"": ""low"", ""n_jobs"": 40, ""problem_class"": ""B"", ""queue_depth"": 32, ""queue_policy"": ""hybrid"", ""reservation_depth"": 64, ""workload"": ""raja-perf%Polybench_GEMM%Base_HIP""}}}, ""system"": {""cpu_affinity"": true, ""flux_time_limit"": ""6m"", ""max_cores_per_node"": 96, ""max_gpus_per_node"": 4, ""queue"": ""pbatch"", ""slurm_time_limit"": ""00:06:00"", ""sys_nodes"": 1}}",4,tuolumne/SW_C
933a9e9d90,"{""config"": {""instance_level"": {""0"": {""match_policy"": ""first"", ""queue_depth"": 32, ""queue_policy"": ""fcfs"", ""reservation_depth"": 64}, ""1"": {""match_policy"": ""first"", ""queue_depth"": 32, ""queue_policy"": ""hybrid"", ""reservation_depth"": 64}, ""2"": {""job_request_cores_per_task"": 24, ""job_request_gpus_per_task"": 1, ""job_request_nodes"": 1, ""job_request_ntasks_per_node"": 1, ""job_request_time"": ""30s"", ""match_policy"": ""low"", ""n_jobs"": 40, ""problem_class"": ""B"", ""queue_depth"": 32, ""queue_policy"": ""hybrid"", ""reservation_depth"": 64, ""workload"": ""raja-perf%Polybench_GEMM%Base_HIP""}}}, ""system"": {""cpu_affinity"": true, ""flux_time_limit"": ""6m"", ""max_cores_per_node"": 96, ""max_gpus_per_node"": 4, ""queue"": ""pbatch"", ""slurm_time_limit"": ""00:06:00"", ""sys_nodes"": 1}}",5,tuolumne/SW_C
f8eecb0663,"{""config"": {""instance_level"": {""0"": {""match_policy"": ""first"", ""queue_depth"": 32, ""queue_policy"": ""fcfs"", ""reservation_depth"": 64}, ""1"": {""match_policy"": ""low"", ""queue_depth"": 32, ""queue_policy"": ""fcfs"", ""reservation_depth"": 64}, ""2"": {""job_request_cores_per_task"": 24, ""job_request_gpus_per_task"": 1, ""job_request_nodes"": 1, ""job_request_ntasks_per_node"": 1, ""job_request_time"": ""30s"", ""match_policy"": ""first"", ""n_jobs"": 40, ""problem_class"": ""B"", ""queue_depth"": 32, ""queue_policy"": ""fcfs"", ""reservation_depth"": 64, ""workload"": ""babelstream""}}}, ""system"": {""cpu_affinity"": true, ""flux_time_limit"": ""6m"", ""max_cores_per_node"": 96, ""max_gpus_per_node"": 4, ""queue"": ""pbatch"", ""slurm_time_limit"": ""00:06:00"", ""sys_nodes"": 1}}",1,tuolumne/SW_C
f8eecb0663,"{""config"": {""instance_level"": {""0"": {""match_policy"": ""first"", ""queue_depth"": 32, ""queue_policy"": ""fcfs"", ""reservation_depth"": 64}, ""1"": {""match_policy"": ""low"", ""queue_depth"": 32, ""queue_policy"": ""fcfs"", ""reservation_depth"": 64}, ""2"": {""job_request_cores_per_task"": 24, ""job_request_gpus_per_task"": 1, ""job_request_nodes"": 1, ""job_request_ntasks_per_node"": 1, ""job_request_time"": ""30s"", ""match_policy"": ""first"", ""n_jobs"": 40, ""problem_class"": ""B"", ""queue_depth"": 32, ""queue_policy"": ""fcfs"", ""reservation_depth"": 64, ""workload"": ""babelstream""}}}, ""system"": {""cpu_affinity"": true, ""flux_time_limit"": ""6m"", ""max_cores_per_node"": 96, ""max_gpus_per_node"": 4, ""queue"": ""pbatch"", ""slurm_time_limit"": ""00:06:00"", ""sys_nodes"": 1}}",2,tuolumne/SW_C
f8eecb0663,"{""config"": {""instance_level"": {""0"": {""match_policy"": ""first"", ""queue_depth"": 32, ""queue_policy"": ""fcfs"", ""reservation_depth"": 64}, ""1"": {""match_policy"": ""low"", ""queue_depth"": 32, ""queue_policy"": ""fcfs"", ""reservation_depth"": 64}, ""2"": {""job_request_cores_per_task"": 24, ""job_request_gpus_per_task"": 1, ""job_request_nodes"": 1, ""job_request_ntasks_per_node"": 1, ""job_request_time"": ""30s"", ""match_policy"": ""first"", ""n_jobs"": 40, ""problem_class"": ""B"", ""queue_depth"": 32, ""queue_policy"": ""fcfs"", ""reservation_depth"": 64, ""workload"": ""babelstream""}}}, ""system"": {""cpu_affinity"": true, ""flux_time_limit"": ""6m"", ""max_cores_per_node"": 96, ""max_gpus_per_node"": 4, ""queue"": ""pbatch"", ""slurm_time_limit"": ""00:06:00"", ""sys_nodes"": 1}}",3,tuolumne/SW_C
f8eecb0663,"{""config"": {""instance_level"": {""0"": {""match_policy"": ""first"", ""queue_depth"": 32, ""queue_policy"": ""fcfs"", ""reservation_depth"": 64}, ""1"": {""match_policy"": ""low"", ""queue_depth"": 32, ""queue_policy"": ""fcfs"", ""reservation_depth"": 64}, ""2"": {""job_request_cores_per_task"": 24, ""job_request_gpus_per_task"": 1, ""job_request_nodes"": 1, ""job_request_ntasks_per_node"": 1, ""job_request_time"": ""30s"", ""match_policy"": ""first"", ""n_jobs"": 40, ""problem_class"": ""B"", ""queue_depth"": 32, ""queue_policy"": ""fcfs"", ""reservation_depth"": 64, ""workload"": ""babelstream""}}}, ""system"": {""cpu_affinity"": true, ""flux_time_limit"": ""6m"", ""max_cores_per_node"": 96, ""max_gpus_per_node"": 4, ""queue"": ""pbatch"", ""slurm_time_limit"": ""00:06:00"", ""sys_nodes"": 1}}",4,tuolumne/SW_C
f8eecb0663,"{""config"": {""instance_level"": {""0"": {""match_policy"": ""first"", ""queue_depth"": 32, ""queue_policy"": ""fcfs"", ""reservation_depth"": 64}, ""1"": {""match_policy"": ""low"", ""queue_depth"": 32, ""queue_policy"": ""fcfs"", ""reservation_depth"": 64}, ""2"": {""job_request_cores_per_task"": 24, ""job_request_gpus_per_task"": 1, ""job_request_nodes"": 1, ""job_request_ntasks_per_node"": 1, ""job_request_time"": ""30s"", ""match_policy"": ""first"", ""n_jobs"": 40, ""problem_class"": ""B"", ""queue_depth"": 32, ""queue_policy"": ""fcfs"", ""reservation_depth"": 64, ""workload"": ""babelstream""}}}, ""system"": {""cpu_affinity"": true, ""flux_time_limit"": ""6m"", ""max_cores_per_node"": 96, ""max_gpus_per_node"": 4, ""queue"": ""pbatch"", ""slurm_time_limit"": ""00:06:00"", ""sys_nodes"": 1}}",5,tuolumne/SW_C
61f8da7513,"{""config"": {""instance_level"": {""0"": {""match_policy"": ""first"", ""queue_depth"": 32, ""queue_policy"": ""fcfs"", ""reservation_depth"": 64}, ""1"": {""match_policy"": ""low"", ""queue_depth"": 32, ""queue_policy"": ""fcfs"", ""reservation_depth"": 64}, ""2"": {""job_request_cores_per_task"": 24, ""job_request_gpus_per_task"": 1, ""job_request_nodes"": 1, ""job_request_ntasks_per_node"": 1, ""job_request_time"": ""30s"", ""match_policy"": ""first"", ""n_jobs"": 40, ""problem_class"": ""B"", ""queue_depth"": 32, ""queue_policy"": ""fcfs"", ""reservation_depth"": 64, ""workload"": ""raja-perf%Polybench_GEMM%Base_HIP""}}}, ""system"": {""cpu_affinity"": true, ""flux_time_limit"": ""6m"", ""max_cores_per_node"": 96, ""max_gpus_per_node"": 4, ""queue"": ""pbatch"", ""slurm_time_limit"": ""00:06:00"", ""sys_nodes"": 1}}",1,tuolumne/SW_C
61f8da7513,"{""config"": {""instance_level"": {""0"": {""match_policy"": ""first"", ""queue_depth"": 32, ""queue_policy"": ""fcfs"", ""reservation_depth"": 64}, ""1"": {""match_policy"": ""low"", ""queue_depth"": 32, ""queue_policy"": ""fcfs"", ""reservation_depth"": 64}, ""2"": {""job_request_cores_per_task"": 24, ""job_request_gpus_per_task"": 1, ""job_request_nodes"": 1, ""job_request_ntasks_per_node"": 1, ""job_request_time"": ""30s"", ""match_policy"": ""first"", ""n_jobs"": 40, ""problem_class"": ""B"", ""queue_depth"": 32, ""queue_policy"": ""fcfs"", ""reservation_depth"": 64, ""workload"": ""raja-perf%Polybench_GEMM%Base_HIP""}}}, ""system"": {""cpu_affinity"": true, ""flux_time_limit"": ""6m"", ""max_cores_per_node"": 96, ""max_gpus_per_node"": 4, ""queue"": ""pbatch"", ""slurm_time_limit"": ""00:06:00"", ""sys_nodes"": 1}}",2,tuolumne/SW_C
61f8da7513,"{""config"": {""instance_level"": {""0"": {""match_policy"": ""first"", ""queue_depth"": 32, ""queue_policy"": ""fcfs"", ""reservation_depth"": 64}, ""1"": {""match_policy"": ""low"", ""queue_depth"": 32, ""queue_policy"": ""fcfs"", ""reservation_depth"": 64}, ""2"": {""job_request_cores_per_task"": 24, ""job_request_gpus_per_task"": 1, ""job_request_nodes"": 1, ""job_request_ntasks_per_node"": 1, ""job_request_time"": ""30s"", ""match_policy"": ""first"", ""n_jobs"": 40, ""problem_class"": ""B"", ""queue_depth"": 32, ""queue_policy"": ""fcfs"", ""reservation_depth"": 64, ""workload"": ""raja-perf%Polybench_GEMM%Base_HIP""}}}, ""system"": {""cpu_affinity"": true, ""flux_time_limit"": ""6m"", ""max_cores_per_node"": 96, ""max_gpus_per_node"": 4, ""queue"": ""pbatch"", ""slurm_time_limit"": ""00:06:00"", ""sys_nodes"": 1}}",3,tuolumne/SW_C
61f8da7513,"{""config"": {""instance_level"": {""0"": {""match_policy"": ""first"", ""queue_depth"": 32, ""queue_policy"": ""fcfs"", ""reservation_depth"": 64}, ""1"": {""match_policy"": ""low"", ""queue_depth"": 32, ""queue_policy"": ""fcfs"", ""reservation_depth"": 64}, ""2"": {""job_request_cores_per_task"": 24, ""job_request_gpus_per_task"": 1, ""job_request_nodes"": 1, ""job_request_ntasks_per_node"": 1, ""job_request_time"": ""30s"", ""match_policy"": ""first"", ""n_jobs"": 40, ""problem_class"": ""B"", ""queue_depth"": 32, ""queue_policy"": ""fcfs"", ""reservation_depth"": 64, ""workload"": ""raja-perf%Polybench_GEMM%Base_HIP""}}}, ""system"": {""cpu_affinity"": true, ""flux_time_limit"": ""6m"", ""max_cores_per_node"": 96, ""max_gpus_per_node"": 4, ""queue"": ""pbatch"", ""slurm_time_limit"": ""00:06:00"", ""sys_nodes"": 1}}",4,tuolumne/SW_C
61f8da7513,"{""config"": {""instance_level"": {""0"": {""match_policy"": ""first"", ""queue_depth"": 32, ""queue_policy"": ""fcfs"", ""reservation_depth"": 64}, ""1"": {""match_policy"": ""low"", ""queue_depth"": 32, ""queue_policy"": ""fcfs"", ""reservation_depth"": 64}, ""2"": {""job_request_cores_per_task"": 24, ""job_request_gpus_per_task"": 1, ""job_request_nodes"": 1, ""job_request_ntasks_per_node"": 1, ""job_request_time"": ""30s"", ""match_policy"": ""first"", ""n_jobs"": 40, ""problem_class"": ""B"", ""queue_depth"": 32, ""queue_policy"": ""fcfs"", ""reservation_depth"": 64, ""workload"": ""raja-perf%Polybench_GEMM%Base_HIP""}}}, ""system"": {""cpu_affinity"": true, ""flux_time_limit"": ""6m"", ""max_cores_per_node"": 96, ""max_gpus_per_node"": 4, ""queue"": ""pbatch"", ""slurm_time_limit"": ""00:06:00"", ""sys_nodes"": 1}}",5,tuolumne/SW_C
2ec6d85e75,"{""config"": {""instance_level"": {""0"": {""match_policy"": ""first"", ""queue_depth"": 32, ""queue_policy"": ""fcfs"", ""reservation_depth"": 64}, ""1"": {""match_policy"": ""low"", ""queue_depth"": 32, ""queue_policy"": ""fcfs"", ""reservation_depth"": 64}, ""2"": {""job_request_cores_per_task"": 24, ""job_request_gpus_per_task"": 1, ""job_request_nodes"": 1, ""job_request_ntasks_per_node"": 1, ""job_request_time"": ""30s"", ""match_policy"": ""first"", ""n_jobs"": 40, ""problem_class"": ""B"", ""queue_depth"": 32, ""queue_policy"": ""hybrid"", ""reservation_depth"": 64, ""workload"": ""babelstream""}}}, ""system"": {""cpu_affinity"": true, ""flux_time_limit"": ""6m"", ""max_cores_per_node"": 96, ""max_gpus_per_node"": 4, ""queue"": ""pbatch"", ""slurm_time_limit"": ""00:06:00"", ""sys_nodes"": 1}}",1,tuolumne/SW_C
2ec6d85e75,"{""config"": {""instance_level"": {""0"": {""match_policy"": ""first"", ""queue_depth"": 32, ""queue_policy"": ""fcfs"", ""reservation_depth"": 64}, ""1"": {""match_policy"": ""low"", ""queue_depth"": 32, ""queue_policy"": ""fcfs"", ""reservation_depth"": 64}, ""2"": {""job_request_cores_per_task"": 24, ""job_request_gpus_per_task"": 1, ""job_request_nodes"": 1, ""job_request_ntasks_per_node"": 1, ""job_request_time"": ""30s"", ""match_policy"": ""first"", ""n_jobs"": 40, ""problem_class"": ""B"", ""queue_depth"": 32, ""queue_policy"": ""hybrid"", ""reservation_depth"": 64, ""workload"": ""babelstream""}}}, ""system"": {""cpu_affinity"": true, ""flux_time_limit"": ""6m"", ""max_cores_per_node"": 96, ""max_gpus_per_node"": 4, ""queue"": ""pbatch"", ""slurm_time_limit"": ""00:06:00"", ""sys_nodes"": 1}}",2,tuolumne/SW_C
2ec6d85e75,"{""config"": {""instance_level"": {""0"": {""match_policy"": ""first"", ""queue_depth"": 32, ""queue_policy"": ""fcfs"", ""reservation_depth"": 64}, ""1"": {""match_policy"": ""low"", ""queue_depth"": 32, ""queue_policy"": ""fcfs"", ""reservation_depth"": 64}, ""2"": {""job_request_cores_per_task"": 24, ""job_request_gpus_per_task"": 1, ""job_request_nodes"": 1, ""job_request_ntasks_per_node"": 1, ""job_request_time"": ""30s"", ""match_policy"": ""first"", ""n_jobs"": 40, ""problem_class"": ""B"", ""queue_depth"": 32, ""queue_policy"": ""hybrid"", ""reservation_depth"": 64, ""workload"": ""babelstream""}}}, ""system"": {""cpu_affinity"": true, ""flux_time_limit"": ""6m"", ""max_cores_per_node"": 96, ""max_gpus_per_node"": 4, ""queue"": ""pbatch"", ""slurm_time_limit"": ""00:06:00"", ""sys_nodes"": 1}}",3,tuolumne/SW_C
2ec6d85e75,"{""config"": {""instance_level"": {""0"": {""match_policy"": ""first"", ""queue_depth"": 32, ""queue_policy"": ""fcfs"", ""reservation_depth"": 64}, ""1"": {""match_policy"": ""low"", ""queue_depth"": 32, ""queue_policy"": ""fcfs"", ""reservation_depth"": 64}, ""2"": {""job_request_cores_per_task"": 24, ""job_request_gpus_per_task"": 1, ""job_request_nodes"": 1, ""job_request_ntasks_per_node"": 1, ""job_request_time"": ""30s"", ""match_policy"": ""first"", ""n_jobs"": 40, ""problem_class"": ""B"", ""queue_depth"": 32, ""queue_policy"": ""hybrid"", ""reservation_depth"": 64, ""workload"": ""babelstream""}}}, ""system"": {""cpu_affinity"": true, ""flux_time_limit"": ""6m"", ""max_cores_per_node"": 96, ""max_gpus_per_node"": 4, ""queue"": ""pbatch"", ""slurm_time_limit"": ""00:06:00"", ""sys_nodes"": 1}}",4,tuolumne/SW_C
2ec6d85e75,"{""config"": {""instance_level"": {""0"": {""match_policy"": ""first"", ""queue_depth"": 32, ""queue_policy"": ""fcfs"", ""reservation_depth"": 64}, ""1"": {""match_policy"": ""low"", ""queue_depth"": 32, ""queue_policy"": ""fcfs"", ""reservation_depth"": 64}, ""2"": {""job_request_cores_per_task"": 24, ""job_request_gpus_per_task"": 1, ""job_request_nodes"": 1, ""job_request_ntasks_per_node"": 1, ""job_request_time"": ""30s"", ""match_policy"": ""first"", ""n_jobs"": 40, ""problem_class"": ""B"", ""queue_depth"": 32, ""queue_policy"": ""hybrid"", ""reservation_depth"": 64, ""workload"": ""babelstream""}}}, ""system"": {""cpu_affinity"": true, ""flux_time_limit"": ""6m"", ""max_cores_per_node"": 96, ""max_gpus_per_node"": 4, ""queue"": ""pbatch"", ""slurm_time_limit"": ""00:06:00"", ""sys_nodes"": 1}}",5,tuolumne/SW_C
fc547d7472,"{""config"": {""instance_level"": {""0"": {""match_policy"": ""first"", ""queue_depth"": 32, ""queue_policy"": ""fcfs"", ""reservation_depth"": 64}, ""1"": {""match_policy"": ""low"", ""queue_depth"": 32, ""queue_policy"": ""fcfs"", ""reservation_depth"": 64}, ""2"": {""job_request_cores_per_task"": 24, ""job_request_gpus_per_task"": 1, ""job_request_nodes"": 1, ""job_request_ntasks_per_node"": 1, ""job_request_time"": ""30s"", ""match_policy"": ""first"", ""n_jobs"": 40, ""problem_class"": ""B"", ""queue_depth"": 32, ""queue_policy"": ""hybrid"", ""reservation_depth"": 64, ""workload"": ""raja-perf%Polybench_GEMM%Base_HIP""}}}, ""system"": {""cpu_affinity"": true, ""flux_time_limit"": ""6m"", ""max_cores_per_node"": 96, ""max_gpus_per_node"": 4, ""queue"": ""pbatch"", ""slurm_time_limit"": ""00:06:00"", ""sys_nodes"": 1}}",1,tuolumne/SW_C
fc547d7472,"{""config"": {""instance_level"": {""0"": {""match_policy"": ""first"", ""queue_depth"": 32, ""queue_policy"": ""fcfs"", ""reservation_depth"": 64}, ""1"": {""match_policy"": ""low"", ""queue_depth"": 32, ""queue_policy"": ""fcfs"", ""reservation_depth"": 64}, ""2"": {""job_request_cores_per_task"": 24, ""job_request_gpus_per_task"": 1, ""job_request_nodes"": 1, ""job_request_ntasks_per_node"": 1, ""job_request_time"": ""30s"", ""match_policy"": ""first"", ""n_jobs"": 40, ""problem_class"": ""B"", ""queue_depth"": 32, ""queue_policy"": ""hybrid"", ""reservation_depth"": 64, ""workload"": ""raja-perf%Polybench_GEMM%Base_HIP""}}}, ""system"": {""cpu_affinity"": true, ""flux_time_limit"": ""6m"", ""max_cores_per_node"": 96, ""max_gpus_per_node"": 4, ""queue"": ""pbatch"", ""slurm_time_limit"": ""00:06:00"", ""sys_nodes"": 1}}",2,tuolumne/SW_C
fc547d7472,"{""config"": {""instance_level"": {""0"": {""match_policy"": ""first"", ""queue_depth"": 32, ""queue_policy"": ""fcfs"", ""reservation_depth"": 64}, ""1"": {""match_policy"": ""low"", ""queue_depth"": 32, ""queue_policy"": ""fcfs"", ""reservation_depth"": 64}, ""2"": {""job_request_cores_per_task"": 24, ""job_request_gpus_per_task"": 1, ""job_request_nodes"": 1, ""job_request_ntasks_per_node"": 1, ""job_request_time"": ""30s"", ""match_policy"": ""first"", ""n_jobs"": 40, ""problem_class"": ""B"", ""queue_depth"": 32, ""queue_policy"": ""hybrid"", ""reservation_depth"": 64, ""workload"": ""raja-perf%Polybench_GEMM%Base_HIP""}}}, ""system"": {""cpu_affinity"": true, ""flux_time_limit"": ""6m"", ""max_cores_per_node"": 96, ""max_gpus_per_node"": 4, ""queue"": ""pbatch"", ""slurm_time_limit"": ""00:06:00"", ""sys_nodes"": 1}}",3,tuolumne/SW_C
fc547d7472,"{""config"": {""instance_level"": {""0"": {""match_policy"": ""first"", ""queue_depth"": 32, ""queue_policy"": ""fcfs"", ""reservation_depth"": 64}, ""1"": {""match_policy"": ""low"", ""queue_depth"": 32, ""queue_policy"": ""fcfs"", ""reservation_depth"": 64}, ""2"": {""job_request_cores_per_task"": 24, ""job_request_gpus_per_task"": 1, ""job_request_nodes"": 1, ""job_request_ntasks_per_node"": 1, ""job_request_time"": ""30s"", ""match_policy"": ""first"", ""n_jobs"": 40, ""problem_class"": ""B"", ""queue_depth"": 32, ""queue_policy"": ""hybrid"", ""reservation_depth"": 64, ""workload"": ""raja-perf%Polybench_GEMM%Base_HIP""}}}, ""system"": {""cpu_affinity"": true, ""flux_time_limit"": ""6m"", ""max_cores_per_node"": 96, ""max_gpus_per_node"": 4, ""queue"": ""pbatch"", ""slurm_time_limit"": ""00:06:00"", ""sys_nodes"": 1}}",4,tuolumne/SW_C
fc547d7472,"{""config"": {""instance_level"": {""0"": {""match_policy"": ""first"", ""queue_depth"": 32, ""queue_policy"": ""fcfs"", ""reservation_depth"": 64}, ""1"": {""match_policy"": ""low"", ""queue_depth"": 32, ""queue_policy"": ""fcfs"", ""reservation_depth"": 64}, ""2"": {""job_request_cores_per_task"": 24, ""job_request_gpus_per_task"": 1, ""job_request_nodes"": 1, ""job_request_ntasks_per_node"": 1, ""job_request_time"": ""30s"", ""match_policy"": ""first"", ""n_jobs"": 40, ""problem_class"": ""B"", ""queue_depth"": 32, ""queue_policy"": ""hybrid"", ""reservation_depth"": 64, ""workload"": ""raja-perf%Polybench_GEMM%Base_HIP""}}}, ""system"": {""cpu_affinity"": true, ""flux_time_limit"": ""6m"", ""max_cores_per_node"": 96, ""max_gpus_per_node"": 4, ""queue"": ""pbatch"", ""slurm_time_limit"": ""00:06:00"", ""sys_nodes"": 1}}",5,tuolumne/SW_C
153393632f,"{""config"": {""instance_level"": {""0"": {""match_policy"": ""first"", ""queue_depth"": 32, ""queue_policy"": ""fcfs"", ""reservation_depth"": 64}, ""1"": {""match_policy"": ""low"", ""queue_depth"": 32, ""queue_policy"": ""fcfs"", ""reservation_depth"": 64}, ""2"": {""job_request_cores_per_task"": 24, ""job_request_gpus_per_task"": 1, ""job_request_nodes"": 1, ""job_request_ntasks_per_node"": 1, ""job_request_time"": ""30s"", ""match_policy"": ""low"", ""n_jobs"": 40, ""problem_class"": ""B"", ""queue_depth"": 32, ""queue_policy"": ""fcfs"", ""reservation_depth"": 64, ""workload"": ""babelstream""}}}, ""system"": {""cpu_affinity"": true, ""flux_time_limit"": ""6m"", ""max_cores_per_node"": 96, ""max_gpus_per_node"": 4, ""queue"": ""pbatch"", ""slurm_time_limit"": ""00:06:00"", ""sys_nodes"": 1}}",1,tuolumne/SW_C
153393632f,"{""config"": {""instance_level"": {""0"": {""match_policy"": ""first"", ""queue_depth"": 32, ""queue_policy"": ""fcfs"", ""reservation_depth"": 64}, ""1"": {""match_policy"": ""low"", ""queue_depth"": 32, ""queue_policy"": ""fcfs"", ""reservation_depth"": 64}, ""2"": {""job_request_cores_per_task"": 24, ""job_request_gpus_per_task"": 1, ""job_request_nodes"": 1, ""job_request_ntasks_per_node"": 1, ""job_request_time"": ""30s"", ""match_policy"": ""low"", ""n_jobs"": 40, ""problem_class"": ""B"", ""queue_depth"": 32, ""queue_policy"": ""fcfs"", ""reservation_depth"": 64, ""workload"": ""babelstream""}}}, ""system"": {""cpu_affinity"": true, ""flux_time_limit"": ""6m"", ""max_cores_per_node"": 96, ""max_gpus_per_node"": 4, ""queue"": ""pbatch"", ""slurm_time_limit"": ""00:06:00"", ""sys_nodes"": 1}}",2,tuolumne/SW_C
153393632f,"{""config"": {""instance_level"": {""0"": {""match_policy"": ""first"", ""queue_depth"": 32, ""queue_policy"": ""fcfs"", ""reservation_depth"": 64}, ""1"": {""match_policy"": ""low"", ""queue_depth"": 32, ""queue_policy"": ""fcfs"", ""reservation_depth"": 64}, ""2"": {""job_request_cores_per_task"": 24, ""job_request_gpus_per_task"": 1, ""job_request_nodes"": 1, ""job_request_ntasks_per_node"": 1, ""job_request_time"": ""30s"", ""match_policy"": ""low"", ""n_jobs"": 40, ""problem_class"": ""B"", ""queue_depth"": 32, ""queue_policy"": ""fcfs"", ""reservation_depth"": 64, ""workload"": ""babelstream""}}}, ""system"": {""cpu_affinity"": true, ""flux_time_limit"": ""6m"", ""max_cores_per_node"": 96, ""max_gpus_per_node"": 4, ""queue"": ""pbatch"", ""slurm_time_limit"": ""00:06:00"", ""sys_nodes"": 1}}",3,tuolumne/SW_C
153393632f,"{""config"": {""instance_level"": {""0"": {""match_policy"": ""first"", ""queue_depth"": 32, ""queue_policy"": ""fcfs"", ""reservation_depth"": 64}, ""1"": {""match_policy"": ""low"", ""queue_depth"": 32, ""queue_policy"": ""fcfs"", ""reservation_depth"": 64}, ""2"": {""job_request_cores_per_task"": 24, ""job_request_gpus_per_task"": 1, ""job_request_nodes"": 1, ""job_request_ntasks_per_node"": 1, ""job_request_time"": ""30s"", ""match_policy"": ""low"", ""n_jobs"": 40, ""problem_class"": ""B"", ""queue_depth"": 32, ""queue_policy"": ""fcfs"", ""reservation_depth"": 64, ""workload"": ""babelstream""}}}, ""system"": {""cpu_affinity"": true, ""flux_time_limit"": ""6m"", ""max_cores_per_node"": 96, ""max_gpus_per_node"": 4, ""queue"": ""pbatch"", ""slurm_time_limit"": ""00:06:00"", ""sys_nodes"": 1}}",4,tuolumne/SW_C
153393632f,"{""config"": {""instance_level"": {""0"": {""match_policy"": ""first"", ""queue_depth"": 32, ""queue_policy"": ""fcfs"", ""reservation_depth"": 64}, ""1"": {""match_policy"": ""low"", ""queue_depth"": 32, ""queue_policy"": ""fcfs"", ""reservation_depth"": 64}, ""2"": {""job_request_cores_per_task"": 24, ""job_request_gpus_per_task"": 1, ""job_request_nodes"": 1, ""job_request_ntasks_per_node"": 1, ""job_request_time"": ""30s"", ""match_policy"": ""low"", ""n_jobs"": 40, ""problem_class"": ""B"", ""queue_depth"": 32, ""queue_policy"": ""fcfs"", ""reservation_depth"": 64, ""workload"": ""babelstream""}}}, ""system"": {""cpu_affinity"": true, ""flux_time_limit"": ""6m"", ""max_cores_per_node"": 96, ""max_gpus_per_node"": 4, ""queue"": ""pbatch"", ""slurm_time_limit"": ""00:06:00"", ""sys_nodes"": 1}}",5,tuolumne/SW_C
7b1182d386,"{""config"": {""instance_level"": {""0"": {""match_policy"": ""first"", ""queue_depth"": 32, ""queue_policy"": ""fcfs"", ""reservation_depth"": 64}, ""1"": {""match_policy"": ""low"", ""queue_depth"": 32, ""queue_policy"": ""fcfs"", ""reservation_depth"": 64}, ""2"": {""job_request_cores_per_task"": 24, ""job_request_gpus_per_task"": 1, ""job_request_nodes"": 1, ""job_request_ntasks_per_node"": 1, ""job_request_time"": ""30s"", ""match_policy"": ""low"", ""n_jobs"": 40, ""problem_class"": ""B"", ""queue_depth"": 32, ""queue_policy"": ""fcfs"", ""reservation_depth"": 64, ""workload"": ""raja-perf%Polybench_GEMM%Base_HIP""}}}, ""system"": {""cpu_affinity"": true, ""flux_time_limit"": ""6m"", ""max_cores_per_node"": 96, ""max_gpus_per_node"": 4, ""queue"": ""pbatch"", ""slurm_time_limit"": ""00:06:00"", ""sys_nodes"": 1}}",1,tuolumne/SW_C
7b1182d386,"{""config"": {""instance_level"": {""0"": {""match_policy"": ""first"", ""queue_depth"": 32, ""queue_policy"": ""fcfs"", ""reservation_depth"": 64}, ""1"": {""match_policy"": ""low"", ""queue_depth"": 32, ""queue_policy"": ""fcfs"", ""reservation_depth"": 64}, ""2"": {""job_request_cores_per_task"": 24, ""job_request_gpus_per_task"": 1, ""job_request_nodes"": 1, ""job_request_ntasks_per_node"": 1, ""job_request_time"": ""30s"", ""match_policy"": ""low"", ""n_jobs"": 40, ""problem_class"": ""B"", ""queue_depth"": 32, ""queue_policy"": ""fcfs"", ""reservation_depth"": 64, ""workload"": ""raja-perf%Polybench_GEMM%Base_HIP""}}}, ""system"": {""cpu_affinity"": true, ""flux_time_limit"": ""6m"", ""max_cores_per_node"": 96, ""max_gpus_per_node"": 4, ""queue"": ""pbatch"", ""slurm_time_limit"": ""00:06:00"", ""sys_nodes"": 1}}",2,tuolumne/SW_C
7b1182d386,"{""config"": {""instance_level"": {""0"": {""match_policy"": ""first"", ""queue_depth"": 32, ""queue_policy"": ""fcfs"", ""reservation_depth"": 64}, ""1"": {""match_policy"": ""low"", ""queue_depth"": 32, ""queue_policy"": ""fcfs"", ""reservation_depth"": 64}, ""2"": {""job_request_cores_per_task"": 24, ""job_request_gpus_per_task"": 1, ""job_request_nodes"": 1, ""job_request_ntasks_per_node"": 1, ""job_request_time"": ""30s"", ""match_policy"": ""low"", ""n_jobs"": 40, ""problem_class"": ""B"", ""queue_depth"": 32, ""queue_policy"": ""fcfs"", ""reservation_depth"": 64, ""workload"": ""raja-perf%Polybench_GEMM%Base_HIP""}}}, ""system"": {""cpu_affinity"": true, ""flux_time_limit"": ""6m"", ""max_cores_per_node"": 96, ""max_gpus_per_node"": 4, ""queue"": ""pbatch"", ""slurm_time_limit"": ""00:06:00"", ""sys_nodes"": 1}}",3,tuolumne/SW_C
7b1182d386,"{""config"": {""instance_level"": {""0"": {""match_policy"": ""first"", ""queue_depth"": 32, ""queue_policy"": ""fcfs"", ""reservation_depth"": 64}, ""1"": {""match_policy"": ""low"", ""queue_depth"": 32, ""queue_policy"": ""fcfs"", ""reservation_depth"": 64}, ""2"": {""job_request_cores_per_task"": 24, ""job_request_gpus_per_task"": 1, ""job_request_nodes"": 1, ""job_request_ntasks_per_node"": 1, ""job_request_time"": ""30s"", ""match_policy"": ""low"", ""n_jobs"": 40, ""problem_class"": ""B"", ""queue_depth"": 32, ""queue_policy"": ""fcfs"", ""reservation_depth"": 64, ""workload"": ""raja-perf%Polybench_GEMM%Base_HIP""}}}, ""system"": {""cpu_affinity"": true, ""flux_time_limit"": ""6m"", ""max_cores_per_node"": 96, ""max_gpus_per_node"": 4, ""queue"": ""pbatch"", ""slurm_time_limit"": ""00:06:00"", ""sys_nodes"": 1}}",4,tuolumne/SW_C
7b1182d386,"{""config"": {""instance_level"": {""0"": {""match_policy"": ""first"", ""queue_depth"": 32, ""queue_policy"": ""fcfs"", ""reservation_depth"": 64}, ""1"": {""match_policy"": ""low"", ""queue_depth"": 32, ""queue_policy"": ""fcfs"", ""reservation_depth"": 64}, ""2"": {""job_request_cores_per_task"": 24, ""job_request_gpus_per_task"": 1, ""job_request_nodes"": 1, ""job_request_ntasks_per_node"": 1, ""job_request_time"": ""30s"", ""match_policy"": ""low"", ""n_jobs"": 40, ""problem_class"": ""B"", ""queue_depth"": 32, ""queue_policy"": ""fcfs"", ""reservation_depth"": 64, ""workload"": ""raja-perf%Polybench_GEMM%Base_HIP""}}}, ""system"": {""cpu_affinity"": true, ""flux_time_limit"": ""6m"", ""max_cores_per_node"": 96, ""max_gpus_per_node"": 4, ""queue"": ""pbatch"", ""slurm_time_limit"": ""00:06:00"", ""sys_nodes"": 1}}",5,tuolumne/SW_C
7a426f2507,"{""config"": {""instance_level"": {""0"": {""match_policy"": ""first"", ""queue_depth"": 32, ""queue_policy"": ""fcfs"", ""reservation_depth"": 64}, ""1"": {""match_policy"": ""low"", ""queue_depth"": 32, ""queue_policy"": ""fcfs"", ""reservation_depth"": 64}, ""2"": {""job_request_cores_per_task"": 24, ""job_request_gpus_per_task"": 1, ""job_request_nodes"": 1, ""job_request_ntasks_per_node"": 1, ""job_request_time"": ""30s"", ""match_policy"": ""low"", ""n_jobs"": 40, ""problem_class"": ""B"", ""queue_depth"": 32, ""queue_policy"": ""hybrid"", ""reservation_depth"": 64, ""workload"": ""babelstream""}}}, ""system"": {""cpu_affinity"": true, ""flux_time_limit"": ""6m"", ""max_cores_per_node"": 96, ""max_gpus_per_node"": 4, ""queue"": ""pbatch"", ""slurm_time_limit"": ""00:06:00"", ""sys_nodes"": 1}}",1,tuolumne/SW_C
7a426f2507,"{""config"": {""instance_level"": {""0"": {""match_policy"": ""first"", ""queue_depth"": 32, ""queue_policy"": ""fcfs"", ""reservation_depth"": 64}, ""1"": {""match_policy"": ""low"", ""queue_depth"": 32, ""queue_policy"": ""fcfs"", ""reservation_depth"": 64}, ""2"": {""job_request_cores_per_task"": 24, ""job_request_gpus_per_task"": 1, ""job_request_nodes"": 1, ""job_request_ntasks_per_node"": 1, ""job_request_time"": ""30s"", ""match_policy"": ""low"", ""n_jobs"": 40, ""problem_class"": ""B"", ""queue_depth"": 32, ""queue_policy"": ""hybrid"", ""reservation_depth"": 64, ""workload"": ""babelstream""}}}, ""system"": {""cpu_affinity"": true, ""flux_time_limit"": ""6m"", ""max_cores_per_node"": 96, ""max_gpus_per_node"": 4, ""queue"": ""pbatch"", ""slurm_time_limit"": ""00:06:00"", ""sys_nodes"": 1}}",2,tuolumne/SW_C
7a426f2507,"{""config"": {""instance_level"": {""0"": {""match_policy"": ""first"", ""queue_depth"": 32, ""queue_policy"": ""fcfs"", ""reservation_depth"": 64}, ""1"": {""match_policy"": ""low"", ""queue_depth"": 32, ""queue_policy"": ""fcfs"", ""reservation_depth"": 64}, ""2"": {""job_request_cores_per_task"": 24, ""job_request_gpus_per_task"": 1, ""job_request_nodes"": 1, ""job_request_ntasks_per_node"": 1, ""job_request_time"": ""30s"", ""match_policy"": ""low"", ""n_jobs"": 40, ""problem_class"": ""B"", ""queue_depth"": 32, ""queue_policy"": ""hybrid"", ""reservation_depth"": 64, ""workload"": ""babelstream""}}}, ""system"": {""cpu_affinity"": true, ""flux_time_limit"": ""6m"", ""max_cores_per_node"": 96, ""max_gpus_per_node"": 4, ""queue"": ""pbatch"", ""slurm_time_limit"": ""00:06:00"", ""sys_nodes"": 1}}",3,tuolumne/SW_C
7a426f2507,"{""config"": {""instance_level"": {""0"": {""match_policy"": ""first"", ""queue_depth"": 32, ""queue_policy"": ""fcfs"", ""reservation_depth"": 64}, ""1"": {""match_policy"": ""low"", ""queue_depth"": 32, ""queue_policy"": ""fcfs"", ""reservation_depth"": 64}, ""2"": {""job_request_cores_per_task"": 24, ""job_request_gpus_per_task"": 1, ""job_request_nodes"": 1, ""job_request_ntasks_per_node"": 1, ""job_request_time"": ""30s"", ""match_policy"": ""low"", ""n_jobs"": 40, ""problem_class"": ""B"", ""queue_depth"": 32, ""queue_policy"": ""hybrid"", ""reservation_depth"": 64, ""workload"": ""babelstream""}}}, ""system"": {""cpu_affinity"": true, ""flux_time_limit"": ""6m"", ""max_cores_per_node"": 96, ""max_gpus_per_node"": 4, ""queue"": ""pbatch"", ""slurm_time_limit"": ""00:06:00"", ""sys_nodes"": 1}}",4,tuolumne/SW_C
7a426f2507,"{""config"": {""instance_level"": {""0"": {""match_policy"": ""first"", ""queue_depth"": 32, ""queue_policy"": ""fcfs"", ""reservation_depth"": 64}, ""1"": {""match_policy"": ""low"", ""queue_depth"": 32, ""queue_policy"": ""fcfs"", ""reservation_depth"": 64}, ""2"": {""job_request_cores_per_task"": 24, ""job_request_gpus_per_task"": 1, ""job_request_nodes"": 1, ""job_request_ntasks_per_node"": 1, ""job_request_time"": ""30s"", ""match_policy"": ""low"", ""n_jobs"": 40, ""problem_class"": ""B"", ""queue_depth"": 32, ""queue_policy"": ""hybrid"", ""reservation_depth"": 64, ""workload"": ""babelstream""}}}, ""system"": {""cpu_affinity"": true, ""flux_time_limit"": ""6m"", ""max_cores_per_node"": 96, ""max_gpus_per_node"": 4, ""queue"": ""pbatch"", ""slurm_time_limit"": ""00:06:00"", ""sys_nodes"": 1}}",5,tuolumne/SW_C
146904c54d,"{""config"": {""instance_level"": {""0"": {""match_policy"": ""first"", ""queue_depth"": 32, ""queue_policy"": ""fcfs"", ""reservation_depth"": 64}, ""1"": {""match_policy"": ""low"", ""queue_depth"": 32, ""queue_policy"": ""fcfs"", ""reservation_depth"": 64}, ""2"": {""job_request_cores_per_task"": 24, ""job_request_gpus_per_task"": 1, ""job_request_nodes"": 1, ""job_request_ntasks_per_node"": 1, ""job_request_time"": ""30s"", ""match_policy"": ""low"", ""n_jobs"": 40, ""problem_class"": ""B"", ""queue_depth"": 32, ""queue_policy"": ""hybrid"", ""reservation_depth"": 64, ""workload"": ""raja-perf%Polybench_GEMM%Base_HIP""}}}, ""system"": {""cpu_affinity"": true, ""flux_time_limit"": ""6m"", ""max_cores_per_node"": 96, ""max_gpus_per_node"": 4, ""queue"": ""pbatch"", ""slurm_time_limit"": ""00:06:00"", ""sys_nodes"": 1}}",1,tuolumne/SW_C
146904c54d,"{""config"": {""instance_level"": {""0"": {""match_policy"": ""first"", ""queue_depth"": 32, ""queue_policy"": ""fcfs"", ""reservation_depth"": 64}, ""1"": {""match_policy"": ""low"", ""queue_depth"": 32, ""queue_policy"": ""fcfs"", ""reservation_depth"": 64}, ""2"": {""job_request_cores_per_task"": 24, ""job_request_gpus_per_task"": 1, ""job_request_nodes"": 1, ""job_request_ntasks_per_node"": 1, ""job_request_time"": ""30s"", ""match_policy"": ""low"", ""n_jobs"": 40, ""problem_class"": ""B"", ""queue_depth"": 32, ""queue_policy"": ""hybrid"", ""reservation_depth"": 64, ""workload"": ""raja-perf%Polybench_GEMM%Base_HIP""}}}, ""system"": {""cpu_affinity"": true, ""flux_time_limit"": ""6m"", ""max_cores_per_node"": 96, ""max_gpus_per_node"": 4, ""queue"": ""pbatch"", ""slurm_time_limit"": ""00:06:00"", ""sys_nodes"": 1}}",2,tuolumne/SW_C
146904c54d,"{""config"": {""instance_level"": {""0"": {""match_policy"": ""first"", ""queue_depth"": 32, ""queue_policy"": ""fcfs"", ""reservation_depth"": 64}, ""1"": {""match_policy"": ""low"", ""queue_depth"": 32, ""queue_policy"": ""fcfs"", ""reservation_depth"": 64}, ""2"": {""job_request_cores_per_task"": 24, ""job_request_gpus_per_task"": 1, ""job_request_nodes"": 1, ""job_request_ntasks_per_node"": 1, ""job_request_time"": ""30s"", ""match_policy"": ""low"", ""n_jobs"": 40, ""problem_class"": ""B"", ""queue_depth"": 32, ""queue_policy"": ""hybrid"", ""reservation_depth"": 64, ""workload"": ""raja-perf%Polybench_GEMM%Base_HIP""}}}, ""system"": {""cpu_affinity"": true, ""flux_time_limit"": ""6m"", ""max_cores_per_node"": 96, ""max_gpus_per_node"": 4, ""queue"": ""pbatch"", ""slurm_time_limit"": ""00:06:00"", ""sys_nodes"": 1}}",3,tuolumne/SW_C
146904c54d,"{""config"": {""instance_level"": {""0"": {""match_policy"": ""first"", ""queue_depth"": 32, ""queue_policy"": ""fcfs"", ""reservation_depth"": 64}, ""1"": {""match_policy"": ""low"", ""queue_depth"": 32, ""queue_policy"": ""fcfs"", ""reservation_depth"": 64}, ""2"": {""job_request_cores_per_task"": 24, ""job_request_gpus_per_task"": 1, ""job_request_nodes"": 1, ""job_request_ntasks_per_node"": 1, ""job_request_time"": ""30s"", ""match_policy"": ""low"", ""n_jobs"": 40, ""problem_class"": ""B"", ""queue_depth"": 32, ""queue_policy"": ""hybrid"", ""reservation_depth"": 64, ""workload"": ""raja-perf%Polybench_GEMM%Base_HIP""}}}, ""system"": {""cpu_affinity"": true, ""flux_time_limit"": ""6m"", ""max_cores_per_node"": 96, ""max_gpus_per_node"": 4, ""queue"": ""pbatch"", ""slurm_time_limit"": ""00:06:00"", ""sys_nodes"": 1}}",4,tuolumne/SW_C
146904c54d,"{""config"": {""instance_level"": {""0"": {""match_policy"": ""first"", ""queue_depth"": 32, ""queue_policy"": ""fcfs"", ""reservation_depth"": 64}, ""1"": {""match_policy"": ""low"", ""queue_depth"": 32, ""queue_policy"": ""fcfs"", ""reservation_depth"": 64}, ""2"": {""job_request_cores_per_task"": 24, ""job_request_gpus_per_task"": 1, ""job_request_nodes"": 1, ""job_request_ntasks_per_node"": 1, ""job_request_time"": ""30s"", ""match_policy"": ""low"", ""n_jobs"": 40, ""problem_class"": ""B"", ""queue_depth"": 32, ""queue_policy"": ""hybrid"", ""reservation_depth"": 64, ""workload"": ""raja-perf%Polybench_GEMM%Base_HIP""}}}, ""system"": {""cpu_affinity"": true, ""flux_time_limit"": ""6m"", ""max_cores_per_node"": 96, ""max_gpus_per_node"": 4, ""queue"": ""pbatch"", ""slurm_time_limit"": ""00:06:00"", ""sys_nodes"": 1}}",5,tuolumne/SW_C
186a829aa8,"{""config"": {""instance_level"": {""0"": {""match_policy"": ""first"", ""queue_depth"": 32, ""queue_policy"": ""fcfs"", ""reservation_depth"": 64}, ""1"": {""match_policy"": ""low"", ""queue_depth"": 32, ""queue_policy"": ""hybrid"", ""reservation_depth"": 64}, ""2"": {""job_request_cores_per_task"": 24, ""job_request_gpus_per_task"": 1, ""job_request_nodes"": 1, ""job_request_ntasks_per_node"": 1, ""job_request_time"": ""30s"", ""match_policy"": ""first"", ""n_jobs"": 40, ""problem_class"": ""B"", ""queue_depth"": 32, ""queue_policy"": ""fcfs"", ""reservation_depth"": 64, ""workload"": ""babelstream""}}}, ""system"": {""cpu_affinity"": true, ""flux_time_limit"": ""6m"", ""max_cores_per_node"": 96, ""max_gpus_per_node"": 4, ""queue"": ""pbatch"", ""slurm_time_limit"": ""00:06:00"", ""sys_nodes"": 1}}",1,tuolumne/SW_C
186a829aa8,"{""config"": {""instance_level"": {""0"": {""match_policy"": ""first"", ""queue_depth"": 32, ""queue_policy"": ""fcfs"", ""reservation_depth"": 64}, ""1"": {""match_policy"": ""low"", ""queue_depth"": 32, ""queue_policy"": ""hybrid"", ""reservation_depth"": 64}, ""2"": {""job_request_cores_per_task"": 24, ""job_request_gpus_per_task"": 1, ""job_request_nodes"": 1, ""job_request_ntasks_per_node"": 1, ""job_request_time"": ""30s"", ""match_policy"": ""first"", ""n_jobs"": 40, ""problem_class"": ""B"", ""queue_depth"": 32, ""queue_policy"": ""fcfs"", ""reservation_depth"": 64, ""workload"": ""babelstream""}}}, ""system"": {""cpu_affinity"": true, ""flux_time_limit"": ""6m"", ""max_cores_per_node"": 96, ""max_gpus_per_node"": 4, ""queue"": ""pbatch"", ""slurm_time_limit"": ""00:06:00"", ""sys_nodes"": 1}}",2,tuolumne/SW_C
186a829aa8,"{""config"": {""instance_level"": {""0"": {""match_policy"": ""first"", ""queue_depth"": 32, ""queue_policy"": ""fcfs"", ""reservation_depth"": 64}, ""1"": {""match_policy"": ""low"", ""queue_depth"": 32, ""queue_policy"": ""hybrid"", ""reservation_depth"": 64}, ""2"": {""job_request_cores_per_task"": 24, ""job_request_gpus_per_task"": 1, ""job_request_nodes"": 1, ""job_request_ntasks_per_node"": 1, ""job_request_time"": ""30s"", ""match_policy"": ""first"", ""n_jobs"": 40, ""problem_class"": ""B"", ""queue_depth"": 32, ""queue_policy"": ""fcfs"", ""reservation_depth"": 64, ""workload"": ""babelstream""}}}, ""system"": {""cpu_affinity"": true, ""flux_time_limit"": ""6m"", ""max_cores_per_node"": 96, ""max_gpus_per_node"": 4, ""queue"": ""pbatch"", ""slurm_time_limit"": ""00:06:00"", ""sys_nodes"": 1}}",3,tuolumne/SW_C
186a829aa8,"{""config"": {""instance_level"": {""0"": {""match_policy"": ""first"", ""queue_depth"": 32, ""queue_policy"": ""fcfs"", ""reservation_depth"": 64}, ""1"": {""match_policy"": ""low"", ""queue_depth"": 32, ""queue_policy"": ""hybrid"", ""reservation_depth"": 64}, ""2"": {""job_request_cores_per_task"": 24, ""job_request_gpus_per_task"": 1, ""job_request_nodes"": 1, ""job_request_ntasks_per_node"": 1, ""job_request_time"": ""30s"", ""match_policy"": ""first"", ""n_jobs"": 40, ""problem_class"": ""B"", ""queue_depth"": 32, ""queue_policy"": ""fcfs"", ""reservation_depth"": 64, ""workload"": ""babelstream""}}}, ""system"": {""cpu_affinity"": true, ""flux_time_limit"": ""6m"", ""max_cores_per_node"": 96, ""max_gpus_per_node"": 4, ""queue"": ""pbatch"", ""slurm_time_limit"": ""00:06:00"", ""sys_nodes"": 1}}",4,tuolumne/SW_C
186a829aa8,"{""config"": {""instance_level"": {""0"": {""match_policy"": ""first"", ""queue_depth"": 32, ""queue_policy"": ""fcfs"", ""reservation_depth"": 64}, ""1"": {""match_policy"": ""low"", ""queue_depth"": 32, ""queue_policy"": ""hybrid"", ""reservation_depth"": 64}, ""2"": {""job_request_cores_per_task"": 24, ""job_request_gpus_per_task"": 1, ""job_request_nodes"": 1, ""job_request_ntasks_per_node"": 1, ""job_request_time"": ""30s"", ""match_policy"": ""first"", ""n_jobs"": 40, ""problem_class"": ""B"", ""queue_depth"": 32, ""queue_policy"": ""fcfs"", ""reservation_depth"": 64, ""workload"": ""babelstream""}}}, ""system"": {""cpu_affinity"": true, ""flux_time_limit"": ""6m"", ""max_cores_per_node"": 96, ""max_gpus_per_node"": 4, ""queue"": ""pbatch"", ""slurm_time_limit"": ""00:06:00"", ""sys_nodes"": 1}}",5,tuolumne/SW_C
ef3fe138ef,"{""config"": {""instance_level"": {""0"": {""match_policy"": ""first"", ""queue_depth"": 32, ""queue_policy"": ""fcfs"", ""reservation_depth"": 64}, ""1"": {""match_policy"": ""low"", ""queue_depth"": 32, ""queue_policy"": ""hybrid"", ""reservation_depth"": 64}, ""2"": {""job_request_cores_per_task"": 24, ""job_request_gpus_per_task"": 1, ""job_request_nodes"": 1, ""job_request_ntasks_per_node"": 1, ""job_request_time"": ""30s"", ""match_policy"": ""first"", ""n_jobs"": 40, ""problem_class"": ""B"", ""queue_depth"": 32, ""queue_policy"": ""fcfs"", ""reservation_depth"": 64, ""workload"": ""raja-perf%Polybench_GEMM%Base_HIP""}}}, ""system"": {""cpu_affinity"": true, ""flux_time_limit"": ""6m"", ""max_cores_per_node"": 96, ""max_gpus_per_node"": 4, ""queue"": ""pbatch"", ""slurm_time_limit"": ""00:06:00"", ""sys_nodes"": 1}}",1,tuolumne/SW_C
ef3fe138ef,"{""config"": {""instance_level"": {""0"": {""match_policy"": ""first"", ""queue_depth"": 32, ""queue_policy"": ""fcfs"", ""reservation_depth"": 64}, ""1"": {""match_policy"": ""low"", ""queue_depth"": 32, ""queue_policy"": ""hybrid"", ""reservation_depth"": 64}, ""2"": {""job_request_cores_per_task"": 24, ""job_request_gpus_per_task"": 1, ""job_request_nodes"": 1, ""job_request_ntasks_per_node"": 1, ""job_request_time"": ""30s"", ""match_policy"": ""first"", ""n_jobs"": 40, ""problem_class"": ""B"", ""queue_depth"": 32, ""queue_policy"": ""fcfs"", ""reservation_depth"": 64, ""workload"": ""raja-perf%Polybench_GEMM%Base_HIP""}}}, ""system"": {""cpu_affinity"": true, ""flux_time_limit"": ""6m"", ""max_cores_per_node"": 96, ""max_gpus_per_node"": 4, ""queue"": ""pbatch"", ""slurm_time_limit"": ""00:06:00"", ""sys_nodes"": 1}}",2,tuolumne/SW_C
ef3fe138ef,"{""config"": {""instance_level"": {""0"": {""match_policy"": ""first"", ""queue_depth"": 32, ""queue_policy"": ""fcfs"", ""reservation_depth"": 64}, ""1"": {""match_policy"": ""low"", ""queue_depth"": 32, ""queue_policy"": ""hybrid"", ""reservation_depth"": 64}, ""2"": {""job_request_cores_per_task"": 24, ""job_request_gpus_per_task"": 1, ""job_request_nodes"": 1, ""job_request_ntasks_per_node"": 1, ""job_request_time"": ""30s"", ""match_policy"": ""first"", ""n_jobs"": 40, ""problem_class"": ""B"", ""queue_depth"": 32, ""queue_policy"": ""fcfs"", ""reservation_depth"": 64, ""workload"": ""raja-perf%Polybench_GEMM%Base_HIP""}}}, ""system"": {""cpu_affinity"": true, ""flux_time_limit"": ""6m"", ""max_cores_per_node"": 96, ""max_gpus_per_node"": 4, ""queue"": ""pbatch"", ""slurm_time_limit"": ""00:06:00"", ""sys_nodes"": 1}}",3,tuolumne/SW_C
ef3fe138ef,"{""config"": {""instance_level"": {""0"": {""match_policy"": ""first"", ""queue_depth"": 32, ""queue_policy"": ""fcfs"", ""reservation_depth"": 64}, ""1"": {""match_policy"": ""low"", ""queue_depth"": 32, ""queue_policy"": ""hybrid"", ""reservation_depth"": 64}, ""2"": {""job_request_cores_per_task"": 24, ""job_request_gpus_per_task"": 1, ""job_request_nodes"": 1, ""job_request_ntasks_per_node"": 1, ""job_request_time"": ""30s"", ""match_policy"": ""first"", ""n_jobs"": 40, ""problem_class"": ""B"", ""queue_depth"": 32, ""queue_policy"": ""fcfs"", ""reservation_depth"": 64, ""workload"": ""raja-perf%Polybench_GEMM%Base_HIP""}}}, ""system"": {""cpu_affinity"": true, ""flux_time_limit"": ""6m"", ""max_cores_per_node"": 96, ""max_gpus_per_node"": 4, ""queue"": ""pbatch"", ""slurm_time_limit"": ""00:06:00"", ""sys_nodes"": 1}}",4,tuolumne/SW_C
ef3fe138ef,"{""config"": {""instance_level"": {""0"": {""match_policy"": ""first"", ""queue_depth"": 32, ""queue_policy"": ""fcfs"", ""reservation_depth"": 64}, ""1"": {""match_policy"": ""low"", ""queue_depth"": 32, ""queue_policy"": ""hybrid"", ""reservation_depth"": 64}, ""2"": {""job_request_cores_per_task"": 24, ""job_request_gpus_per_task"": 1, ""job_request_nodes"": 1, ""job_request_ntasks_per_node"": 1, ""job_request_time"": ""30s"", ""match_policy"": ""first"", ""n_jobs"": 40, ""problem_class"": ""B"", ""queue_depth"": 32, ""queue_policy"": ""fcfs"", ""reservation_depth"": 64, ""workload"": ""raja-perf%Polybench_GEMM%Base_HIP""}}}, ""system"": {""cpu_affinity"": true, ""flux_time_limit"": ""6m"", ""max_cores_per_node"": 96, ""max_gpus_per_node"": 4, ""queue"": ""pbatch"", ""slurm_time_limit"": ""00:06:00"", ""sys_nodes"": 1}}",5,tuolumne/SW_C
d203f5374b,"{""config"": {""instance_level"": {""0"": {""match_policy"": ""first"", ""queue_depth"": 32, ""queue_policy"": ""fcfs"", ""reservation_depth"": 64}, ""1"": {""match_policy"": ""low"", ""queue_depth"": 32, ""queue_policy"": ""hybrid"", ""reservation_depth"": 64}, ""2"": {""job_request_cores_per_task"": 24, ""job_request_gpus_per_task"": 1, ""job_request_nodes"": 1, ""job_request_ntasks_per_node"": 1, ""job_request_time"": ""30s"", ""match_policy"": ""first"", ""n_jobs"": 40, ""problem_class"": ""B"", ""queue_depth"": 32, ""queue_policy"": ""hybrid"", ""reservation_depth"": 64, ""workload"": ""babelstream""}}}, ""system"": {""cpu_affinity"": true, ""flux_time_limit"": ""6m"", ""max_cores_per_node"": 96, ""max_gpus_per_node"": 4, ""queue"": ""pbatch"", ""slurm_time_limit"": ""00:06:00"", ""sys_nodes"": 1}}",1,tuolumne/SW_C
d203f5374b,"{""config"": {""instance_level"": {""0"": {""match_policy"": ""first"", ""queue_depth"": 32, ""queue_policy"": ""fcfs"", ""reservation_depth"": 64}, ""1"": {""match_policy"": ""low"", ""queue_depth"": 32, ""queue_policy"": ""hybrid"", ""reservation_depth"": 64}, ""2"": {""job_request_cores_per_task"": 24, ""job_request_gpus_per_task"": 1, ""job_request_nodes"": 1, ""job_request_ntasks_per_node"": 1, ""job_request_time"": ""30s"", ""match_policy"": ""first"", ""n_jobs"": 40, ""problem_class"": ""B"", ""queue_depth"": 32, ""queue_policy"": ""hybrid"", ""reservation_depth"": 64, ""workload"": ""babelstream""}}}, ""system"": {""cpu_affinity"": true, ""flux_time_limit"": ""6m"", ""max_cores_per_node"": 96, ""max_gpus_per_node"": 4, ""queue"": ""pbatch"", ""slurm_time_limit"": ""00:06:00"", ""sys_nodes"": 1}}",2,tuolumne/SW_C
d203f5374b,"{""config"": {""instance_level"": {""0"": {""match_policy"": ""first"", ""queue_depth"": 32, ""queue_policy"": ""fcfs"", ""reservation_depth"": 64}, ""1"": {""match_policy"": ""low"", ""queue_depth"": 32, ""queue_policy"": ""hybrid"", ""reservation_depth"": 64}, ""2"": {""job_request_cores_per_task"": 24, ""job_request_gpus_per_task"": 1, ""job_request_nodes"": 1, ""job_request_ntasks_per_node"": 1, ""job_request_time"": ""30s"", ""match_policy"": ""first"", ""n_jobs"": 40, ""problem_class"": ""B"", ""queue_depth"": 32, ""queue_policy"": ""hybrid"", ""reservation_depth"": 64, ""workload"": ""babelstream""}}}, ""system"": {""cpu_affinity"": true, ""flux_time_limit"": ""6m"", ""max_cores_per_node"": 96, ""max_gpus_per_node"": 4, ""queue"": ""pbatch"", ""slurm_time_limit"": ""00:06:00"", ""sys_nodes"": 1}}",3,tuolumne/SW_C
d203f5374b,"{""config"": {""instance_level"": {""0"": {""match_policy"": ""first"", ""queue_depth"": 32, ""queue_policy"": ""fcfs"", ""reservation_depth"": 64}, ""1"": {""match_policy"": ""low"", ""queue_depth"": 32, ""queue_policy"": ""hybrid"", ""reservation_depth"": 64}, ""2"": {""job_request_cores_per_task"": 24, ""job_request_gpus_per_task"": 1, ""job_request_nodes"": 1, ""job_request_ntasks_per_node"": 1, ""job_request_time"": ""30s"", ""match_policy"": ""first"", ""n_jobs"": 40, ""problem_class"": ""B"", ""queue_depth"": 32, ""queue_policy"": ""hybrid"", ""reservation_depth"": 64, ""workload"": ""babelstream""}}}, ""system"": {""cpu_affinity"": true, ""flux_time_limit"": ""6m"", ""max_cores_per_node"": 96, ""max_gpus_per_node"": 4, ""queue"": ""pbatch"", ""slurm_time_limit"": ""00:06:00"", ""sys_nodes"": 1}}",4,tuolumne/SW_C
d203f5374b,"{""config"": {""instance_level"": {""0"": {""match_policy"": ""first"", ""queue_depth"": 32, ""queue_policy"": ""fcfs"", ""reservation_depth"": 64}, ""1"": {""match_policy"": ""low"", ""queue_depth"": 32, ""queue_policy"": ""hybrid"", ""reservation_depth"": 64}, ""2"": {""job_request_cores_per_task"": 24, ""job_request_gpus_per_task"": 1, ""job_request_nodes"": 1, ""job_request_ntasks_per_node"": 1, ""job_request_time"": ""30s"", ""match_policy"": ""first"", ""n_jobs"": 40, ""problem_class"": ""B"", ""queue_depth"": 32, ""queue_policy"": ""hybrid"", ""reservation_depth"": 64, ""workload"": ""babelstream""}}}, ""system"": {""cpu_affinity"": true, ""flux_time_limit"": ""6m"", ""max_cores_per_node"": 96, ""max_gpus_per_node"": 4, ""queue"": ""pbatch"", ""slurm_time_limit"": ""00:06:00"", ""sys_nodes"": 1}}",5,tuolumne/SW_C
c89b5939a1,"{""config"": {""instance_level"": {""0"": {""match_policy"": ""first"", ""queue_depth"": 32, ""queue_policy"": ""fcfs"", ""reservation_depth"": 64}, ""1"": {""match_policy"": ""low"", ""queue_depth"": 32, ""queue_policy"": ""hybrid"", ""reservation_depth"": 64}, ""2"": {""job_request_cores_per_task"": 24, ""job_request_gpus_per_task"": 1, ""job_request_nodes"": 1, ""job_request_ntasks_per_node"": 1, ""job_request_time"": ""30s"", ""match_policy"": ""first"", ""n_jobs"": 40, ""problem_class"": ""B"", ""queue_depth"": 32, ""queue_policy"": ""hybrid"", ""reservation_depth"": 64, ""workload"": ""raja-perf%Polybench_GEMM%Base_HIP""}}}, ""system"": {""cpu_affinity"": true, ""flux_time_limit"": ""6m"", ""max_cores_per_node"": 96, ""max_gpus_per_node"": 4, ""queue"": ""pbatch"", ""slurm_time_limit"": ""00:06:00"", ""sys_nodes"": 1}}",1,tuolumne/SW_C
c89b5939a1,"{""config"": {""instance_level"": {""0"": {""match_policy"": ""first"", ""queue_depth"": 32, ""queue_policy"": ""fcfs"", ""reservation_depth"": 64}, ""1"": {""match_policy"": ""low"", ""queue_depth"": 32, ""queue_policy"": ""hybrid"", ""reservation_depth"": 64}, ""2"": {""job_request_cores_per_task"": 24, ""job_request_gpus_per_task"": 1, ""job_request_nodes"": 1, ""job_request_ntasks_per_node"": 1, ""job_request_time"": ""30s"", ""match_policy"": ""first"", ""n_jobs"": 40, ""problem_class"": ""B"", ""queue_depth"": 32, ""queue_policy"": ""hybrid"", ""reservation_depth"": 64, ""workload"": ""raja-perf%Polybench_GEMM%Base_HIP""}}}, ""system"": {""cpu_affinity"": true, ""flux_time_limit"": ""6m"", ""max_cores_per_node"": 96, ""max_gpus_per_node"": 4, ""queue"": ""pbatch"", ""slurm_time_limit"": ""00:06:00"", ""sys_nodes"": 1}}",2,tuolumne/SW_C
c89b5939a1,"{""config"": {""instance_level"": {""0"": {""match_policy"": ""first"", ""queue_depth"": 32, ""queue_policy"": ""fcfs"", ""reservation_depth"": 64}, ""1"": {""match_policy"": ""low"", ""queue_depth"": 32, ""queue_policy"": ""hybrid"", ""reservation_depth"": 64}, ""2"": {""job_request_cores_per_task"": 24, ""job_request_gpus_per_task"": 1, ""job_request_nodes"": 1, ""job_request_ntasks_per_node"": 1, ""job_request_time"": ""30s"", ""match_policy"": ""first"", ""n_jobs"": 40, ""problem_class"": ""B"", ""queue_depth"": 32, ""queue_policy"": ""hybrid"", ""reservation_depth"": 64, ""workload"": ""raja-perf%Polybench_GEMM%Base_HIP""}}}, ""system"": {""cpu_affinity"": true, ""flux_time_limit"": ""6m"", ""max_cores_per_node"": 96, ""max_gpus_per_node"": 4, ""queue"": ""pbatch"", ""slurm_time_limit"": ""00:06:00"", ""sys_nodes"": 1}}",3,tuolumne/SW_C
c89b5939a1,"{""config"": {""instance_level"": {""0"": {""match_policy"": ""first"", ""queue_depth"": 32, ""queue_policy"": ""fcfs"", ""reservation_depth"": 64}, ""1"": {""match_policy"": ""low"", ""queue_depth"": 32, ""queue_policy"": ""hybrid"", ""reservation_depth"": 64}, ""2"": {""job_request_cores_per_task"": 24, ""job_request_gpus_per_task"": 1, ""job_request_nodes"": 1, ""job_request_ntasks_per_node"": 1, ""job_request_time"": ""30s"", ""match_policy"": ""first"", ""n_jobs"": 40, ""problem_class"": ""B"", ""queue_depth"": 32, ""queue_policy"": ""hybrid"", ""reservation_depth"": 64, ""workload"": ""raja-perf%Polybench_GEMM%Base_HIP""}}}, ""system"": {""cpu_affinity"": true, ""flux_time_limit"": ""6m"", ""max_cores_per_node"": 96, ""max_gpus_per_node"": 4, ""queue"": ""pbatch"", ""slurm_time_limit"": ""00:06:00"", ""sys_nodes"": 1}}",4,tuolumne/SW_C
c89b5939a1,"{""config"": {""instance_level"": {""0"": {""match_policy"": ""first"", ""queue_depth"": 32, ""queue_policy"": ""fcfs"", ""reservation_depth"": 64}, ""1"": {""match_policy"": ""low"", ""queue_depth"": 32, ""queue_policy"": ""hybrid"", ""reservation_depth"": 64}, ""2"": {""job_request_cores_per_task"": 24, ""job_request_gpus_per_task"": 1, ""job_request_nodes"": 1, ""job_request_ntasks_per_node"": 1, ""job_request_time"": ""30s"", ""match_policy"": ""first"", ""n_jobs"": 40, ""problem_class"": ""B"", ""queue_depth"": 32, ""queue_policy"": ""hybrid"", ""reservation_depth"": 64, ""workload"": ""raja-perf%Polybench_GEMM%Base_HIP""}}}, ""system"": {""cpu_affinity"": true, ""flux_time_limit"": ""6m"", ""max_cores_per_node"": 96, ""max_gpus_per_node"": 4, ""queue"": ""pbatch"", ""slurm_time_limit"": ""00:06:00"", ""sys_nodes"": 1}}",5,tuolumne/SW_C
5bcf70a847,"{""config"": {""instance_level"": {""0"": {""match_policy"": ""first"", ""queue_depth"": 32, ""queue_policy"": ""fcfs"", ""reservation_depth"": 64}, ""1"": {""match_policy"": ""low"", ""queue_depth"": 32, ""queue_policy"": ""hybrid"", ""reservation_depth"": 64}, ""2"": {""job_request_cores_per_task"": 24, ""job_request_gpus_per_task"": 1, ""job_request_nodes"": 1, ""job_request_ntasks_per_node"": 1, ""job_request_time"": ""30s"", ""match_policy"": ""low"", ""n_jobs"": 40, ""problem_class"": ""B"", ""queue_depth"": 32, ""queue_policy"": ""fcfs"", ""reservation_depth"": 64, ""workload"": ""babelstream""}}}, ""system"": {""cpu_affinity"": true, ""flux_time_limit"": ""6m"", ""max_cores_per_node"": 96, ""max_gpus_per_node"": 4, ""queue"": ""pbatch"", ""slurm_time_limit"": ""00:06:00"", ""sys_nodes"": 1}}",1,tuolumne/SW_C
5bcf70a847,"{""config"": {""instance_level"": {""0"": {""match_policy"": ""first"", ""queue_depth"": 32, ""queue_policy"": ""fcfs"", ""reservation_depth"": 64}, ""1"": {""match_policy"": ""low"", ""queue_depth"": 32, ""queue_policy"": ""hybrid"", ""reservation_depth"": 64}, ""2"": {""job_request_cores_per_task"": 24, ""job_request_gpus_per_task"": 1, ""job_request_nodes"": 1, ""job_request_ntasks_per_node"": 1, ""job_request_time"": ""30s"", ""match_policy"": ""low"", ""n_jobs"": 40, ""problem_class"": ""B"", ""queue_depth"": 32, ""queue_policy"": ""fcfs"", ""reservation_depth"": 64, ""workload"": ""babelstream""}}}, ""system"": {""cpu_affinity"": true, ""flux_time_limit"": ""6m"", ""max_cores_per_node"": 96, ""max_gpus_per_node"": 4, ""queue"": ""pbatch"", ""slurm_time_limit"": ""00:06:00"", ""sys_nodes"": 1}}",2,tuolumne/SW_C
5bcf70a847,"{""config"": {""instance_level"": {""0"": {""match_policy"": ""first"", ""queue_depth"": 32, ""queue_policy"": ""fcfs"", ""reservation_depth"": 64}, ""1"": {""match_policy"": ""low"", ""queue_depth"": 32, ""queue_policy"": ""hybrid"", ""reservation_depth"": 64}, ""2"": {""job_request_cores_per_task"": 24, ""job_request_gpus_per_task"": 1, ""job_request_nodes"": 1, ""job_request_ntasks_per_node"": 1, ""job_request_time"": ""30s"", ""match_policy"": ""low"", ""n_jobs"": 40, ""problem_class"": ""B"", ""queue_depth"": 32, ""queue_policy"": ""fcfs"", ""reservation_depth"": 64, ""workload"": ""babelstream""}}}, ""system"": {""cpu_affinity"": true, ""flux_time_limit"": ""6m"", ""max_cores_per_node"": 96, ""max_gpus_per_node"": 4, ""queue"": ""pbatch"", ""slurm_time_limit"": ""00:06:00"", ""sys_nodes"": 1}}",3,tuolumne/SW_C
5bcf70a847,"{""config"": {""instance_level"": {""0"": {""match_policy"": ""first"", ""queue_depth"": 32, ""queue_policy"": ""fcfs"", ""reservation_depth"": 64}, ""1"": {""match_policy"": ""low"", ""queue_depth"": 32, ""queue_policy"": ""hybrid"", ""reservation_depth"": 64}, ""2"": {""job_request_cores_per_task"": 24, ""job_request_gpus_per_task"": 1, ""job_request_nodes"": 1, ""job_request_ntasks_per_node"": 1, ""job_request_time"": ""30s"", ""match_policy"": ""low"", ""n_jobs"": 40, ""problem_class"": ""B"", ""queue_depth"": 32, ""queue_policy"": ""fcfs"", ""reservation_depth"": 64, ""workload"": ""babelstream""}}}, ""system"": {""cpu_affinity"": true, ""flux_time_limit"": ""6m"", ""max_cores_per_node"": 96, ""max_gpus_per_node"": 4, ""queue"": ""pbatch"", ""slurm_time_limit"": ""00:06:00"", ""sys_nodes"": 1}}",4,tuolumne/SW_C
5bcf70a847,"{""config"": {""instance_level"": {""0"": {""match_policy"": ""first"", ""queue_depth"": 32, ""queue_policy"": ""fcfs"", ""reservation_depth"": 64}, ""1"": {""match_policy"": ""low"", ""queue_depth"": 32, ""queue_policy"": ""hybrid"", ""reservation_depth"": 64}, ""2"": {""job_request_cores_per_task"": 24, ""job_request_gpus_per_task"": 1, ""job_request_nodes"": 1, ""job_request_ntasks_per_node"": 1, ""job_request_time"": ""30s"", ""match_policy"": ""low"", ""n_jobs"": 40, ""problem_class"": ""B"", ""queue_depth"": 32, ""queue_policy"": ""fcfs"", ""reservation_depth"": 64, ""workload"": ""babelstream""}}}, ""system"": {""cpu_affinity"": true, ""flux_time_limit"": ""6m"", ""max_cores_per_node"": 96, ""max_gpus_per_node"": 4, ""queue"": ""pbatch"", ""slurm_time_limit"": ""00:06:00"", ""sys_nodes"": 1}}",5,tuolumne/SW_C
0c4093dac3,"{""config"": {""instance_level"": {""0"": {""match_policy"": ""first"", ""queue_depth"": 32, ""queue_policy"": ""fcfs"", ""reservation_depth"": 64}, ""1"": {""match_policy"": ""low"", ""queue_depth"": 32, ""queue_policy"": ""hybrid"", ""reservation_depth"": 64}, ""2"": {""job_request_cores_per_task"": 24, ""job_request_gpus_per_task"": 1, ""job_request_nodes"": 1, ""job_request_ntasks_per_node"": 1, ""job_request_time"": ""30s"", ""match_policy"": ""low"", ""n_jobs"": 40, ""problem_class"": ""B"", ""queue_depth"": 32, ""queue_policy"": ""fcfs"", ""reservation_depth"": 64, ""workload"": ""raja-perf%Polybench_GEMM%Base_HIP""}}}, ""system"": {""cpu_affinity"": true, ""flux_time_limit"": ""6m"", ""max_cores_per_node"": 96, ""max_gpus_per_node"": 4, ""queue"": ""pbatch"", ""slurm_time_limit"": ""00:06:00"", ""sys_nodes"": 1}}",1,tuolumne/SW_C
0c4093dac3,"{""config"": {""instance_level"": {""0"": {""match_policy"": ""first"", ""queue_depth"": 32, ""queue_policy"": ""fcfs"", ""reservation_depth"": 64}, ""1"": {""match_policy"": ""low"", ""queue_depth"": 32, ""queue_policy"": ""hybrid"", ""reservation_depth"": 64}, ""2"": {""job_request_cores_per_task"": 24, ""job_request_gpus_per_task"": 1, ""job_request_nodes"": 1, ""job_request_ntasks_per_node"": 1, ""job_request_time"": ""30s"", ""match_policy"": ""low"", ""n_jobs"": 40, ""problem_class"": ""B"", ""queue_depth"": 32, ""queue_policy"": ""fcfs"", ""reservation_depth"": 64, ""workload"": ""raja-perf%Polybench_GEMM%Base_HIP""}}}, ""system"": {""cpu_affinity"": true, ""flux_time_limit"": ""6m"", ""max_cores_per_node"": 96, ""max_gpus_per_node"": 4, ""queue"": ""pbatch"", ""slurm_time_limit"": ""00:06:00"", ""sys_nodes"": 1}}",2,tuolumne/SW_C
0c4093dac3,"{""config"": {""instance_level"": {""0"": {""match_policy"": ""first"", ""queue_depth"": 32, ""queue_policy"": ""fcfs"", ""reservation_depth"": 64}, ""1"": {""match_policy"": ""low"", ""queue_depth"": 32, ""queue_policy"": ""hybrid"", ""reservation_depth"": 64}, ""2"": {""job_request_cores_per_task"": 24, ""job_request_gpus_per_task"": 1, ""job_request_nodes"": 1, ""job_request_ntasks_per_node"": 1, ""job_request_time"": ""30s"", ""match_policy"": ""low"", ""n_jobs"": 40, ""problem_class"": ""B"", ""queue_depth"": 32, ""queue_policy"": ""fcfs"", ""reservation_depth"": 64, ""workload"": ""raja-perf%Polybench_GEMM%Base_HIP""}}}, ""system"": {""cpu_affinity"": true, ""flux_time_limit"": ""6m"", ""max_cores_per_node"": 96, ""max_gpus_per_node"": 4, ""queue"": ""pbatch"", ""slurm_time_limit"": ""00:06:00"", ""sys_nodes"": 1}}",3,tuolumne/SW_C
0c4093dac3,"{""config"": {""instance_level"": {""0"": {""match_policy"": ""first"", ""queue_depth"": 32, ""queue_policy"": ""fcfs"", ""reservation_depth"": 64}, ""1"": {""match_policy"": ""low"", ""queue_depth"": 32, ""queue_policy"": ""hybrid"", ""reservation_depth"": 64}, ""2"": {""job_request_cores_per_task"": 24, ""job_request_gpus_per_task"": 1, ""job_request_nodes"": 1, ""job_request_ntasks_per_node"": 1, ""job_request_time"": ""30s"", ""match_policy"": ""low"", ""n_jobs"": 40, ""problem_class"": ""B"", ""queue_depth"": 32, ""queue_policy"": ""fcfs"", ""reservation_depth"": 64, ""workload"": ""raja-perf%Polybench_GEMM%Base_HIP""}}}, ""system"": {""cpu_affinity"": true, ""flux_time_limit"": ""6m"", ""max_cores_per_node"": 96, ""max_gpus_per_node"": 4, ""queue"": ""pbatch"", ""slurm_time_limit"": ""00:06:00"", ""sys_nodes"": 1}}",4,tuolumne/SW_C
0c4093dac3,"{""config"": {""instance_level"": {""0"": {""match_policy"": ""first"", ""queue_depth"": 32, ""queue_policy"": ""fcfs"", ""reservation_depth"": 64}, ""1"": {""match_policy"": ""low"", ""queue_depth"": 32, ""queue_policy"": ""hybrid"", ""reservation_depth"": 64}, ""2"": {""job_request_cores_per_task"": 24, ""job_request_gpus_per_task"": 1, ""job_request_nodes"": 1, ""job_request_ntasks_per_node"": 1, ""job_request_time"": ""30s"", ""match_policy"": ""low"", ""n_jobs"": 40, ""problem_class"": ""B"", ""queue_depth"": 32, ""queue_policy"": ""fcfs"", ""reservation_depth"": 64, ""workload"": ""raja-perf%Polybench_GEMM%Base_HIP""}}}, ""system"": {""cpu_affinity"": true, ""flux_time_limit"": ""6m"", ""max_cores_per_node"": 96, ""max_gpus_per_node"": 4, ""queue"": ""pbatch"", ""slurm_time_limit"": ""00:06:00"", ""sys_nodes"": 1}}",5,tuolumne/SW_C
73ab72f00d,"{""config"": {""instance_level"": {""0"": {""match_policy"": ""first"", ""queue_depth"": 32, ""queue_policy"": ""fcfs"", ""reservation_depth"": 64}, ""1"": {""match_policy"": ""low"", ""queue_depth"": 32, ""queue_policy"": ""hybrid"", ""reservation_depth"": 64}, ""2"": {""job_request_cores_per_task"": 24, ""job_request_gpus_per_task"": 1, ""job_request_nodes"": 1, ""job_request_ntasks_per_node"": 1, ""job_request_time"": ""30s"", ""match_policy"": ""low"", ""n_jobs"": 40, ""problem_class"": ""B"", ""queue_depth"": 32, ""queue_policy"": ""hybrid"", ""reservation_depth"": 64, ""workload"": ""babelstream""}}}, ""system"": {""cpu_affinity"": true, ""flux_time_limit"": ""6m"", ""max_cores_per_node"": 96, ""max_gpus_per_node"": 4, ""queue"": ""pbatch"", ""slurm_time_limit"": ""00:06:00"", ""sys_nodes"": 1}}",1,tuolumne/SW_C
73ab72f00d,"{""config"": {""instance_level"": {""0"": {""match_policy"": ""first"", ""queue_depth"": 32, ""queue_policy"": ""fcfs"", ""reservation_depth"": 64}, ""1"": {""match_policy"": ""low"", ""queue_depth"": 32, ""queue_policy"": ""hybrid"", ""reservation_depth"": 64}, ""2"": {""job_request_cores_per_task"": 24, ""job_request_gpus_per_task"": 1, ""job_request_nodes"": 1, ""job_request_ntasks_per_node"": 1, ""job_request_time"": ""30s"", ""match_policy"": ""low"", ""n_jobs"": 40, ""problem_class"": ""B"", ""queue_depth"": 32, ""queue_policy"": ""hybrid"", ""reservation_depth"": 64, ""workload"": ""babelstream""}}}, ""system"": {""cpu_affinity"": true, ""flux_time_limit"": ""6m"", ""max_cores_per_node"": 96, ""max_gpus_per_node"": 4, ""queue"": ""pbatch"", ""slurm_time_limit"": ""00:06:00"", ""sys_nodes"": 1}}",2,tuolumne/SW_C
73ab72f00d,"{""config"": {""instance_level"": {""0"": {""match_policy"": ""first"", ""queue_depth"": 32, ""queue_policy"": ""fcfs"", ""reservation_depth"": 64}, ""1"": {""match_policy"": ""low"", ""queue_depth"": 32, ""queue_policy"": ""hybrid"", ""reservation_depth"": 64}, ""2"": {""job_request_cores_per_task"": 24, ""job_request_gpus_per_task"": 1, ""job_request_nodes"": 1, ""job_request_ntasks_per_node"": 1, ""job_request_time"": ""30s"", ""match_policy"": ""low"", ""n_jobs"": 40, ""problem_class"": ""B"", ""queue_depth"": 32, ""queue_policy"": ""hybrid"", ""reservation_depth"": 64, ""workload"": ""babelstream""}}}, ""system"": {""cpu_affinity"": true, ""flux_time_limit"": ""6m"", ""max_cores_per_node"": 96, ""max_gpus_per_node"": 4, ""queue"": ""pbatch"", ""slurm_time_limit"": ""00:06:00"", ""sys_nodes"": 1}}",3,tuolumne/SW_C
73ab72f00d,"{""config"": {""instance_level"": {""0"": {""match_policy"": ""first"", ""queue_depth"": 32, ""queue_policy"": ""fcfs"", ""reservation_depth"": 64}, ""1"": {""match_policy"": ""low"", ""queue_depth"": 32, ""queue_policy"": ""hybrid"", ""reservation_depth"": 64}, ""2"": {""job_request_cores_per_task"": 24, ""job_request_gpus_per_task"": 1, ""job_request_nodes"": 1, ""job_request_ntasks_per_node"": 1, ""job_request_time"": ""30s"", ""match_policy"": ""low"", ""n_jobs"": 40, ""problem_class"": ""B"", ""queue_depth"": 32, ""queue_policy"": ""hybrid"", ""reservation_depth"": 64, ""workload"": ""babelstream""}}}, ""system"": {""cpu_affinity"": true, ""flux_time_limit"": ""6m"", ""max_cores_per_node"": 96, ""max_gpus_per_node"": 4, ""queue"": ""pbatch"", ""slurm_time_limit"": ""00:06:00"", ""sys_nodes"": 1}}",4,tuolumne/SW_C
73ab72f00d,"{""config"": {""instance_level"": {""0"": {""match_policy"": ""first"", ""queue_depth"": 32, ""queue_policy"": ""fcfs"", ""reservation_depth"": 64}, ""1"": {""match_policy"": ""low"", ""queue_depth"": 32, ""queue_policy"": ""hybrid"", ""reservation_depth"": 64}, ""2"": {""job_request_cores_per_task"": 24, ""job_request_gpus_per_task"": 1, ""job_request_nodes"": 1, ""job_request_ntasks_per_node"": 1, ""job_request_time"": ""30s"", ""match_policy"": ""low"", ""n_jobs"": 40, ""problem_class"": ""B"", ""queue_depth"": 32, ""queue_policy"": ""hybrid"", ""reservation_depth"": 64, ""workload"": ""babelstream""}}}, ""system"": {""cpu_affinity"": true, ""flux_time_limit"": ""6m"", ""max_cores_per_node"": 96, ""max_gpus_per_node"": 4, ""queue"": ""pbatch"", ""slurm_time_limit"": ""00:06:00"", ""sys_nodes"": 1}}",5,tuolumne/SW_C
9db2c60709,"{""config"": {""instance_level"": {""0"": {""match_policy"": ""first"", ""queue_depth"": 32, ""queue_policy"": ""fcfs"", ""reservation_depth"": 64}, ""1"": {""match_policy"": ""low"", ""queue_depth"": 32, ""queue_policy"": ""hybrid"", ""reservation_depth"": 64}, ""2"": {""job_request_cores_per_task"": 24, ""job_request_gpus_per_task"": 1, ""job_request_nodes"": 1, ""job_request_ntasks_per_node"": 1, ""job_request_time"": ""30s"", ""match_policy"": ""low"", ""n_jobs"": 40, ""problem_class"": ""B"", ""queue_depth"": 32, ""queue_policy"": ""hybrid"", ""reservation_depth"": 64, ""workload"": ""raja-perf%Polybench_GEMM%Base_HIP""}}}, ""system"": {""cpu_affinity"": true, ""flux_time_limit"": ""6m"", ""max_cores_per_node"": 96, ""max_gpus_per_node"": 4, ""queue"": ""pbatch"", ""slurm_time_limit"": ""00:06:00"", ""sys_nodes"": 1}}",1,tuolumne/SW_C
9db2c60709,"{""config"": {""instance_level"": {""0"": {""match_policy"": ""first"", ""queue_depth"": 32, ""queue_policy"": ""fcfs"", ""reservation_depth"": 64}, ""1"": {""match_policy"": ""low"", ""queue_depth"": 32, ""queue_policy"": ""hybrid"", ""reservation_depth"": 64}, ""2"": {""job_request_cores_per_task"": 24, ""job_request_gpus_per_task"": 1, ""job_request_nodes"": 1, ""job_request_ntasks_per_node"": 1, ""job_request_time"": ""30s"", ""match_policy"": ""low"", ""n_jobs"": 40, ""problem_class"": ""B"", ""queue_depth"": 32, ""queue_policy"": ""hybrid"", ""reservation_depth"": 64, ""workload"": ""raja-perf%Polybench_GEMM%Base_HIP""}}}, ""system"": {""cpu_affinity"": true, ""flux_time_limit"": ""6m"", ""max_cores_per_node"": 96, ""max_gpus_per_node"": 4, ""queue"": ""pbatch"", ""slurm_time_limit"": ""00:06:00"", ""sys_nodes"": 1}}",2,tuolumne/SW_C
9db2c60709,"{""config"": {""instance_level"": {""0"": {""match_policy"": ""first"", ""queue_depth"": 32, ""queue_policy"": ""fcfs"", ""reservation_depth"": 64}, ""1"": {""match_policy"": ""low"", ""queue_depth"": 32, ""queue_policy"": ""hybrid"", ""reservation_depth"": 64}, ""2"": {""job_request_cores_per_task"": 24, ""job_request_gpus_per_task"": 1, ""job_request_nodes"": 1, ""job_request_ntasks_per_node"": 1, ""job_request_time"": ""30s"", ""match_policy"": ""low"", ""n_jobs"": 40, ""problem_class"": ""B"", ""queue_depth"": 32, ""queue_policy"": ""hybrid"", ""reservation_depth"": 64, ""workload"": ""raja-perf%Polybench_GEMM%Base_HIP""}}}, ""system"": {""cpu_affinity"": true, ""flux_time_limit"": ""6m"", ""max_cores_per_node"": 96, ""max_gpus_per_node"": 4, ""queue"": ""pbatch"", ""slurm_time_limit"": ""00:06:00"", ""sys_nodes"": 1}}",3,tuolumne/SW_C
9db2c60709,"{""config"": {""instance_level"": {""0"": {""match_policy"": ""first"", ""queue_depth"": 32, ""queue_policy"": ""fcfs"", ""reservation_depth"": 64}, ""1"": {""match_policy"": ""low"", ""queue_depth"": 32, ""queue_policy"": ""hybrid"", ""reservation_depth"": 64}, ""2"": {""job_request_cores_per_task"": 24, ""job_request_gpus_per_task"": 1, ""job_request_nodes"": 1, ""job_request_ntasks_per_node"": 1, ""job_request_time"": ""30s"", ""match_policy"": ""low"", ""n_jobs"": 40, ""problem_class"": ""B"", ""queue_depth"": 32, ""queue_policy"": ""hybrid"", ""reservation_depth"": 64, ""workload"": ""raja-perf%Polybench_GEMM%Base_HIP""}}}, ""system"": {""cpu_affinity"": true, ""flux_time_limit"": ""6m"", ""max_cores_per_node"": 96, ""max_gpus_per_node"": 4, ""queue"": ""pbatch"", ""slurm_time_limit"": ""00:06:00"", ""sys_nodes"": 1}}",4,tuolumne/SW_C
9db2c60709,"{""config"": {""instance_level"": {""0"": {""match_policy"": ""first"", ""queue_depth"": 32, ""queue_policy"": ""fcfs"", ""reservation_depth"": 64}, ""1"": {""match_policy"": ""low"", ""queue_depth"": 32, ""queue_policy"": ""hybrid"", ""reservation_depth"": 64}, ""2"": {""job_request_cores_per_task"": 24, ""job_request_gpus_per_task"": 1, ""job_request_nodes"": 1, ""job_request_ntasks_per_node"": 1, ""job_request_time"": ""30s"", ""match_policy"": ""low"", ""n_jobs"": 40, ""problem_class"": ""B"", ""queue_depth"": 32, ""queue_policy"": ""hybrid"", ""reservation_depth"": 64, ""workload"": ""raja-perf%Polybench_GEMM%Base_HIP""}}}, ""system"": {""cpu_affinity"": true, ""flux_time_limit"": ""6m"", ""max_cores_per_node"": 96, ""max_gpus_per_node"": 4, ""queue"": ""pbatch"", ""slurm_time_limit"": ""00:06:00"", ""sys_nodes"": 1}}",5,tuolumne/SW_C
