hash,config,rep,experiment_subdir
193f77a75c,"{""config"": {""instance_level"": {""0"": {""match_policy"": ""first"", ""queue_depth"": 32, ""queue_policy"": ""fcfs"", ""reservation_depth"": 64}, ""1"": {""job_request_cores_per_task"": 1, ""job_request_gpus_per_task"": 0, ""job_request_nodes"": 1, ""job_request_ntasks_per_node"": 1, ""job_request_time"": ""30s"", ""match_policy"": ""first"", ""n_jobs"": 500, ""problem_class"": ""B"", ""queue_depth"": 32, ""queue_policy"": ""fcfs"", ""reservation_depth"": 64, ""workload"": ""babelstream""}, ""2"": {""job_request_cores_per_task"": 1, ""job_request_gpus_per_task"": 0, ""job_request_nodes"": 1, ""job_request_ntasks_per_node"": 1, ""job_request_time"": ""30s"", ""match_policy"": ""first"", ""n_jobs"": 500, ""problem_class"": ""B"", ""queue_depth"": 32, ""queue_policy"": ""fcfs"", ""reservation_depth"": 64, ""workload"": ""babelstream""}}}, ""system"": {""cpu_affinity"": true, ""flux_time_limit"": ""7m"", ""max_cores_per_node"": 112, ""max_gpus_per_node"": 0, ""queue"": ""pbatch"", ""slurm_time_limit"": ""00:07:00"", ""sys_nodes"": 1}}",1,dane/SW_M
193f77a75c,"{""config"": {""instance_level"": {""0"": {""match_policy"": ""first"", ""queue_depth"": 32, ""queue_policy"": ""fcfs"", ""reservation_depth"": 64}, ""1"": {""job_request_cores_per_task"": 1, ""job_request_gpus_per_task"": 0, ""job_request_nodes"": 1, ""job_request_ntasks_per_node"": 1, ""job_request_time"": ""30s"", ""match_policy"": ""first"", ""n_jobs"": 500, ""problem_class"": ""B"", ""queue_depth"": 32, ""queue_policy"": ""fcfs"", ""reservation_depth"": 64, ""workload"": ""babelstream""}, ""2"": {""job_request_cores_per_task"": 1, ""job_request_gpus_per_task"": 0, ""job_request_nodes"": 1, ""job_request_ntasks_per_node"": 1, ""job_request_time"": ""30s"", ""match_policy"": ""first"", ""n_jobs"": 500, ""problem_class"": ""B"", ""queue_depth"": 32, ""queue_policy"": ""fcfs"", ""reservation_depth"": 64, ""workload"": ""babelstream""}}}, ""system"": {""cpu_affinity"": true, ""flux_time_limit"": ""7m"", ""max_cores_per_node"": 112, ""max_gpus_per_node"": 0, ""queue"": ""pbatch"", ""slurm_time_limit"": ""00:07:00"", ""sys_nodes"": 1}}",2,dane/SW_M
193f77a75c,"{""config"": {""instance_level"": {""0"": {""match_policy"": ""first"", ""queue_depth"": 32, ""queue_policy"": ""fcfs"", ""reservation_depth"": 64}, ""1"": {""job_request_cores_per_task"": 1, ""job_request_gpus_per_task"": 0, ""job_request_nodes"": 1, ""job_request_ntasks_per_node"": 1, ""job_request_time"": ""30s"", ""match_policy"": ""first"", ""n_jobs"": 500, ""problem_class"": ""B"", ""queue_depth"": 32, ""queue_policy"": ""fcfs"", ""reservation_depth"": 64, ""workload"": ""babelstream""}, ""2"": {""job_request_cores_per_task"": 1, ""job_request_gpus_per_task"": 0, ""job_request_nodes"": 1, ""job_request_ntasks_per_node"": 1, ""job_request_time"": ""30s"", ""match_policy"": ""first"", ""n_jobs"": 500, ""problem_class"": ""B"", ""queue_depth"": 32, ""queue_policy"": ""fcfs"", ""reservation_depth"": 64, ""workload"": ""babelstream""}}}, ""system"": {""cpu_affinity"": true, ""flux_time_limit"": ""7m"", ""max_cores_per_node"": 112, ""max_gpus_per_node"": 0, ""queue"": ""pbatch"", ""slurm_time_limit"": ""00:07:00"", ""sys_nodes"": 1}}",3,dane/SW_M
193f77a75c,"{""config"": {""instance_level"": {""0"": {""match_policy"": ""first"", ""queue_depth"": 32, ""queue_policy"": ""fcfs"", ""reservation_depth"": 64}, ""1"": {""job_request_cores_per_task"": 1, ""job_request_gpus_per_task"": 0, ""job_request_nodes"": 1, ""job_request_ntasks_per_node"": 1, ""job_request_time"": ""30s"", ""match_policy"": ""first"", ""n_jobs"": 500, ""problem_class"": ""B"", ""queue_depth"": 32, ""queue_policy"": ""fcfs"", ""reservation_depth"": 64, ""workload"": ""babelstream""}, ""2"": {""job_request_cores_per_task"": 1, ""job_request_gpus_per_task"": 0, ""job_request_nodes"": 1, ""job_request_ntasks_per_node"": 1, ""job_request_time"": ""30s"", ""match_policy"": ""first"", ""n_jobs"": 500, ""problem_class"": ""B"", ""queue_depth"": 32, ""queue_policy"": ""fcfs"", ""reservation_depth"": 64, ""workload"": ""babelstream""}}}, ""system"": {""cpu_affinity"": true, ""flux_time_limit"": ""7m"", ""max_cores_per_node"": 112, ""max_gpus_per_node"": 0, ""queue"": ""pbatch"", ""slurm_time_limit"": ""00:07:00"", ""sys_nodes"": 1}}",4,dane/SW_M
193f77a75c,"{""config"": {""instance_level"": {""0"": {""match_policy"": ""first"", ""queue_depth"": 32, ""queue_policy"": ""fcfs"", ""reservation_depth"": 64}, ""1"": {""job_request_cores_per_task"": 1, ""job_request_gpus_per_task"": 0, ""job_request_nodes"": 1, ""job_request_ntasks_per_node"": 1, ""job_request_time"": ""30s"", ""match_policy"": ""first"", ""n_jobs"": 500, ""problem_class"": ""B"", ""queue_depth"": 32, ""queue_policy"": ""fcfs"", ""reservation_depth"": 64, ""workload"": ""babelstream""}, ""2"": {""job_request_cores_per_task"": 1, ""job_request_gpus_per_task"": 0, ""job_request_nodes"": 1, ""job_request_ntasks_per_node"": 1, ""job_request_time"": ""30s"", ""match_policy"": ""first"", ""n_jobs"": 500, ""problem_class"": ""B"", ""queue_depth"": 32, ""queue_policy"": ""fcfs"", ""reservation_depth"": 64, ""workload"": ""babelstream""}}}, ""system"": {""cpu_affinity"": true, ""flux_time_limit"": ""7m"", ""max_cores_per_node"": 112, ""max_gpus_per_node"": 0, ""queue"": ""pbatch"", ""slurm_time_limit"": ""00:07:00"", ""sys_nodes"": 1}}",5,dane/SW_M
1491906f8e,"{""config"": {""instance_level"": {""0"": {""match_policy"": ""first"", ""queue_depth"": 32, ""queue_policy"": ""fcfs"", ""reservation_depth"": 64}, ""1"": {""job_request_cores_per_task"": 1, ""job_request_gpus_per_task"": 0, ""job_request_nodes"": 1, ""job_request_ntasks_per_node"": 1, ""job_request_time"": ""30s"", ""match_policy"": ""first"", ""n_jobs"": 500, ""problem_class"": ""B"", ""queue_depth"": 32, ""queue_policy"": ""fcfs"", ""reservation_depth"": 64, ""workload"": ""babelstream""}, ""2"": {""job_request_cores_per_task"": 1, ""job_request_gpus_per_task"": 0, ""job_request_nodes"": 1, ""job_request_ntasks_per_node"": 1, ""job_request_time"": ""30s"", ""match_policy"": ""first"", ""n_jobs"": 500, ""problem_class"": ""B"", ""queue_depth"": 32, ""queue_policy"": ""hybrid"", ""reservation_depth"": 64, ""workload"": ""babelstream""}}}, ""system"": {""cpu_affinity"": true, ""flux_time_limit"": ""7m"", ""max_cores_per_node"": 112, ""max_gpus_per_node"": 0, ""queue"": ""pbatch"", ""slurm_time_limit"": ""00:07:00"", ""sys_nodes"": 1}}",1,dane/SW_M
1491906f8e,"{""config"": {""instance_level"": {""0"": {""match_policy"": ""first"", ""queue_depth"": 32, ""queue_policy"": ""fcfs"", ""reservation_depth"": 64}, ""1"": {""job_request_cores_per_task"": 1, ""job_request_gpus_per_task"": 0, ""job_request_nodes"": 1, ""job_request_ntasks_per_node"": 1, ""job_request_time"": ""30s"", ""match_policy"": ""first"", ""n_jobs"": 500, ""problem_class"": ""B"", ""queue_depth"": 32, ""queue_policy"": ""fcfs"", ""reservation_depth"": 64, ""workload"": ""babelstream""}, ""2"": {""job_request_cores_per_task"": 1, ""job_request_gpus_per_task"": 0, ""job_request_nodes"": 1, ""job_request_ntasks_per_node"": 1, ""job_request_time"": ""30s"", ""match_policy"": ""first"", ""n_jobs"": 500, ""problem_class"": ""B"", ""queue_depth"": 32, ""queue_policy"": ""hybrid"", ""reservation_depth"": 64, ""workload"": ""babelstream""}}}, ""system"": {""cpu_affinity"": true, ""flux_time_limit"": ""7m"", ""max_cores_per_node"": 112, ""max_gpus_per_node"": 0, ""queue"": ""pbatch"", ""slurm_time_limit"": ""00:07:00"", ""sys_nodes"": 1}}",2,dane/SW_M
1491906f8e,"{""config"": {""instance_level"": {""0"": {""match_policy"": ""first"", ""queue_depth"": 32, ""queue_policy"": ""fcfs"", ""reservation_depth"": 64}, ""1"": {""job_request_cores_per_task"": 1, ""job_request_gpus_per_task"": 0, ""job_request_nodes"": 1, ""job_request_ntasks_per_node"": 1, ""job_request_time"": ""30s"", ""match_policy"": ""first"", ""n_jobs"": 500, ""problem_class"": ""B"", ""queue_depth"": 32, ""queue_policy"": ""fcfs"", ""reservation_depth"": 64, ""workload"": ""babelstream""}, ""2"": {""job_request_cores_per_task"": 1, ""job_request_gpus_per_task"": 0, ""job_request_nodes"": 1, ""job_request_ntasks_per_node"": 1, ""job_request_time"": ""30s"", ""match_policy"": ""first"", ""n_jobs"": 500, ""problem_class"": ""B"", ""queue_depth"": 32, ""queue_policy"": ""hybrid"", ""reservation_depth"": 64, ""workload"": ""babelstream""}}}, ""system"": {""cpu_affinity"": true, ""flux_time_limit"": ""7m"", ""max_cores_per_node"": 112, ""max_gpus_per_node"": 0, ""queue"": ""pbatch"", ""slurm_time_limit"": ""00:07:00"", ""sys_nodes"": 1}}",3,dane/SW_M
1491906f8e,"{""config"": {""instance_level"": {""0"": {""match_policy"": ""first"", ""queue_depth"": 32, ""queue_policy"": ""fcfs"", ""reservation_depth"": 64}, ""1"": {""job_request_cores_per_task"": 1, ""job_request_gpus_per_task"": 0, ""job_request_nodes"": 1, ""job_request_ntasks_per_node"": 1, ""job_request_time"": ""30s"", ""match_policy"": ""first"", ""n_jobs"": 500, ""problem_class"": ""B"", ""queue_depth"": 32, ""queue_policy"": ""fcfs"", ""reservation_depth"": 64, ""workload"": ""babelstream""}, ""2"": {""job_request_cores_per_task"": 1, ""job_request_gpus_per_task"": 0, ""job_request_nodes"": 1, ""job_request_ntasks_per_node"": 1, ""job_request_time"": ""30s"", ""match_policy"": ""first"", ""n_jobs"": 500, ""problem_class"": ""B"", ""queue_depth"": 32, ""queue_policy"": ""hybrid"", ""reservation_depth"": 64, ""workload"": ""babelstream""}}}, ""system"": {""cpu_affinity"": true, ""flux_time_limit"": ""7m"", ""max_cores_per_node"": 112, ""max_gpus_per_node"": 0, ""queue"": ""pbatch"", ""slurm_time_limit"": ""00:07:00"", ""sys_nodes"": 1}}",4,dane/SW_M
1491906f8e,"{""config"": {""instance_level"": {""0"": {""match_policy"": ""first"", ""queue_depth"": 32, ""queue_policy"": ""fcfs"", ""reservation_depth"": 64}, ""1"": {""job_request_cores_per_task"": 1, ""job_request_gpus_per_task"": 0, ""job_request_nodes"": 1, ""job_request_ntasks_per_node"": 1, ""job_request_time"": ""30s"", ""match_policy"": ""first"", ""n_jobs"": 500, ""problem_class"": ""B"", ""queue_depth"": 32, ""queue_policy"": ""fcfs"", ""reservation_depth"": 64, ""workload"": ""babelstream""}, ""2"": {""job_request_cores_per_task"": 1, ""job_request_gpus_per_task"": 0, ""job_request_nodes"": 1, ""job_request_ntasks_per_node"": 1, ""job_request_time"": ""30s"", ""match_policy"": ""first"", ""n_jobs"": 500, ""problem_class"": ""B"", ""queue_depth"": 32, ""queue_policy"": ""hybrid"", ""reservation_depth"": 64, ""workload"": ""babelstream""}}}, ""system"": {""cpu_affinity"": true, ""flux_time_limit"": ""7m"", ""max_cores_per_node"": 112, ""max_gpus_per_node"": 0, ""queue"": ""pbatch"", ""slurm_time_limit"": ""00:07:00"", ""sys_nodes"": 1}}",5,dane/SW_M
a44b94ac85,"{""config"": {""instance_level"": {""0"": {""match_policy"": ""first"", ""queue_depth"": 32, ""queue_policy"": ""fcfs"", ""reservation_depth"": 64}, ""1"": {""job_request_cores_per_task"": 1, ""job_request_gpus_per_task"": 0, ""job_request_nodes"": 1, ""job_request_ntasks_per_node"": 1, ""job_request_time"": ""30s"", ""match_policy"": ""first"", ""n_jobs"": 500, ""problem_class"": ""B"", ""queue_depth"": 32, ""queue_policy"": ""fcfs"", ""reservation_depth"": 64, ""workload"": ""babelstream""}, ""2"": {""job_request_cores_per_task"": 1, ""job_request_gpus_per_task"": 0, ""job_request_nodes"": 1, ""job_request_ntasks_per_node"": 1, ""job_request_time"": ""30s"", ""match_policy"": ""low"", ""n_jobs"": 500, ""problem_class"": ""B"", ""queue_depth"": 32, ""queue_policy"": ""fcfs"", ""reservation_depth"": 64, ""workload"": ""babelstream""}}}, ""system"": {""cpu_affinity"": true, ""flux_time_limit"": ""7m"", ""max_cores_per_node"": 112, ""max_gpus_per_node"": 0, ""queue"": ""pbatch"", ""slurm_time_limit"": ""00:07:00"", ""sys_nodes"": 1}}",1,dane/SW_M
a44b94ac85,"{""config"": {""instance_level"": {""0"": {""match_policy"": ""first"", ""queue_depth"": 32, ""queue_policy"": ""fcfs"", ""reservation_depth"": 64}, ""1"": {""job_request_cores_per_task"": 1, ""job_request_gpus_per_task"": 0, ""job_request_nodes"": 1, ""job_request_ntasks_per_node"": 1, ""job_request_time"": ""30s"", ""match_policy"": ""first"", ""n_jobs"": 500, ""problem_class"": ""B"", ""queue_depth"": 32, ""queue_policy"": ""fcfs"", ""reservation_depth"": 64, ""workload"": ""babelstream""}, ""2"": {""job_request_cores_per_task"": 1, ""job_request_gpus_per_task"": 0, ""job_request_nodes"": 1, ""job_request_ntasks_per_node"": 1, ""job_request_time"": ""30s"", ""match_policy"": ""low"", ""n_jobs"": 500, ""problem_class"": ""B"", ""queue_depth"": 32, ""queue_policy"": ""fcfs"", ""reservation_depth"": 64, ""workload"": ""babelstream""}}}, ""system"": {""cpu_affinity"": true, ""flux_time_limit"": ""7m"", ""max_cores_per_node"": 112, ""max_gpus_per_node"": 0, ""queue"": ""pbatch"", ""slurm_time_limit"": ""00:07:00"", ""sys_nodes"": 1}}",2,dane/SW_M
a44b94ac85,"{""config"": {""instance_level"": {""0"": {""match_policy"": ""first"", ""queue_depth"": 32, ""queue_policy"": ""fcfs"", ""reservation_depth"": 64}, ""1"": {""job_request_cores_per_task"": 1, ""job_request_gpus_per_task"": 0, ""job_request_nodes"": 1, ""job_request_ntasks_per_node"": 1, ""job_request_time"": ""30s"", ""match_policy"": ""first"", ""n_jobs"": 500, ""problem_class"": ""B"", ""queue_depth"": 32, ""queue_policy"": ""fcfs"", ""reservation_depth"": 64, ""workload"": ""babelstream""}, ""2"": {""job_request_cores_per_task"": 1, ""job_request_gpus_per_task"": 0, ""job_request_nodes"": 1, ""job_request_ntasks_per_node"": 1, ""job_request_time"": ""30s"", ""match_policy"": ""low"", ""n_jobs"": 500, ""problem_class"": ""B"", ""queue_depth"": 32, ""queue_policy"": ""fcfs"", ""reservation_depth"": 64, ""workload"": ""babelstream""}}}, ""system"": {""cpu_affinity"": true, ""flux_time_limit"": ""7m"", ""max_cores_per_node"": 112, ""max_gpus_per_node"": 0, ""queue"": ""pbatch"", ""slurm_time_limit"": ""00:07:00"", ""sys_nodes"": 1}}",3,dane/SW_M
a44b94ac85,"{""config"": {""instance_level"": {""0"": {""match_policy"": ""first"", ""queue_depth"": 32, ""queue_policy"": ""fcfs"", ""reservation_depth"": 64}, ""1"": {""job_request_cores_per_task"": 1, ""job_request_gpus_per_task"": 0, ""job_request_nodes"": 1, ""job_request_ntasks_per_node"": 1, ""job_request_time"": ""30s"", ""match_policy"": ""first"", ""n_jobs"": 500, ""problem_class"": ""B"", ""queue_depth"": 32, ""queue_policy"": ""fcfs"", ""reservation_depth"": 64, ""workload"": ""babelstream""}, ""2"": {""job_request_cores_per_task"": 1, ""job_request_gpus_per_task"": 0, ""job_request_nodes"": 1, ""job_request_ntasks_per_node"": 1, ""job_request_time"": ""30s"", ""match_policy"": ""low"", ""n_jobs"": 500, ""problem_class"": ""B"", ""queue_depth"": 32, ""queue_policy"": ""fcfs"", ""reservation_depth"": 64, ""workload"": ""babelstream""}}}, ""system"": {""cpu_affinity"": true, ""flux_time_limit"": ""7m"", ""max_cores_per_node"": 112, ""max_gpus_per_node"": 0, ""queue"": ""pbatch"", ""slurm_time_limit"": ""00:07:00"", ""sys_nodes"": 1}}",4,dane/SW_M
a44b94ac85,"{""config"": {""instance_level"": {""0"": {""match_policy"": ""first"", ""queue_depth"": 32, ""queue_policy"": ""fcfs"", ""reservation_depth"": 64}, ""1"": {""job_request_cores_per_task"": 1, ""job_request_gpus_per_task"": 0, ""job_request_nodes"": 1, ""job_request_ntasks_per_node"": 1, ""job_request_time"": ""30s"", ""match_policy"": ""first"", ""n_jobs"": 500, ""problem_class"": ""B"", ""queue_depth"": 32, ""queue_policy"": ""fcfs"", ""reservation_depth"": 64, ""workload"": ""babelstream""}, ""2"": {""job_request_cores_per_task"": 1, ""job_request_gpus_per_task"": 0, ""job_request_nodes"": 1, ""job_request_ntasks_per_node"": 1, ""job_request_time"": ""30s"", ""match_policy"": ""low"", ""n_jobs"": 500, ""problem_class"": ""B"", ""queue_depth"": 32, ""queue_policy"": ""fcfs"", ""reservation_depth"": 64, ""workload"": ""babelstream""}}}, ""system"": {""cpu_affinity"": true, ""flux_time_limit"": ""7m"", ""max_cores_per_node"": 112, ""max_gpus_per_node"": 0, ""queue"": ""pbatch"", ""slurm_time_limit"": ""00:07:00"", ""sys_nodes"": 1}}",5,dane/SW_M
5919168bf6,"{""config"": {""instance_level"": {""0"": {""match_policy"": ""first"", ""queue_depth"": 32, ""queue_policy"": ""fcfs"", ""reservation_depth"": 64}, ""1"": {""job_request_cores_per_task"": 1, ""job_request_gpus_per_task"": 0, ""job_request_nodes"": 1, ""job_request_ntasks_per_node"": 1, ""job_request_time"": ""30s"", ""match_policy"": ""first"", ""n_jobs"": 500, ""problem_class"": ""B"", ""queue_depth"": 32, ""queue_policy"": ""fcfs"", ""reservation_depth"": 64, ""workload"": ""babelstream""}, ""2"": {""job_request_cores_per_task"": 1, ""job_request_gpus_per_task"": 0, ""job_request_nodes"": 1, ""job_request_ntasks_per_node"": 1, ""job_request_time"": ""30s"", ""match_policy"": ""low"", ""n_jobs"": 500, ""problem_class"": ""B"", ""queue_depth"": 32, ""queue_policy"": ""hybrid"", ""reservation_depth"": 64, ""workload"": ""babelstream""}}}, ""system"": {""cpu_affinity"": true, ""flux_time_limit"": ""7m"", ""max_cores_per_node"": 112, ""max_gpus_per_node"": 0, ""queue"": ""pbatch"", ""slurm_time_limit"": ""00:07:00"", ""sys_nodes"": 1}}",1,dane/SW_M
5919168bf6,"{""config"": {""instance_level"": {""0"": {""match_policy"": ""first"", ""queue_depth"": 32, ""queue_policy"": ""fcfs"", ""reservation_depth"": 64}, ""1"": {""job_request_cores_per_task"": 1, ""job_request_gpus_per_task"": 0, ""job_request_nodes"": 1, ""job_request_ntasks_per_node"": 1, ""job_request_time"": ""30s"", ""match_policy"": ""first"", ""n_jobs"": 500, ""problem_class"": ""B"", ""queue_depth"": 32, ""queue_policy"": ""fcfs"", ""reservation_depth"": 64, ""workload"": ""babelstream""}, ""2"": {""job_request_cores_per_task"": 1, ""job_request_gpus_per_task"": 0, ""job_request_nodes"": 1, ""job_request_ntasks_per_node"": 1, ""job_request_time"": ""30s"", ""match_policy"": ""low"", ""n_jobs"": 500, ""problem_class"": ""B"", ""queue_depth"": 32, ""queue_policy"": ""hybrid"", ""reservation_depth"": 64, ""workload"": ""babelstream""}}}, ""system"": {""cpu_affinity"": true, ""flux_time_limit"": ""7m"", ""max_cores_per_node"": 112, ""max_gpus_per_node"": 0, ""queue"": ""pbatch"", ""slurm_time_limit"": ""00:07:00"", ""sys_nodes"": 1}}",2,dane/SW_M
5919168bf6,"{""config"": {""instance_level"": {""0"": {""match_policy"": ""first"", ""queue_depth"": 32, ""queue_policy"": ""fcfs"", ""reservation_depth"": 64}, ""1"": {""job_request_cores_per_task"": 1, ""job_request_gpus_per_task"": 0, ""job_request_nodes"": 1, ""job_request_ntasks_per_node"": 1, ""job_request_time"": ""30s"", ""match_policy"": ""first"", ""n_jobs"": 500, ""problem_class"": ""B"", ""queue_depth"": 32, ""queue_policy"": ""fcfs"", ""reservation_depth"": 64, ""workload"": ""babelstream""}, ""2"": {""job_request_cores_per_task"": 1, ""job_request_gpus_per_task"": 0, ""job_request_nodes"": 1, ""job_request_ntasks_per_node"": 1, ""job_request_time"": ""30s"", ""match_policy"": ""low"", ""n_jobs"": 500, ""problem_class"": ""B"", ""queue_depth"": 32, ""queue_policy"": ""hybrid"", ""reservation_depth"": 64, ""workload"": ""babelstream""}}}, ""system"": {""cpu_affinity"": true, ""flux_time_limit"": ""7m"", ""max_cores_per_node"": 112, ""max_gpus_per_node"": 0, ""queue"": ""pbatch"", ""slurm_time_limit"": ""00:07:00"", ""sys_nodes"": 1}}",3,dane/SW_M
5919168bf6,"{""config"": {""instance_level"": {""0"": {""match_policy"": ""first"", ""queue_depth"": 32, ""queue_policy"": ""fcfs"", ""reservation_depth"": 64}, ""1"": {""job_request_cores_per_task"": 1, ""job_request_gpus_per_task"": 0, ""job_request_nodes"": 1, ""job_request_ntasks_per_node"": 1, ""job_request_time"": ""30s"", ""match_policy"": ""first"", ""n_jobs"": 500, ""problem_class"": ""B"", ""queue_depth"": 32, ""queue_policy"": ""fcfs"", ""reservation_depth"": 64, ""workload"": ""babelstream""}, ""2"": {""job_request_cores_per_task"": 1, ""job_request_gpus_per_task"": 0, ""job_request_nodes"": 1, ""job_request_ntasks_per_node"": 1, ""job_request_time"": ""30s"", ""match_policy"": ""low"", ""n_jobs"": 500, ""problem_class"": ""B"", ""queue_depth"": 32, ""queue_policy"": ""hybrid"", ""reservation_depth"": 64, ""workload"": ""babelstream""}}}, ""system"": {""cpu_affinity"": true, ""flux_time_limit"": ""7m"", ""max_cores_per_node"": 112, ""max_gpus_per_node"": 0, ""queue"": ""pbatch"", ""slurm_time_limit"": ""00:07:00"", ""sys_nodes"": 1}}",4,dane/SW_M
5919168bf6,"{""config"": {""instance_level"": {""0"": {""match_policy"": ""first"", ""queue_depth"": 32, ""queue_policy"": ""fcfs"", ""reservation_depth"": 64}, ""1"": {""job_request_cores_per_task"": 1, ""job_request_gpus_per_task"": 0, ""job_request_nodes"": 1, ""job_request_ntasks_per_node"": 1, ""job_request_time"": ""30s"", ""match_policy"": ""first"", ""n_jobs"": 500, ""problem_class"": ""B"", ""queue_depth"": 32, ""queue_policy"": ""fcfs"", ""reservation_depth"": 64, ""workload"": ""babelstream""}, ""2"": {""job_request_cores_per_task"": 1, ""job_request_gpus_per_task"": 0, ""job_request_nodes"": 1, ""job_request_ntasks_per_node"": 1, ""job_request_time"": ""30s"", ""match_policy"": ""low"", ""n_jobs"": 500, ""problem_class"": ""B"", ""queue_depth"": 32, ""queue_policy"": ""hybrid"", ""reservation_depth"": 64, ""workload"": ""babelstream""}}}, ""system"": {""cpu_affinity"": true, ""flux_time_limit"": ""7m"", ""max_cores_per_node"": 112, ""max_gpus_per_node"": 0, ""queue"": ""pbatch"", ""slurm_time_limit"": ""00:07:00"", ""sys_nodes"": 1}}",5,dane/SW_M
f59186d8e1,"{""config"": {""instance_level"": {""0"": {""match_policy"": ""first"", ""queue_depth"": 32, ""queue_policy"": ""fcfs"", ""reservation_depth"": 64}, ""1"": {""job_request_cores_per_task"": 1, ""job_request_gpus_per_task"": 0, ""job_request_nodes"": 1, ""job_request_ntasks_per_node"": 1, ""job_request_time"": ""30s"", ""match_policy"": ""first"", ""n_jobs"": 500, ""problem_class"": ""B"", ""queue_depth"": 32, ""queue_policy"": ""fcfs"", ""reservation_depth"": 64, ""workload"": ""raja-perf%Polybench_GEMM%Base_OpenMP""}, ""2"": {""job_request_cores_per_task"": 1, ""job_request_gpus_per_task"": 0, ""job_request_nodes"": 1, ""job_request_ntasks_per_node"": 1, ""job_request_time"": ""30s"", ""match_policy"": ""first"", ""n_jobs"": 500, ""problem_class"": ""B"", ""queue_depth"": 32, ""queue_policy"": ""fcfs"", ""reservation_depth"": 64, ""workload"": ""raja-perf%Polybench_GEMM%Base_OpenMP""}}}, ""system"": {""cpu_affinity"": true, ""flux_time_limit"": ""7m"", ""max_cores_per_node"": 112, ""max_gpus_per_node"": 0, ""queue"": ""pbatch"", ""slurm_time_limit"": ""00:07:00"", ""sys_nodes"": 1}}",1,dane/SW_M
f59186d8e1,"{""config"": {""instance_level"": {""0"": {""match_policy"": ""first"", ""queue_depth"": 32, ""queue_policy"": ""fcfs"", ""reservation_depth"": 64}, ""1"": {""job_request_cores_per_task"": 1, ""job_request_gpus_per_task"": 0, ""job_request_nodes"": 1, ""job_request_ntasks_per_node"": 1, ""job_request_time"": ""30s"", ""match_policy"": ""first"", ""n_jobs"": 500, ""problem_class"": ""B"", ""queue_depth"": 32, ""queue_policy"": ""fcfs"", ""reservation_depth"": 64, ""workload"": ""raja-perf%Polybench_GEMM%Base_OpenMP""}, ""2"": {""job_request_cores_per_task"": 1, ""job_request_gpus_per_task"": 0, ""job_request_nodes"": 1, ""job_request_ntasks_per_node"": 1, ""job_request_time"": ""30s"", ""match_policy"": ""first"", ""n_jobs"": 500, ""problem_class"": ""B"", ""queue_depth"": 32, ""queue_policy"": ""fcfs"", ""reservation_depth"": 64, ""workload"": ""raja-perf%Polybench_GEMM%Base_OpenMP""}}}, ""system"": {""cpu_affinity"": true, ""flux_time_limit"": ""7m"", ""max_cores_per_node"": 112, ""max_gpus_per_node"": 0, ""queue"": ""pbatch"", ""slurm_time_limit"": ""00:07:00"", ""sys_nodes"": 1}}",2,dane/SW_M
f59186d8e1,"{""config"": {""instance_level"": {""0"": {""match_policy"": ""first"", ""queue_depth"": 32, ""queue_policy"": ""fcfs"", ""reservation_depth"": 64}, ""1"": {""job_request_cores_per_task"": 1, ""job_request_gpus_per_task"": 0, ""job_request_nodes"": 1, ""job_request_ntasks_per_node"": 1, ""job_request_time"": ""30s"", ""match_policy"": ""first"", ""n_jobs"": 500, ""problem_class"": ""B"", ""queue_depth"": 32, ""queue_policy"": ""fcfs"", ""reservation_depth"": 64, ""workload"": ""raja-perf%Polybench_GEMM%Base_OpenMP""}, ""2"": {""job_request_cores_per_task"": 1, ""job_request_gpus_per_task"": 0, ""job_request_nodes"": 1, ""job_request_ntasks_per_node"": 1, ""job_request_time"": ""30s"", ""match_policy"": ""first"", ""n_jobs"": 500, ""problem_class"": ""B"", ""queue_depth"": 32, ""queue_policy"": ""fcfs"", ""reservation_depth"": 64, ""workload"": ""raja-perf%Polybench_GEMM%Base_OpenMP""}}}, ""system"": {""cpu_affinity"": true, ""flux_time_limit"": ""7m"", ""max_cores_per_node"": 112, ""max_gpus_per_node"": 0, ""queue"": ""pbatch"", ""slurm_time_limit"": ""00:07:00"", ""sys_nodes"": 1}}",3,dane/SW_M
f59186d8e1,"{""config"": {""instance_level"": {""0"": {""match_policy"": ""first"", ""queue_depth"": 32, ""queue_policy"": ""fcfs"", ""reservation_depth"": 64}, ""1"": {""job_request_cores_per_task"": 1, ""job_request_gpus_per_task"": 0, ""job_request_nodes"": 1, ""job_request_ntasks_per_node"": 1, ""job_request_time"": ""30s"", ""match_policy"": ""first"", ""n_jobs"": 500, ""problem_class"": ""B"", ""queue_depth"": 32, ""queue_policy"": ""fcfs"", ""reservation_depth"": 64, ""workload"": ""raja-perf%Polybench_GEMM%Base_OpenMP""}, ""2"": {""job_request_cores_per_task"": 1, ""job_request_gpus_per_task"": 0, ""job_request_nodes"": 1, ""job_request_ntasks_per_node"": 1, ""job_request_time"": ""30s"", ""match_policy"": ""first"", ""n_jobs"": 500, ""problem_class"": ""B"", ""queue_depth"": 32, ""queue_policy"": ""fcfs"", ""reservation_depth"": 64, ""workload"": ""raja-perf%Polybench_GEMM%Base_OpenMP""}}}, ""system"": {""cpu_affinity"": true, ""flux_time_limit"": ""7m"", ""max_cores_per_node"": 112, ""max_gpus_per_node"": 0, ""queue"": ""pbatch"", ""slurm_time_limit"": ""00:07:00"", ""sys_nodes"": 1}}",4,dane/SW_M
f59186d8e1,"{""config"": {""instance_level"": {""0"": {""match_policy"": ""first"", ""queue_depth"": 32, ""queue_policy"": ""fcfs"", ""reservation_depth"": 64}, ""1"": {""job_request_cores_per_task"": 1, ""job_request_gpus_per_task"": 0, ""job_request_nodes"": 1, ""job_request_ntasks_per_node"": 1, ""job_request_time"": ""30s"", ""match_policy"": ""first"", ""n_jobs"": 500, ""problem_class"": ""B"", ""queue_depth"": 32, ""queue_policy"": ""fcfs"", ""reservation_depth"": 64, ""workload"": ""raja-perf%Polybench_GEMM%Base_OpenMP""}, ""2"": {""job_request_cores_per_task"": 1, ""job_request_gpus_per_task"": 0, ""job_request_nodes"": 1, ""job_request_ntasks_per_node"": 1, ""job_request_time"": ""30s"", ""match_policy"": ""first"", ""n_jobs"": 500, ""problem_class"": ""B"", ""queue_depth"": 32, ""queue_policy"": ""fcfs"", ""reservation_depth"": 64, ""workload"": ""raja-perf%Polybench_GEMM%Base_OpenMP""}}}, ""system"": {""cpu_affinity"": true, ""flux_time_limit"": ""7m"", ""max_cores_per_node"": 112, ""max_gpus_per_node"": 0, ""queue"": ""pbatch"", ""slurm_time_limit"": ""00:07:00"", ""sys_nodes"": 1}}",5,dane/SW_M
ac4713d457,"{""config"": {""instance_level"": {""0"": {""match_policy"": ""first"", ""queue_depth"": 32, ""queue_policy"": ""fcfs"", ""reservation_depth"": 64}, ""1"": {""job_request_cores_per_task"": 1, ""job_request_gpus_per_task"": 0, ""job_request_nodes"": 1, ""job_request_ntasks_per_node"": 1, ""job_request_time"": ""30s"", ""match_policy"": ""first"", ""n_jobs"": 500, ""problem_class"": ""B"", ""queue_depth"": 32, ""queue_policy"": ""fcfs"", ""reservation_depth"": 64, ""workload"": ""raja-perf%Polybench_GEMM%Base_OpenMP""}, ""2"": {""job_request_cores_per_task"": 1, ""job_request_gpus_per_task"": 0, ""job_request_nodes"": 1, ""job_request_ntasks_per_node"": 1, ""job_request_time"": ""30s"", ""match_policy"": ""first"", ""n_jobs"": 500, ""problem_class"": ""B"", ""queue_depth"": 32, ""queue_policy"": ""hybrid"", ""reservation_depth"": 64, ""workload"": ""raja-perf%Polybench_GEMM%Base_OpenMP""}}}, ""system"": {""cpu_affinity"": true, ""flux_time_limit"": ""7m"", ""max_cores_per_node"": 112, ""max_gpus_per_node"": 0, ""queue"": ""pbatch"", ""slurm_time_limit"": ""00:07:00"", ""sys_nodes"": 1}}",1,dane/SW_M
ac4713d457,"{""config"": {""instance_level"": {""0"": {""match_policy"": ""first"", ""queue_depth"": 32, ""queue_policy"": ""fcfs"", ""reservation_depth"": 64}, ""1"": {""job_request_cores_per_task"": 1, ""job_request_gpus_per_task"": 0, ""job_request_nodes"": 1, ""job_request_ntasks_per_node"": 1, ""job_request_time"": ""30s"", ""match_policy"": ""first"", ""n_jobs"": 500, ""problem_class"": ""B"", ""queue_depth"": 32, ""queue_policy"": ""fcfs"", ""reservation_depth"": 64, ""workload"": ""raja-perf%Polybench_GEMM%Base_OpenMP""}, ""2"": {""job_request_cores_per_task"": 1, ""job_request_gpus_per_task"": 0, ""job_request_nodes"": 1, ""job_request_ntasks_per_node"": 1, ""job_request_time"": ""30s"", ""match_policy"": ""first"", ""n_jobs"": 500, ""problem_class"": ""B"", ""queue_depth"": 32, ""queue_policy"": ""hybrid"", ""reservation_depth"": 64, ""workload"": ""raja-perf%Polybench_GEMM%Base_OpenMP""}}}, ""system"": {""cpu_affinity"": true, ""flux_time_limit"": ""7m"", ""max_cores_per_node"": 112, ""max_gpus_per_node"": 0, ""queue"": ""pbatch"", ""slurm_time_limit"": ""00:07:00"", ""sys_nodes"": 1}}",2,dane/SW_M
ac4713d457,"{""config"": {""instance_level"": {""0"": {""match_policy"": ""first"", ""queue_depth"": 32, ""queue_policy"": ""fcfs"", ""reservation_depth"": 64}, ""1"": {""job_request_cores_per_task"": 1, ""job_request_gpus_per_task"": 0, ""job_request_nodes"": 1, ""job_request_ntasks_per_node"": 1, ""job_request_time"": ""30s"", ""match_policy"": ""first"", ""n_jobs"": 500, ""problem_class"": ""B"", ""queue_depth"": 32, ""queue_policy"": ""fcfs"", ""reservation_depth"": 64, ""workload"": ""raja-perf%Polybench_GEMM%Base_OpenMP""}, ""2"": {""job_request_cores_per_task"": 1, ""job_request_gpus_per_task"": 0, ""job_request_nodes"": 1, ""job_request_ntasks_per_node"": 1, ""job_request_time"": ""30s"", ""match_policy"": ""first"", ""n_jobs"": 500, ""problem_class"": ""B"", ""queue_depth"": 32, ""queue_policy"": ""hybrid"", ""reservation_depth"": 64, ""workload"": ""raja-perf%Polybench_GEMM%Base_OpenMP""}}}, ""system"": {""cpu_affinity"": true, ""flux_time_limit"": ""7m"", ""max_cores_per_node"": 112, ""max_gpus_per_node"": 0, ""queue"": ""pbatch"", ""slurm_time_limit"": ""00:07:00"", ""sys_nodes"": 1}}",3,dane/SW_M
ac4713d457,"{""config"": {""instance_level"": {""0"": {""match_policy"": ""first"", ""queue_depth"": 32, ""queue_policy"": ""fcfs"", ""reservation_depth"": 64}, ""1"": {""job_request_cores_per_task"": 1, ""job_request_gpus_per_task"": 0, ""job_request_nodes"": 1, ""job_request_ntasks_per_node"": 1, ""job_request_time"": ""30s"", ""match_policy"": ""first"", ""n_jobs"": 500, ""problem_class"": ""B"", ""queue_depth"": 32, ""queue_policy"": ""fcfs"", ""reservation_depth"": 64, ""workload"": ""raja-perf%Polybench_GEMM%Base_OpenMP""}, ""2"": {""job_request_cores_per_task"": 1, ""job_request_gpus_per_task"": 0, ""job_request_nodes"": 1, ""job_request_ntasks_per_node"": 1, ""job_request_time"": ""30s"", ""match_policy"": ""first"", ""n_jobs"": 500, ""problem_class"": ""B"", ""queue_depth"": 32, ""queue_policy"": ""hybrid"", ""reservation_depth"": 64, ""workload"": ""raja-perf%Polybench_GEMM%Base_OpenMP""}}}, ""system"": {""cpu_affinity"": true, ""flux_time_limit"": ""7m"", ""max_cores_per_node"": 112, ""max_gpus_per_node"": 0, ""queue"": ""pbatch"", ""slurm_time_limit"": ""00:07:00"", ""sys_nodes"": 1}}",4,dane/SW_M
ac4713d457,"{""config"": {""instance_level"": {""0"": {""match_policy"": ""first"", ""queue_depth"": 32, ""queue_policy"": ""fcfs"", ""reservation_depth"": 64}, ""1"": {""job_request_cores_per_task"": 1, ""job_request_gpus_per_task"": 0, ""job_request_nodes"": 1, ""job_request_ntasks_per_node"": 1, ""job_request_time"": ""30s"", ""match_policy"": ""first"", ""n_jobs"": 500, ""problem_class"": ""B"", ""queue_depth"": 32, ""queue_policy"": ""fcfs"", ""reservation_depth"": 64, ""workload"": ""raja-perf%Polybench_GEMM%Base_OpenMP""}, ""2"": {""job_request_cores_per_task"": 1, ""job_request_gpus_per_task"": 0, ""job_request_nodes"": 1, ""job_request_ntasks_per_node"": 1, ""job_request_time"": ""30s"", ""match_policy"": ""first"", ""n_jobs"": 500, ""problem_class"": ""B"", ""queue_depth"": 32, ""queue_policy"": ""hybrid"", ""reservation_depth"": 64, ""workload"": ""raja-perf%Polybench_GEMM%Base_OpenMP""}}}, ""system"": {""cpu_affinity"": true, ""flux_time_limit"": ""7m"", ""max_cores_per_node"": 112, ""max_gpus_per_node"": 0, ""queue"": ""pbatch"", ""slurm_time_limit"": ""00:07:00"", ""sys_nodes"": 1}}",5,dane/SW_M
eb2f9793c4,"{""config"": {""instance_level"": {""0"": {""match_policy"": ""first"", ""queue_depth"": 32, ""queue_policy"": ""fcfs"", ""reservation_depth"": 64}, ""1"": {""job_request_cores_per_task"": 1, ""job_request_gpus_per_task"": 0, ""job_request_nodes"": 1, ""job_request_ntasks_per_node"": 1, ""job_request_time"": ""30s"", ""match_policy"": ""first"", ""n_jobs"": 500, ""problem_class"": ""B"", ""queue_depth"": 32, ""queue_policy"": ""fcfs"", ""reservation_depth"": 64, ""workload"": ""raja-perf%Polybench_GEMM%Base_OpenMP""}, ""2"": {""job_request_cores_per_task"": 1, ""job_request_gpus_per_task"": 0, ""job_request_nodes"": 1, ""job_request_ntasks_per_node"": 1, ""job_request_time"": ""30s"", ""match_policy"": ""low"", ""n_jobs"": 500, ""problem_class"": ""B"", ""queue_depth"": 32, ""queue_policy"": ""fcfs"", ""reservation_depth"": 64, ""workload"": ""raja-perf%Polybench_GEMM%Base_OpenMP""}}}, ""system"": {""cpu_affinity"": true, ""flux_time_limit"": ""7m"", ""max_cores_per_node"": 112, ""max_gpus_per_node"": 0, ""queue"": ""pbatch"", ""slurm_time_limit"": ""00:07:00"", ""sys_nodes"": 1}}",1,dane/SW_M
eb2f9793c4,"{""config"": {""instance_level"": {""0"": {""match_policy"": ""first"", ""queue_depth"": 32, ""queue_policy"": ""fcfs"", ""reservation_depth"": 64}, ""1"": {""job_request_cores_per_task"": 1, ""job_request_gpus_per_task"": 0, ""job_request_nodes"": 1, ""job_request_ntasks_per_node"": 1, ""job_request_time"": ""30s"", ""match_policy"": ""first"", ""n_jobs"": 500, ""problem_class"": ""B"", ""queue_depth"": 32, ""queue_policy"": ""fcfs"", ""reservation_depth"": 64, ""workload"": ""raja-perf%Polybench_GEMM%Base_OpenMP""}, ""2"": {""job_request_cores_per_task"": 1, ""job_request_gpus_per_task"": 0, ""job_request_nodes"": 1, ""job_request_ntasks_per_node"": 1, ""job_request_time"": ""30s"", ""match_policy"": ""low"", ""n_jobs"": 500, ""problem_class"": ""B"", ""queue_depth"": 32, ""queue_policy"": ""fcfs"", ""reservation_depth"": 64, ""workload"": ""raja-perf%Polybench_GEMM%Base_OpenMP""}}}, ""system"": {""cpu_affinity"": true, ""flux_time_limit"": ""7m"", ""max_cores_per_node"": 112, ""max_gpus_per_node"": 0, ""queue"": ""pbatch"", ""slurm_time_limit"": ""00:07:00"", ""sys_nodes"": 1}}",2,dane/SW_M
eb2f9793c4,"{""config"": {""instance_level"": {""0"": {""match_policy"": ""first"", ""queue_depth"": 32, ""queue_policy"": ""fcfs"", ""reservation_depth"": 64}, ""1"": {""job_request_cores_per_task"": 1, ""job_request_gpus_per_task"": 0, ""job_request_nodes"": 1, ""job_request_ntasks_per_node"": 1, ""job_request_time"": ""30s"", ""match_policy"": ""first"", ""n_jobs"": 500, ""problem_class"": ""B"", ""queue_depth"": 32, ""queue_policy"": ""fcfs"", ""reservation_depth"": 64, ""workload"": ""raja-perf%Polybench_GEMM%Base_OpenMP""}, ""2"": {""job_request_cores_per_task"": 1, ""job_request_gpus_per_task"": 0, ""job_request_nodes"": 1, ""job_request_ntasks_per_node"": 1, ""job_request_time"": ""30s"", ""match_policy"": ""low"", ""n_jobs"": 500, ""problem_class"": ""B"", ""queue_depth"": 32, ""queue_policy"": ""fcfs"", ""reservation_depth"": 64, ""workload"": ""raja-perf%Polybench_GEMM%Base_OpenMP""}}}, ""system"": {""cpu_affinity"": true, ""flux_time_limit"": ""7m"", ""max_cores_per_node"": 112, ""max_gpus_per_node"": 0, ""queue"": ""pbatch"", ""slurm_time_limit"": ""00:07:00"", ""sys_nodes"": 1}}",3,dane/SW_M
eb2f9793c4,"{""config"": {""instance_level"": {""0"": {""match_policy"": ""first"", ""queue_depth"": 32, ""queue_policy"": ""fcfs"", ""reservation_depth"": 64}, ""1"": {""job_request_cores_per_task"": 1, ""job_request_gpus_per_task"": 0, ""job_request_nodes"": 1, ""job_request_ntasks_per_node"": 1, ""job_request_time"": ""30s"", ""match_policy"": ""first"", ""n_jobs"": 500, ""problem_class"": ""B"", ""queue_depth"": 32, ""queue_policy"": ""fcfs"", ""reservation_depth"": 64, ""workload"": ""raja-perf%Polybench_GEMM%Base_OpenMP""}, ""2"": {""job_request_cores_per_task"": 1, ""job_request_gpus_per_task"": 0, ""job_request_nodes"": 1, ""job_request_ntasks_per_node"": 1, ""job_request_time"": ""30s"", ""match_policy"": ""low"", ""n_jobs"": 500, ""problem_class"": ""B"", ""queue_depth"": 32, ""queue_policy"": ""fcfs"", ""reservation_depth"": 64, ""workload"": ""raja-perf%Polybench_GEMM%Base_OpenMP""}}}, ""system"": {""cpu_affinity"": true, ""flux_time_limit"": ""7m"", ""max_cores_per_node"": 112, ""max_gpus_per_node"": 0, ""queue"": ""pbatch"", ""slurm_time_limit"": ""00:07:00"", ""sys_nodes"": 1}}",4,dane/SW_M
eb2f9793c4,"{""config"": {""instance_level"": {""0"": {""match_policy"": ""first"", ""queue_depth"": 32, ""queue_policy"": ""fcfs"", ""reservation_depth"": 64}, ""1"": {""job_request_cores_per_task"": 1, ""job_request_gpus_per_task"": 0, ""job_request_nodes"": 1, ""job_request_ntasks_per_node"": 1, ""job_request_time"": ""30s"", ""match_policy"": ""first"", ""n_jobs"": 500, ""problem_class"": ""B"", ""queue_depth"": 32, ""queue_policy"": ""fcfs"", ""reservation_depth"": 64, ""workload"": ""raja-perf%Polybench_GEMM%Base_OpenMP""}, ""2"": {""job_request_cores_per_task"": 1, ""job_request_gpus_per_task"": 0, ""job_request_nodes"": 1, ""job_request_ntasks_per_node"": 1, ""job_request_time"": ""30s"", ""match_policy"": ""low"", ""n_jobs"": 500, ""problem_class"": ""B"", ""queue_depth"": 32, ""queue_policy"": ""fcfs"", ""reservation_depth"": 64, ""workload"": ""raja-perf%Polybench_GEMM%Base_OpenMP""}}}, ""system"": {""cpu_affinity"": true, ""flux_time_limit"": ""7m"", ""max_cores_per_node"": 112, ""max_gpus_per_node"": 0, ""queue"": ""pbatch"", ""slurm_time_limit"": ""00:07:00"", ""sys_nodes"": 1}}",5,dane/SW_M
6b99de3756,"{""config"": {""instance_level"": {""0"": {""match_policy"": ""first"", ""queue_depth"": 32, ""queue_policy"": ""fcfs"", ""reservation_depth"": 64}, ""1"": {""job_request_cores_per_task"": 1, ""job_request_gpus_per_task"": 0, ""job_request_nodes"": 1, ""job_request_ntasks_per_node"": 1, ""job_request_time"": ""30s"", ""match_policy"": ""first"", ""n_jobs"": 500, ""problem_class"": ""B"", ""queue_depth"": 32, ""queue_policy"": ""fcfs"", ""reservation_depth"": 64, ""workload"": ""raja-perf%Polybench_GEMM%Base_OpenMP""}, ""2"": {""job_request_cores_per_task"": 1, ""job_request_gpus_per_task"": 0, ""job_request_nodes"": 1, ""job_request_ntasks_per_node"": 1, ""job_request_time"": ""30s"", ""match_policy"": ""low"", ""n_jobs"": 500, ""problem_class"": ""B"", ""queue_depth"": 32, ""queue_policy"": ""hybrid"", ""reservation_depth"": 64, ""workload"": ""raja-perf%Polybench_GEMM%Base_OpenMP""}}}, ""system"": {""cpu_affinity"": true, ""flux_time_limit"": ""7m"", ""max_cores_per_node"": 112, ""max_gpus_per_node"": 0, ""queue"": ""pbatch"", ""slurm_time_limit"": ""00:07:00"", ""sys_nodes"": 1}}",1,dane/SW_M
6b99de3756,"{""config"": {""instance_level"": {""0"": {""match_policy"": ""first"", ""queue_depth"": 32, ""queue_policy"": ""fcfs"", ""reservation_depth"": 64}, ""1"": {""job_request_cores_per_task"": 1, ""job_request_gpus_per_task"": 0, ""job_request_nodes"": 1, ""job_request_ntasks_per_node"": 1, ""job_request_time"": ""30s"", ""match_policy"": ""first"", ""n_jobs"": 500, ""problem_class"": ""B"", ""queue_depth"": 32, ""queue_policy"": ""fcfs"", ""reservation_depth"": 64, ""workload"": ""raja-perf%Polybench_GEMM%Base_OpenMP""}, ""2"": {""job_request_cores_per_task"": 1, ""job_request_gpus_per_task"": 0, ""job_request_nodes"": 1, ""job_request_ntasks_per_node"": 1, ""job_request_time"": ""30s"", ""match_policy"": ""low"", ""n_jobs"": 500, ""problem_class"": ""B"", ""queue_depth"": 32, ""queue_policy"": ""hybrid"", ""reservation_depth"": 64, ""workload"": ""raja-perf%Polybench_GEMM%Base_OpenMP""}}}, ""system"": {""cpu_affinity"": true, ""flux_time_limit"": ""7m"", ""max_cores_per_node"": 112, ""max_gpus_per_node"": 0, ""queue"": ""pbatch"", ""slurm_time_limit"": ""00:07:00"", ""sys_nodes"": 1}}",2,dane/SW_M
6b99de3756,"{""config"": {""instance_level"": {""0"": {""match_policy"": ""first"", ""queue_depth"": 32, ""queue_policy"": ""fcfs"", ""reservation_depth"": 64}, ""1"": {""job_request_cores_per_task"": 1, ""job_request_gpus_per_task"": 0, ""job_request_nodes"": 1, ""job_request_ntasks_per_node"": 1, ""job_request_time"": ""30s"", ""match_policy"": ""first"", ""n_jobs"": 500, ""problem_class"": ""B"", ""queue_depth"": 32, ""queue_policy"": ""fcfs"", ""reservation_depth"": 64, ""workload"": ""raja-perf%Polybench_GEMM%Base_OpenMP""}, ""2"": {""job_request_cores_per_task"": 1, ""job_request_gpus_per_task"": 0, ""job_request_nodes"": 1, ""job_request_ntasks_per_node"": 1, ""job_request_time"": ""30s"", ""match_policy"": ""low"", ""n_jobs"": 500, ""problem_class"": ""B"", ""queue_depth"": 32, ""queue_policy"": ""hybrid"", ""reservation_depth"": 64, ""workload"": ""raja-perf%Polybench_GEMM%Base_OpenMP""}}}, ""system"": {""cpu_affinity"": true, ""flux_time_limit"": ""7m"", ""max_cores_per_node"": 112, ""max_gpus_per_node"": 0, ""queue"": ""pbatch"", ""slurm_time_limit"": ""00:07:00"", ""sys_nodes"": 1}}",3,dane/SW_M
6b99de3756,"{""config"": {""instance_level"": {""0"": {""match_policy"": ""first"", ""queue_depth"": 32, ""queue_policy"": ""fcfs"", ""reservation_depth"": 64}, ""1"": {""job_request_cores_per_task"": 1, ""job_request_gpus_per_task"": 0, ""job_request_nodes"": 1, ""job_request_ntasks_per_node"": 1, ""job_request_time"": ""30s"", ""match_policy"": ""first"", ""n_jobs"": 500, ""problem_class"": ""B"", ""queue_depth"": 32, ""queue_policy"": ""fcfs"", ""reservation_depth"": 64, ""workload"": ""raja-perf%Polybench_GEMM%Base_OpenMP""}, ""2"": {""job_request_cores_per_task"": 1, ""job_request_gpus_per_task"": 0, ""job_request_nodes"": 1, ""job_request_ntasks_per_node"": 1, ""job_request_time"": ""30s"", ""match_policy"": ""low"", ""n_jobs"": 500, ""problem_class"": ""B"", ""queue_depth"": 32, ""queue_policy"": ""hybrid"", ""reservation_depth"": 64, ""workload"": ""raja-perf%Polybench_GEMM%Base_OpenMP""}}}, ""system"": {""cpu_affinity"": true, ""flux_time_limit"": ""7m"", ""max_cores_per_node"": 112, ""max_gpus_per_node"": 0, ""queue"": ""pbatch"", ""slurm_time_limit"": ""00:07:00"", ""sys_nodes"": 1}}",4,dane/SW_M
6b99de3756,"{""config"": {""instance_level"": {""0"": {""match_policy"": ""first"", ""queue_depth"": 32, ""queue_policy"": ""fcfs"", ""reservation_depth"": 64}, ""1"": {""job_request_cores_per_task"": 1, ""job_request_gpus_per_task"": 0, ""job_request_nodes"": 1, ""job_request_ntasks_per_node"": 1, ""job_request_time"": ""30s"", ""match_policy"": ""first"", ""n_jobs"": 500, ""problem_class"": ""B"", ""queue_depth"": 32, ""queue_policy"": ""fcfs"", ""reservation_depth"": 64, ""workload"": ""raja-perf%Polybench_GEMM%Base_OpenMP""}, ""2"": {""job_request_cores_per_task"": 1, ""job_request_gpus_per_task"": 0, ""job_request_nodes"": 1, ""job_request_ntasks_per_node"": 1, ""job_request_time"": ""30s"", ""match_policy"": ""low"", ""n_jobs"": 500, ""problem_class"": ""B"", ""queue_depth"": 32, ""queue_policy"": ""hybrid"", ""reservation_depth"": 64, ""workload"": ""raja-perf%Polybench_GEMM%Base_OpenMP""}}}, ""system"": {""cpu_affinity"": true, ""flux_time_limit"": ""7m"", ""max_cores_per_node"": 112, ""max_gpus_per_node"": 0, ""queue"": ""pbatch"", ""slurm_time_limit"": ""00:07:00"", ""sys_nodes"": 1}}",5,dane/SW_M
e3105b202d,"{""config"": {""instance_level"": {""0"": {""match_policy"": ""first"", ""queue_depth"": 32, ""queue_policy"": ""fcfs"", ""reservation_depth"": 64}, ""1"": {""job_request_cores_per_task"": 1, ""job_request_gpus_per_task"": 0, ""job_request_nodes"": 1, ""job_request_ntasks_per_node"": 1, ""job_request_time"": ""30s"", ""match_policy"": ""first"", ""n_jobs"": 500, ""problem_class"": ""B"", ""queue_depth"": 32, ""queue_policy"": ""hybrid"", ""reservation_depth"": 64, ""workload"": ""babelstream""}, ""2"": {""job_request_cores_per_task"": 1, ""job_request_gpus_per_task"": 0, ""job_request_nodes"": 1, ""job_request_ntasks_per_node"": 1, ""job_request_time"": ""30s"", ""match_policy"": ""first"", ""n_jobs"": 500, ""problem_class"": ""B"", ""queue_depth"": 32, ""queue_policy"": ""fcfs"", ""reservation_depth"": 64, ""workload"": ""babelstream""}}}, ""system"": {""cpu_affinity"": true, ""flux_time_limit"": ""7m"", ""max_cores_per_node"": 112, ""max_gpus_per_node"": 0, ""queue"": ""pbatch"", ""slurm_time_limit"": ""00:07:00"", ""sys_nodes"": 1}}",1,dane/SW_M
e3105b202d,"{""config"": {""instance_level"": {""0"": {""match_policy"": ""first"", ""queue_depth"": 32, ""queue_policy"": ""fcfs"", ""reservation_depth"": 64}, ""1"": {""job_request_cores_per_task"": 1, ""job_request_gpus_per_task"": 0, ""job_request_nodes"": 1, ""job_request_ntasks_per_node"": 1, ""job_request_time"": ""30s"", ""match_policy"": ""first"", ""n_jobs"": 500, ""problem_class"": ""B"", ""queue_depth"": 32, ""queue_policy"": ""hybrid"", ""reservation_depth"": 64, ""workload"": ""babelstream""}, ""2"": {""job_request_cores_per_task"": 1, ""job_request_gpus_per_task"": 0, ""job_request_nodes"": 1, ""job_request_ntasks_per_node"": 1, ""job_request_time"": ""30s"", ""match_policy"": ""first"", ""n_jobs"": 500, ""problem_class"": ""B"", ""queue_depth"": 32, ""queue_policy"": ""fcfs"", ""reservation_depth"": 64, ""workload"": ""babelstream""}}}, ""system"": {""cpu_affinity"": true, ""flux_time_limit"": ""7m"", ""max_cores_per_node"": 112, ""max_gpus_per_node"": 0, ""queue"": ""pbatch"", ""slurm_time_limit"": ""00:07:00"", ""sys_nodes"": 1}}",2,dane/SW_M
e3105b202d,"{""config"": {""instance_level"": {""0"": {""match_policy"": ""first"", ""queue_depth"": 32, ""queue_policy"": ""fcfs"", ""reservation_depth"": 64}, ""1"": {""job_request_cores_per_task"": 1, ""job_request_gpus_per_task"": 0, ""job_request_nodes"": 1, ""job_request_ntasks_per_node"": 1, ""job_request_time"": ""30s"", ""match_policy"": ""first"", ""n_jobs"": 500, ""problem_class"": ""B"", ""queue_depth"": 32, ""queue_policy"": ""hybrid"", ""reservation_depth"": 64, ""workload"": ""babelstream""}, ""2"": {""job_request_cores_per_task"": 1, ""job_request_gpus_per_task"": 0, ""job_request_nodes"": 1, ""job_request_ntasks_per_node"": 1, ""job_request_time"": ""30s"", ""match_policy"": ""first"", ""n_jobs"": 500, ""problem_class"": ""B"", ""queue_depth"": 32, ""queue_policy"": ""fcfs"", ""reservation_depth"": 64, ""workload"": ""babelstream""}}}, ""system"": {""cpu_affinity"": true, ""flux_time_limit"": ""7m"", ""max_cores_per_node"": 112, ""max_gpus_per_node"": 0, ""queue"": ""pbatch"", ""slurm_time_limit"": ""00:07:00"", ""sys_nodes"": 1}}",3,dane/SW_M
e3105b202d,"{""config"": {""instance_level"": {""0"": {""match_policy"": ""first"", ""queue_depth"": 32, ""queue_policy"": ""fcfs"", ""reservation_depth"": 64}, ""1"": {""job_request_cores_per_task"": 1, ""job_request_gpus_per_task"": 0, ""job_request_nodes"": 1, ""job_request_ntasks_per_node"": 1, ""job_request_time"": ""30s"", ""match_policy"": ""first"", ""n_jobs"": 500, ""problem_class"": ""B"", ""queue_depth"": 32, ""queue_policy"": ""hybrid"", ""reservation_depth"": 64, ""workload"": ""babelstream""}, ""2"": {""job_request_cores_per_task"": 1, ""job_request_gpus_per_task"": 0, ""job_request_nodes"": 1, ""job_request_ntasks_per_node"": 1, ""job_request_time"": ""30s"", ""match_policy"": ""first"", ""n_jobs"": 500, ""problem_class"": ""B"", ""queue_depth"": 32, ""queue_policy"": ""fcfs"", ""reservation_depth"": 64, ""workload"": ""babelstream""}}}, ""system"": {""cpu_affinity"": true, ""flux_time_limit"": ""7m"", ""max_cores_per_node"": 112, ""max_gpus_per_node"": 0, ""queue"": ""pbatch"", ""slurm_time_limit"": ""00:07:00"", ""sys_nodes"": 1}}",4,dane/SW_M
e3105b202d,"{""config"": {""instance_level"": {""0"": {""match_policy"": ""first"", ""queue_depth"": 32, ""queue_policy"": ""fcfs"", ""reservation_depth"": 64}, ""1"": {""job_request_cores_per_task"": 1, ""job_request_gpus_per_task"": 0, ""job_request_nodes"": 1, ""job_request_ntasks_per_node"": 1, ""job_request_time"": ""30s"", ""match_policy"": ""first"", ""n_jobs"": 500, ""problem_class"": ""B"", ""queue_depth"": 32, ""queue_policy"": ""hybrid"", ""reservation_depth"": 64, ""workload"": ""babelstream""}, ""2"": {""job_request_cores_per_task"": 1, ""job_request_gpus_per_task"": 0, ""job_request_nodes"": 1, ""job_request_ntasks_per_node"": 1, ""job_request_time"": ""30s"", ""match_policy"": ""first"", ""n_jobs"": 500, ""problem_class"": ""B"", ""queue_depth"": 32, ""queue_policy"": ""fcfs"", ""reservation_depth"": 64, ""workload"": ""babelstream""}}}, ""system"": {""cpu_affinity"": true, ""flux_time_limit"": ""7m"", ""max_cores_per_node"": 112, ""max_gpus_per_node"": 0, ""queue"": ""pbatch"", ""slurm_time_limit"": ""00:07:00"", ""sys_nodes"": 1}}",5,dane/SW_M
81e4b17749,"{""config"": {""instance_level"": {""0"": {""match_policy"": ""first"", ""queue_depth"": 32, ""queue_policy"": ""fcfs"", ""reservation_depth"": 64}, ""1"": {""job_request_cores_per_task"": 1, ""job_request_gpus_per_task"": 0, ""job_request_nodes"": 1, ""job_request_ntasks_per_node"": 1, ""job_request_time"": ""30s"", ""match_policy"": ""first"", ""n_jobs"": 500, ""problem_class"": ""B"", ""queue_depth"": 32, ""queue_policy"": ""hybrid"", ""reservation_depth"": 64, ""workload"": ""babelstream""}, ""2"": {""job_request_cores_per_task"": 1, ""job_request_gpus_per_task"": 0, ""job_request_nodes"": 1, ""job_request_ntasks_per_node"": 1, ""job_request_time"": ""30s"", ""match_policy"": ""first"", ""n_jobs"": 500, ""problem_class"": ""B"", ""queue_depth"": 32, ""queue_policy"": ""hybrid"", ""reservation_depth"": 64, ""workload"": ""babelstream""}}}, ""system"": {""cpu_affinity"": true, ""flux_time_limit"": ""7m"", ""max_cores_per_node"": 112, ""max_gpus_per_node"": 0, ""queue"": ""pbatch"", ""slurm_time_limit"": ""00:07:00"", ""sys_nodes"": 1}}",1,dane/SW_M
81e4b17749,"{""config"": {""instance_level"": {""0"": {""match_policy"": ""first"", ""queue_depth"": 32, ""queue_policy"": ""fcfs"", ""reservation_depth"": 64}, ""1"": {""job_request_cores_per_task"": 1, ""job_request_gpus_per_task"": 0, ""job_request_nodes"": 1, ""job_request_ntasks_per_node"": 1, ""job_request_time"": ""30s"", ""match_policy"": ""first"", ""n_jobs"": 500, ""problem_class"": ""B"", ""queue_depth"": 32, ""queue_policy"": ""hybrid"", ""reservation_depth"": 64, ""workload"": ""babelstream""}, ""2"": {""job_request_cores_per_task"": 1, ""job_request_gpus_per_task"": 0, ""job_request_nodes"": 1, ""job_request_ntasks_per_node"": 1, ""job_request_time"": ""30s"", ""match_policy"": ""first"", ""n_jobs"": 500, ""problem_class"": ""B"", ""queue_depth"": 32, ""queue_policy"": ""hybrid"", ""reservation_depth"": 64, ""workload"": ""babelstream""}}}, ""system"": {""cpu_affinity"": true, ""flux_time_limit"": ""7m"", ""max_cores_per_node"": 112, ""max_gpus_per_node"": 0, ""queue"": ""pbatch"", ""slurm_time_limit"": ""00:07:00"", ""sys_nodes"": 1}}",2,dane/SW_M
81e4b17749,"{""config"": {""instance_level"": {""0"": {""match_policy"": ""first"", ""queue_depth"": 32, ""queue_policy"": ""fcfs"", ""reservation_depth"": 64}, ""1"": {""job_request_cores_per_task"": 1, ""job_request_gpus_per_task"": 0, ""job_request_nodes"": 1, ""job_request_ntasks_per_node"": 1, ""job_request_time"": ""30s"", ""match_policy"": ""first"", ""n_jobs"": 500, ""problem_class"": ""B"", ""queue_depth"": 32, ""queue_policy"": ""hybrid"", ""reservation_depth"": 64, ""workload"": ""babelstream""}, ""2"": {""job_request_cores_per_task"": 1, ""job_request_gpus_per_task"": 0, ""job_request_nodes"": 1, ""job_request_ntasks_per_node"": 1, ""job_request_time"": ""30s"", ""match_policy"": ""first"", ""n_jobs"": 500, ""problem_class"": ""B"", ""queue_depth"": 32, ""queue_policy"": ""hybrid"", ""reservation_depth"": 64, ""workload"": ""babelstream""}}}, ""system"": {""cpu_affinity"": true, ""flux_time_limit"": ""7m"", ""max_cores_per_node"": 112, ""max_gpus_per_node"": 0, ""queue"": ""pbatch"", ""slurm_time_limit"": ""00:07:00"", ""sys_nodes"": 1}}",3,dane/SW_M
81e4b17749,"{""config"": {""instance_level"": {""0"": {""match_policy"": ""first"", ""queue_depth"": 32, ""queue_policy"": ""fcfs"", ""reservation_depth"": 64}, ""1"": {""job_request_cores_per_task"": 1, ""job_request_gpus_per_task"": 0, ""job_request_nodes"": 1, ""job_request_ntasks_per_node"": 1, ""job_request_time"": ""30s"", ""match_policy"": ""first"", ""n_jobs"": 500, ""problem_class"": ""B"", ""queue_depth"": 32, ""queue_policy"": ""hybrid"", ""reservation_depth"": 64, ""workload"": ""babelstream""}, ""2"": {""job_request_cores_per_task"": 1, ""job_request_gpus_per_task"": 0, ""job_request_nodes"": 1, ""job_request_ntasks_per_node"": 1, ""job_request_time"": ""30s"", ""match_policy"": ""first"", ""n_jobs"": 500, ""problem_class"": ""B"", ""queue_depth"": 32, ""queue_policy"": ""hybrid"", ""reservation_depth"": 64, ""workload"": ""babelstream""}}}, ""system"": {""cpu_affinity"": true, ""flux_time_limit"": ""7m"", ""max_cores_per_node"": 112, ""max_gpus_per_node"": 0, ""queue"": ""pbatch"", ""slurm_time_limit"": ""00:07:00"", ""sys_nodes"": 1}}",4,dane/SW_M
81e4b17749,"{""config"": {""instance_level"": {""0"": {""match_policy"": ""first"", ""queue_depth"": 32, ""queue_policy"": ""fcfs"", ""reservation_depth"": 64}, ""1"": {""job_request_cores_per_task"": 1, ""job_request_gpus_per_task"": 0, ""job_request_nodes"": 1, ""job_request_ntasks_per_node"": 1, ""job_request_time"": ""30s"", ""match_policy"": ""first"", ""n_jobs"": 500, ""problem_class"": ""B"", ""queue_depth"": 32, ""queue_policy"": ""hybrid"", ""reservation_depth"": 64, ""workload"": ""babelstream""}, ""2"": {""job_request_cores_per_task"": 1, ""job_request_gpus_per_task"": 0, ""job_request_nodes"": 1, ""job_request_ntasks_per_node"": 1, ""job_request_time"": ""30s"", ""match_policy"": ""first"", ""n_jobs"": 500, ""problem_class"": ""B"", ""queue_depth"": 32, ""queue_policy"": ""hybrid"", ""reservation_depth"": 64, ""workload"": ""babelstream""}}}, ""system"": {""cpu_affinity"": true, ""flux_time_limit"": ""7m"", ""max_cores_per_node"": 112, ""max_gpus_per_node"": 0, ""queue"": ""pbatch"", ""slurm_time_limit"": ""00:07:00"", ""sys_nodes"": 1}}",5,dane/SW_M
48571b6966,"{""config"": {""instance_level"": {""0"": {""match_policy"": ""first"", ""queue_depth"": 32, ""queue_policy"": ""fcfs"", ""reservation_depth"": 64}, ""1"": {""job_request_cores_per_task"": 1, ""job_request_gpus_per_task"": 0, ""job_request_nodes"": 1, ""job_request_ntasks_per_node"": 1, ""job_request_time"": ""30s"", ""match_policy"": ""first"", ""n_jobs"": 500, ""problem_class"": ""B"", ""queue_depth"": 32, ""queue_policy"": ""hybrid"", ""reservation_depth"": 64, ""workload"": ""babelstream""}, ""2"": {""job_request_cores_per_task"": 1, ""job_request_gpus_per_task"": 0, ""job_request_nodes"": 1, ""job_request_ntasks_per_node"": 1, ""job_request_time"": ""30s"", ""match_policy"": ""low"", ""n_jobs"": 500, ""problem_class"": ""B"", ""queue_depth"": 32, ""queue_policy"": ""fcfs"", ""reservation_depth"": 64, ""workload"": ""babelstream""}}}, ""system"": {""cpu_affinity"": true, ""flux_time_limit"": ""7m"", ""max_cores_per_node"": 112, ""max_gpus_per_node"": 0, ""queue"": ""pbatch"", ""slurm_time_limit"": ""00:07:00"", ""sys_nodes"": 1}}",1,dane/SW_M
48571b6966,"{""config"": {""instance_level"": {""0"": {""match_policy"": ""first"", ""queue_depth"": 32, ""queue_policy"": ""fcfs"", ""reservation_depth"": 64}, ""1"": {""job_request_cores_per_task"": 1, ""job_request_gpus_per_task"": 0, ""job_request_nodes"": 1, ""job_request_ntasks_per_node"": 1, ""job_request_time"": ""30s"", ""match_policy"": ""first"", ""n_jobs"": 500, ""problem_class"": ""B"", ""queue_depth"": 32, ""queue_policy"": ""hybrid"", ""reservation_depth"": 64, ""workload"": ""babelstream""}, ""2"": {""job_request_cores_per_task"": 1, ""job_request_gpus_per_task"": 0, ""job_request_nodes"": 1, ""job_request_ntasks_per_node"": 1, ""job_request_time"": ""30s"", ""match_policy"": ""low"", ""n_jobs"": 500, ""problem_class"": ""B"", ""queue_depth"": 32, ""queue_policy"": ""fcfs"", ""reservation_depth"": 64, ""workload"": ""babelstream""}}}, ""system"": {""cpu_affinity"": true, ""flux_time_limit"": ""7m"", ""max_cores_per_node"": 112, ""max_gpus_per_node"": 0, ""queue"": ""pbatch"", ""slurm_time_limit"": ""00:07:00"", ""sys_nodes"": 1}}",2,dane/SW_M
48571b6966,"{""config"": {""instance_level"": {""0"": {""match_policy"": ""first"", ""queue_depth"": 32, ""queue_policy"": ""fcfs"", ""reservation_depth"": 64}, ""1"": {""job_request_cores_per_task"": 1, ""job_request_gpus_per_task"": 0, ""job_request_nodes"": 1, ""job_request_ntasks_per_node"": 1, ""job_request_time"": ""30s"", ""match_policy"": ""first"", ""n_jobs"": 500, ""problem_class"": ""B"", ""queue_depth"": 32, ""queue_policy"": ""hybrid"", ""reservation_depth"": 64, ""workload"": ""babelstream""}, ""2"": {""job_request_cores_per_task"": 1, ""job_request_gpus_per_task"": 0, ""job_request_nodes"": 1, ""job_request_ntasks_per_node"": 1, ""job_request_time"": ""30s"", ""match_policy"": ""low"", ""n_jobs"": 500, ""problem_class"": ""B"", ""queue_depth"": 32, ""queue_policy"": ""fcfs"", ""reservation_depth"": 64, ""workload"": ""babelstream""}}}, ""system"": {""cpu_affinity"": true, ""flux_time_limit"": ""7m"", ""max_cores_per_node"": 112, ""max_gpus_per_node"": 0, ""queue"": ""pbatch"", ""slurm_time_limit"": ""00:07:00"", ""sys_nodes"": 1}}",3,dane/SW_M
48571b6966,"{""config"": {""instance_level"": {""0"": {""match_policy"": ""first"", ""queue_depth"": 32, ""queue_policy"": ""fcfs"", ""reservation_depth"": 64}, ""1"": {""job_request_cores_per_task"": 1, ""job_request_gpus_per_task"": 0, ""job_request_nodes"": 1, ""job_request_ntasks_per_node"": 1, ""job_request_time"": ""30s"", ""match_policy"": ""first"", ""n_jobs"": 500, ""problem_class"": ""B"", ""queue_depth"": 32, ""queue_policy"": ""hybrid"", ""reservation_depth"": 64, ""workload"": ""babelstream""}, ""2"": {""job_request_cores_per_task"": 1, ""job_request_gpus_per_task"": 0, ""job_request_nodes"": 1, ""job_request_ntasks_per_node"": 1, ""job_request_time"": ""30s"", ""match_policy"": ""low"", ""n_jobs"": 500, ""problem_class"": ""B"", ""queue_depth"": 32, ""queue_policy"": ""fcfs"", ""reservation_depth"": 64, ""workload"": ""babelstream""}}}, ""system"": {""cpu_affinity"": true, ""flux_time_limit"": ""7m"", ""max_cores_per_node"": 112, ""max_gpus_per_node"": 0, ""queue"": ""pbatch"", ""slurm_time_limit"": ""00:07:00"", ""sys_nodes"": 1}}",4,dane/SW_M
48571b6966,"{""config"": {""instance_level"": {""0"": {""match_policy"": ""first"", ""queue_depth"": 32, ""queue_policy"": ""fcfs"", ""reservation_depth"": 64}, ""1"": {""job_request_cores_per_task"": 1, ""job_request_gpus_per_task"": 0, ""job_request_nodes"": 1, ""job_request_ntasks_per_node"": 1, ""job_request_time"": ""30s"", ""match_policy"": ""first"", ""n_jobs"": 500, ""problem_class"": ""B"", ""queue_depth"": 32, ""queue_policy"": ""hybrid"", ""reservation_depth"": 64, ""workload"": ""babelstream""}, ""2"": {""job_request_cores_per_task"": 1, ""job_request_gpus_per_task"": 0, ""job_request_nodes"": 1, ""job_request_ntasks_per_node"": 1, ""job_request_time"": ""30s"", ""match_policy"": ""low"", ""n_jobs"": 500, ""problem_class"": ""B"", ""queue_depth"": 32, ""queue_policy"": ""fcfs"", ""reservation_depth"": 64, ""workload"": ""babelstream""}}}, ""system"": {""cpu_affinity"": true, ""flux_time_limit"": ""7m"", ""max_cores_per_node"": 112, ""max_gpus_per_node"": 0, ""queue"": ""pbatch"", ""slurm_time_limit"": ""00:07:00"", ""sys_nodes"": 1}}",5,dane/SW_M
65c95a65da,"{""config"": {""instance_level"": {""0"": {""match_policy"": ""first"", ""queue_depth"": 32, ""queue_policy"": ""fcfs"", ""reservation_depth"": 64}, ""1"": {""job_request_cores_per_task"": 1, ""job_request_gpus_per_task"": 0, ""job_request_nodes"": 1, ""job_request_ntasks_per_node"": 1, ""job_request_time"": ""30s"", ""match_policy"": ""first"", ""n_jobs"": 500, ""problem_class"": ""B"", ""queue_depth"": 32, ""queue_policy"": ""hybrid"", ""reservation_depth"": 64, ""workload"": ""babelstream""}, ""2"": {""job_request_cores_per_task"": 1, ""job_request_gpus_per_task"": 0, ""job_request_nodes"": 1, ""job_request_ntasks_per_node"": 1, ""job_request_time"": ""30s"", ""match_policy"": ""low"", ""n_jobs"": 500, ""problem_class"": ""B"", ""queue_depth"": 32, ""queue_policy"": ""hybrid"", ""reservation_depth"": 64, ""workload"": ""babelstream""}}}, ""system"": {""cpu_affinity"": true, ""flux_time_limit"": ""7m"", ""max_cores_per_node"": 112, ""max_gpus_per_node"": 0, ""queue"": ""pbatch"", ""slurm_time_limit"": ""00:07:00"", ""sys_nodes"": 1}}",1,dane/SW_M
65c95a65da,"{""config"": {""instance_level"": {""0"": {""match_policy"": ""first"", ""queue_depth"": 32, ""queue_policy"": ""fcfs"", ""reservation_depth"": 64}, ""1"": {""job_request_cores_per_task"": 1, ""job_request_gpus_per_task"": 0, ""job_request_nodes"": 1, ""job_request_ntasks_per_node"": 1, ""job_request_time"": ""30s"", ""match_policy"": ""first"", ""n_jobs"": 500, ""problem_class"": ""B"", ""queue_depth"": 32, ""queue_policy"": ""hybrid"", ""reservation_depth"": 64, ""workload"": ""babelstream""}, ""2"": {""job_request_cores_per_task"": 1, ""job_request_gpus_per_task"": 0, ""job_request_nodes"": 1, ""job_request_ntasks_per_node"": 1, ""job_request_time"": ""30s"", ""match_policy"": ""low"", ""n_jobs"": 500, ""problem_class"": ""B"", ""queue_depth"": 32, ""queue_policy"": ""hybrid"", ""reservation_depth"": 64, ""workload"": ""babelstream""}}}, ""system"": {""cpu_affinity"": true, ""flux_time_limit"": ""7m"", ""max_cores_per_node"": 112, ""max_gpus_per_node"": 0, ""queue"": ""pbatch"", ""slurm_time_limit"": ""00:07:00"", ""sys_nodes"": 1}}",2,dane/SW_M
65c95a65da,"{""config"": {""instance_level"": {""0"": {""match_policy"": ""first"", ""queue_depth"": 32, ""queue_policy"": ""fcfs"", ""reservation_depth"": 64}, ""1"": {""job_request_cores_per_task"": 1, ""job_request_gpus_per_task"": 0, ""job_request_nodes"": 1, ""job_request_ntasks_per_node"": 1, ""job_request_time"": ""30s"", ""match_policy"": ""first"", ""n_jobs"": 500, ""problem_class"": ""B"", ""queue_depth"": 32, ""queue_policy"": ""hybrid"", ""reservation_depth"": 64, ""workload"": ""babelstream""}, ""2"": {""job_request_cores_per_task"": 1, ""job_request_gpus_per_task"": 0, ""job_request_nodes"": 1, ""job_request_ntasks_per_node"": 1, ""job_request_time"": ""30s"", ""match_policy"": ""low"", ""n_jobs"": 500, ""problem_class"": ""B"", ""queue_depth"": 32, ""queue_policy"": ""hybrid"", ""reservation_depth"": 64, ""workload"": ""babelstream""}}}, ""system"": {""cpu_affinity"": true, ""flux_time_limit"": ""7m"", ""max_cores_per_node"": 112, ""max_gpus_per_node"": 0, ""queue"": ""pbatch"", ""slurm_time_limit"": ""00:07:00"", ""sys_nodes"": 1}}",3,dane/SW_M
65c95a65da,"{""config"": {""instance_level"": {""0"": {""match_policy"": ""first"", ""queue_depth"": 32, ""queue_policy"": ""fcfs"", ""reservation_depth"": 64}, ""1"": {""job_request_cores_per_task"": 1, ""job_request_gpus_per_task"": 0, ""job_request_nodes"": 1, ""job_request_ntasks_per_node"": 1, ""job_request_time"": ""30s"", ""match_policy"": ""first"", ""n_jobs"": 500, ""problem_class"": ""B"", ""queue_depth"": 32, ""queue_policy"": ""hybrid"", ""reservation_depth"": 64, ""workload"": ""babelstream""}, ""2"": {""job_request_cores_per_task"": 1, ""job_request_gpus_per_task"": 0, ""job_request_nodes"": 1, ""job_request_ntasks_per_node"": 1, ""job_request_time"": ""30s"", ""match_policy"": ""low"", ""n_jobs"": 500, ""problem_class"": ""B"", ""queue_depth"": 32, ""queue_policy"": ""hybrid"", ""reservation_depth"": 64, ""workload"": ""babelstream""}}}, ""system"": {""cpu_affinity"": true, ""flux_time_limit"": ""7m"", ""max_cores_per_node"": 112, ""max_gpus_per_node"": 0, ""queue"": ""pbatch"", ""slurm_time_limit"": ""00:07:00"", ""sys_nodes"": 1}}",4,dane/SW_M
65c95a65da,"{""config"": {""instance_level"": {""0"": {""match_policy"": ""first"", ""queue_depth"": 32, ""queue_policy"": ""fcfs"", ""reservation_depth"": 64}, ""1"": {""job_request_cores_per_task"": 1, ""job_request_gpus_per_task"": 0, ""job_request_nodes"": 1, ""job_request_ntasks_per_node"": 1, ""job_request_time"": ""30s"", ""match_policy"": ""first"", ""n_jobs"": 500, ""problem_class"": ""B"", ""queue_depth"": 32, ""queue_policy"": ""hybrid"", ""reservation_depth"": 64, ""workload"": ""babelstream""}, ""2"": {""job_request_cores_per_task"": 1, ""job_request_gpus_per_task"": 0, ""job_request_nodes"": 1, ""job_request_ntasks_per_node"": 1, ""job_request_time"": ""30s"", ""match_policy"": ""low"", ""n_jobs"": 500, ""problem_class"": ""B"", ""queue_depth"": 32, ""queue_policy"": ""hybrid"", ""reservation_depth"": 64, ""workload"": ""babelstream""}}}, ""system"": {""cpu_affinity"": true, ""flux_time_limit"": ""7m"", ""max_cores_per_node"": 112, ""max_gpus_per_node"": 0, ""queue"": ""pbatch"", ""slurm_time_limit"": ""00:07:00"", ""sys_nodes"": 1}}",5,dane/SW_M
3734f2471a,"{""config"": {""instance_level"": {""0"": {""match_policy"": ""first"", ""queue_depth"": 32, ""queue_policy"": ""fcfs"", ""reservation_depth"": 64}, ""1"": {""job_request_cores_per_task"": 1, ""job_request_gpus_per_task"": 0, ""job_request_nodes"": 1, ""job_request_ntasks_per_node"": 1, ""job_request_time"": ""30s"", ""match_policy"": ""first"", ""n_jobs"": 500, ""problem_class"": ""B"", ""queue_depth"": 32, ""queue_policy"": ""hybrid"", ""reservation_depth"": 64, ""workload"": ""raja-perf%Polybench_GEMM%Base_OpenMP""}, ""2"": {""job_request_cores_per_task"": 1, ""job_request_gpus_per_task"": 0, ""job_request_nodes"": 1, ""job_request_ntasks_per_node"": 1, ""job_request_time"": ""30s"", ""match_policy"": ""first"", ""n_jobs"": 500, ""problem_class"": ""B"", ""queue_depth"": 32, ""queue_policy"": ""fcfs"", ""reservation_depth"": 64, ""workload"": ""raja-perf%Polybench_GEMM%Base_OpenMP""}}}, ""system"": {""cpu_affinity"": true, ""flux_time_limit"": ""7m"", ""max_cores_per_node"": 112, ""max_gpus_per_node"": 0, ""queue"": ""pbatch"", ""slurm_time_limit"": ""00:07:00"", ""sys_nodes"": 1}}",1,dane/SW_M
3734f2471a,"{""config"": {""instance_level"": {""0"": {""match_policy"": ""first"", ""queue_depth"": 32, ""queue_policy"": ""fcfs"", ""reservation_depth"": 64}, ""1"": {""job_request_cores_per_task"": 1, ""job_request_gpus_per_task"": 0, ""job_request_nodes"": 1, ""job_request_ntasks_per_node"": 1, ""job_request_time"": ""30s"", ""match_policy"": ""first"", ""n_jobs"": 500, ""problem_class"": ""B"", ""queue_depth"": 32, ""queue_policy"": ""hybrid"", ""reservation_depth"": 64, ""workload"": ""raja-perf%Polybench_GEMM%Base_OpenMP""}, ""2"": {""job_request_cores_per_task"": 1, ""job_request_gpus_per_task"": 0, ""job_request_nodes"": 1, ""job_request_ntasks_per_node"": 1, ""job_request_time"": ""30s"", ""match_policy"": ""first"", ""n_jobs"": 500, ""problem_class"": ""B"", ""queue_depth"": 32, ""queue_policy"": ""fcfs"", ""reservation_depth"": 64, ""workload"": ""raja-perf%Polybench_GEMM%Base_OpenMP""}}}, ""system"": {""cpu_affinity"": true, ""flux_time_limit"": ""7m"", ""max_cores_per_node"": 112, ""max_gpus_per_node"": 0, ""queue"": ""pbatch"", ""slurm_time_limit"": ""00:07:00"", ""sys_nodes"": 1}}",2,dane/SW_M
3734f2471a,"{""config"": {""instance_level"": {""0"": {""match_policy"": ""first"", ""queue_depth"": 32, ""queue_policy"": ""fcfs"", ""reservation_depth"": 64}, ""1"": {""job_request_cores_per_task"": 1, ""job_request_gpus_per_task"": 0, ""job_request_nodes"": 1, ""job_request_ntasks_per_node"": 1, ""job_request_time"": ""30s"", ""match_policy"": ""first"", ""n_jobs"": 500, ""problem_class"": ""B"", ""queue_depth"": 32, ""queue_policy"": ""hybrid"", ""reservation_depth"": 64, ""workload"": ""raja-perf%Polybench_GEMM%Base_OpenMP""}, ""2"": {""job_request_cores_per_task"": 1, ""job_request_gpus_per_task"": 0, ""job_request_nodes"": 1, ""job_request_ntasks_per_node"": 1, ""job_request_time"": ""30s"", ""match_policy"": ""first"", ""n_jobs"": 500, ""problem_class"": ""B"", ""queue_depth"": 32, ""queue_policy"": ""fcfs"", ""reservation_depth"": 64, ""workload"": ""raja-perf%Polybench_GEMM%Base_OpenMP""}}}, ""system"": {""cpu_affinity"": true, ""flux_time_limit"": ""7m"", ""max_cores_per_node"": 112, ""max_gpus_per_node"": 0, ""queue"": ""pbatch"", ""slurm_time_limit"": ""00:07:00"", ""sys_nodes"": 1}}",3,dane/SW_M
3734f2471a,"{""config"": {""instance_level"": {""0"": {""match_policy"": ""first"", ""queue_depth"": 32, ""queue_policy"": ""fcfs"", ""reservation_depth"": 64}, ""1"": {""job_request_cores_per_task"": 1, ""job_request_gpus_per_task"": 0, ""job_request_nodes"": 1, ""job_request_ntasks_per_node"": 1, ""job_request_time"": ""30s"", ""match_policy"": ""first"", ""n_jobs"": 500, ""problem_class"": ""B"", ""queue_depth"": 32, ""queue_policy"": ""hybrid"", ""reservation_depth"": 64, ""workload"": ""raja-perf%Polybench_GEMM%Base_OpenMP""}, ""2"": {""job_request_cores_per_task"": 1, ""job_request_gpus_per_task"": 0, ""job_request_nodes"": 1, ""job_request_ntasks_per_node"": 1, ""job_request_time"": ""30s"", ""match_policy"": ""first"", ""n_jobs"": 500, ""problem_class"": ""B"", ""queue_depth"": 32, ""queue_policy"": ""fcfs"", ""reservation_depth"": 64, ""workload"": ""raja-perf%Polybench_GEMM%Base_OpenMP""}}}, ""system"": {""cpu_affinity"": true, ""flux_time_limit"": ""7m"", ""max_cores_per_node"": 112, ""max_gpus_per_node"": 0, ""queue"": ""pbatch"", ""slurm_time_limit"": ""00:07:00"", ""sys_nodes"": 1}}",4,dane/SW_M
3734f2471a,"{""config"": {""instance_level"": {""0"": {""match_policy"": ""first"", ""queue_depth"": 32, ""queue_policy"": ""fcfs"", ""reservation_depth"": 64}, ""1"": {""job_request_cores_per_task"": 1, ""job_request_gpus_per_task"": 0, ""job_request_nodes"": 1, ""job_request_ntasks_per_node"": 1, ""job_request_time"": ""30s"", ""match_policy"": ""first"", ""n_jobs"": 500, ""problem_class"": ""B"", ""queue_depth"": 32, ""queue_policy"": ""hybrid"", ""reservation_depth"": 64, ""workload"": ""raja-perf%Polybench_GEMM%Base_OpenMP""}, ""2"": {""job_request_cores_per_task"": 1, ""job_request_gpus_per_task"": 0, ""job_request_nodes"": 1, ""job_request_ntasks_per_node"": 1, ""job_request_time"": ""30s"", ""match_policy"": ""first"", ""n_jobs"": 500, ""problem_class"": ""B"", ""queue_depth"": 32, ""queue_policy"": ""fcfs"", ""reservation_depth"": 64, ""workload"": ""raja-perf%Polybench_GEMM%Base_OpenMP""}}}, ""system"": {""cpu_affinity"": true, ""flux_time_limit"": ""7m"", ""max_cores_per_node"": 112, ""max_gpus_per_node"": 0, ""queue"": ""pbatch"", ""slurm_time_limit"": ""00:07:00"", ""sys_nodes"": 1}}",5,dane/SW_M
f73062facc,"{""config"": {""instance_level"": {""0"": {""match_policy"": ""first"", ""queue_depth"": 32, ""queue_policy"": ""fcfs"", ""reservation_depth"": 64}, ""1"": {""job_request_cores_per_task"": 1, ""job_request_gpus_per_task"": 0, ""job_request_nodes"": 1, ""job_request_ntasks_per_node"": 1, ""job_request_time"": ""30s"", ""match_policy"": ""first"", ""n_jobs"": 500, ""problem_class"": ""B"", ""queue_depth"": 32, ""queue_policy"": ""hybrid"", ""reservation_depth"": 64, ""workload"": ""raja-perf%Polybench_GEMM%Base_OpenMP""}, ""2"": {""job_request_cores_per_task"": 1, ""job_request_gpus_per_task"": 0, ""job_request_nodes"": 1, ""job_request_ntasks_per_node"": 1, ""job_request_time"": ""30s"", ""match_policy"": ""first"", ""n_jobs"": 500, ""problem_class"": ""B"", ""queue_depth"": 32, ""queue_policy"": ""hybrid"", ""reservation_depth"": 64, ""workload"": ""raja-perf%Polybench_GEMM%Base_OpenMP""}}}, ""system"": {""cpu_affinity"": true, ""flux_time_limit"": ""7m"", ""max_cores_per_node"": 112, ""max_gpus_per_node"": 0, ""queue"": ""pbatch"", ""slurm_time_limit"": ""00:07:00"", ""sys_nodes"": 1}}",1,dane/SW_M
f73062facc,"{""config"": {""instance_level"": {""0"": {""match_policy"": ""first"", ""queue_depth"": 32, ""queue_policy"": ""fcfs"", ""reservation_depth"": 64}, ""1"": {""job_request_cores_per_task"": 1, ""job_request_gpus_per_task"": 0, ""job_request_nodes"": 1, ""job_request_ntasks_per_node"": 1, ""job_request_time"": ""30s"", ""match_policy"": ""first"", ""n_jobs"": 500, ""problem_class"": ""B"", ""queue_depth"": 32, ""queue_policy"": ""hybrid"", ""reservation_depth"": 64, ""workload"": ""raja-perf%Polybench_GEMM%Base_OpenMP""}, ""2"": {""job_request_cores_per_task"": 1, ""job_request_gpus_per_task"": 0, ""job_request_nodes"": 1, ""job_request_ntasks_per_node"": 1, ""job_request_time"": ""30s"", ""match_policy"": ""first"", ""n_jobs"": 500, ""problem_class"": ""B"", ""queue_depth"": 32, ""queue_policy"": ""hybrid"", ""reservation_depth"": 64, ""workload"": ""raja-perf%Polybench_GEMM%Base_OpenMP""}}}, ""system"": {""cpu_affinity"": true, ""flux_time_limit"": ""7m"", ""max_cores_per_node"": 112, ""max_gpus_per_node"": 0, ""queue"": ""pbatch"", ""slurm_time_limit"": ""00:07:00"", ""sys_nodes"": 1}}",2,dane/SW_M
f73062facc,"{""config"": {""instance_level"": {""0"": {""match_policy"": ""first"", ""queue_depth"": 32, ""queue_policy"": ""fcfs"", ""reservation_depth"": 64}, ""1"": {""job_request_cores_per_task"": 1, ""job_request_gpus_per_task"": 0, ""job_request_nodes"": 1, ""job_request_ntasks_per_node"": 1, ""job_request_time"": ""30s"", ""match_policy"": ""first"", ""n_jobs"": 500, ""problem_class"": ""B"", ""queue_depth"": 32, ""queue_policy"": ""hybrid"", ""reservation_depth"": 64, ""workload"": ""raja-perf%Polybench_GEMM%Base_OpenMP""}, ""2"": {""job_request_cores_per_task"": 1, ""job_request_gpus_per_task"": 0, ""job_request_nodes"": 1, ""job_request_ntasks_per_node"": 1, ""job_request_time"": ""30s"", ""match_policy"": ""first"", ""n_jobs"": 500, ""problem_class"": ""B"", ""queue_depth"": 32, ""queue_policy"": ""hybrid"", ""reservation_depth"": 64, ""workload"": ""raja-perf%Polybench_GEMM%Base_OpenMP""}}}, ""system"": {""cpu_affinity"": true, ""flux_time_limit"": ""7m"", ""max_cores_per_node"": 112, ""max_gpus_per_node"": 0, ""queue"": ""pbatch"", ""slurm_time_limit"": ""00:07:00"", ""sys_nodes"": 1}}",3,dane/SW_M
f73062facc,"{""config"": {""instance_level"": {""0"": {""match_policy"": ""first"", ""queue_depth"": 32, ""queue_policy"": ""fcfs"", ""reservation_depth"": 64}, ""1"": {""job_request_cores_per_task"": 1, ""job_request_gpus_per_task"": 0, ""job_request_nodes"": 1, ""job_request_ntasks_per_node"": 1, ""job_request_time"": ""30s"", ""match_policy"": ""first"", ""n_jobs"": 500, ""problem_class"": ""B"", ""queue_depth"": 32, ""queue_policy"": ""hybrid"", ""reservation_depth"": 64, ""workload"": ""raja-perf%Polybench_GEMM%Base_OpenMP""}, ""2"": {""job_request_cores_per_task"": 1, ""job_request_gpus_per_task"": 0, ""job_request_nodes"": 1, ""job_request_ntasks_per_node"": 1, ""job_request_time"": ""30s"", ""match_policy"": ""first"", ""n_jobs"": 500, ""problem_class"": ""B"", ""queue_depth"": 32, ""queue_policy"": ""hybrid"", ""reservation_depth"": 64, ""workload"": ""raja-perf%Polybench_GEMM%Base_OpenMP""}}}, ""system"": {""cpu_affinity"": true, ""flux_time_limit"": ""7m"", ""max_cores_per_node"": 112, ""max_gpus_per_node"": 0, ""queue"": ""pbatch"", ""slurm_time_limit"": ""00:07:00"", ""sys_nodes"": 1}}",4,dane/SW_M
f73062facc,"{""config"": {""instance_level"": {""0"": {""match_policy"": ""first"", ""queue_depth"": 32, ""queue_policy"": ""fcfs"", ""reservation_depth"": 64}, ""1"": {""job_request_cores_per_task"": 1, ""job_request_gpus_per_task"": 0, ""job_request_nodes"": 1, ""job_request_ntasks_per_node"": 1, ""job_request_time"": ""30s"", ""match_policy"": ""first"", ""n_jobs"": 500, ""problem_class"": ""B"", ""queue_depth"": 32, ""queue_policy"": ""hybrid"", ""reservation_depth"": 64, ""workload"": ""raja-perf%Polybench_GEMM%Base_OpenMP""}, ""2"": {""job_request_cores_per_task"": 1, ""job_request_gpus_per_task"": 0, ""job_request_nodes"": 1, ""job_request_ntasks_per_node"": 1, ""job_request_time"": ""30s"", ""match_policy"": ""first"", ""n_jobs"": 500, ""problem_class"": ""B"", ""queue_depth"": 32, ""queue_policy"": ""hybrid"", ""reservation_depth"": 64, ""workload"": ""raja-perf%Polybench_GEMM%Base_OpenMP""}}}, ""system"": {""cpu_affinity"": true, ""flux_time_limit"": ""7m"", ""max_cores_per_node"": 112, ""max_gpus_per_node"": 0, ""queue"": ""pbatch"", ""slurm_time_limit"": ""00:07:00"", ""sys_nodes"": 1}}",5,dane/SW_M
155bf9c26e,"{""config"": {""instance_level"": {""0"": {""match_policy"": ""first"", ""queue_depth"": 32, ""queue_policy"": ""fcfs"", ""reservation_depth"": 64}, ""1"": {""job_request_cores_per_task"": 1, ""job_request_gpus_per_task"": 0, ""job_request_nodes"": 1, ""job_request_ntasks_per_node"": 1, ""job_request_time"": ""30s"", ""match_policy"": ""first"", ""n_jobs"": 500, ""problem_class"": ""B"", ""queue_depth"": 32, ""queue_policy"": ""hybrid"", ""reservation_depth"": 64, ""workload"": ""raja-perf%Polybench_GEMM%Base_OpenMP""}, ""2"": {""job_request_cores_per_task"": 1, ""job_request_gpus_per_task"": 0, ""job_request_nodes"": 1, ""job_request_ntasks_per_node"": 1, ""job_request_time"": ""30s"", ""match_policy"": ""low"", ""n_jobs"": 500, ""problem_class"": ""B"", ""queue_depth"": 32, ""queue_policy"": ""fcfs"", ""reservation_depth"": 64, ""workload"": ""raja-perf%Polybench_GEMM%Base_OpenMP""}}}, ""system"": {""cpu_affinity"": true, ""flux_time_limit"": ""7m"", ""max_cores_per_node"": 112, ""max_gpus_per_node"": 0, ""queue"": ""pbatch"", ""slurm_time_limit"": ""00:07:00"", ""sys_nodes"": 1}}",1,dane/SW_M
155bf9c26e,"{""config"": {""instance_level"": {""0"": {""match_policy"": ""first"", ""queue_depth"": 32, ""queue_policy"": ""fcfs"", ""reservation_depth"": 64}, ""1"": {""job_request_cores_per_task"": 1, ""job_request_gpus_per_task"": 0, ""job_request_nodes"": 1, ""job_request_ntasks_per_node"": 1, ""job_request_time"": ""30s"", ""match_policy"": ""first"", ""n_jobs"": 500, ""problem_class"": ""B"", ""queue_depth"": 32, ""queue_policy"": ""hybrid"", ""reservation_depth"": 64, ""workload"": ""raja-perf%Polybench_GEMM%Base_OpenMP""}, ""2"": {""job_request_cores_per_task"": 1, ""job_request_gpus_per_task"": 0, ""job_request_nodes"": 1, ""job_request_ntasks_per_node"": 1, ""job_request_time"": ""30s"", ""match_policy"": ""low"", ""n_jobs"": 500, ""problem_class"": ""B"", ""queue_depth"": 32, ""queue_policy"": ""fcfs"", ""reservation_depth"": 64, ""workload"": ""raja-perf%Polybench_GEMM%Base_OpenMP""}}}, ""system"": {""cpu_affinity"": true, ""flux_time_limit"": ""7m"", ""max_cores_per_node"": 112, ""max_gpus_per_node"": 0, ""queue"": ""pbatch"", ""slurm_time_limit"": ""00:07:00"", ""sys_nodes"": 1}}",2,dane/SW_M
155bf9c26e,"{""config"": {""instance_level"": {""0"": {""match_policy"": ""first"", ""queue_depth"": 32, ""queue_policy"": ""fcfs"", ""reservation_depth"": 64}, ""1"": {""job_request_cores_per_task"": 1, ""job_request_gpus_per_task"": 0, ""job_request_nodes"": 1, ""job_request_ntasks_per_node"": 1, ""job_request_time"": ""30s"", ""match_policy"": ""first"", ""n_jobs"": 500, ""problem_class"": ""B"", ""queue_depth"": 32, ""queue_policy"": ""hybrid"", ""reservation_depth"": 64, ""workload"": ""raja-perf%Polybench_GEMM%Base_OpenMP""}, ""2"": {""job_request_cores_per_task"": 1, ""job_request_gpus_per_task"": 0, ""job_request_nodes"": 1, ""job_request_ntasks_per_node"": 1, ""job_request_time"": ""30s"", ""match_policy"": ""low"", ""n_jobs"": 500, ""problem_class"": ""B"", ""queue_depth"": 32, ""queue_policy"": ""fcfs"", ""reservation_depth"": 64, ""workload"": ""raja-perf%Polybench_GEMM%Base_OpenMP""}}}, ""system"": {""cpu_affinity"": true, ""flux_time_limit"": ""7m"", ""max_cores_per_node"": 112, ""max_gpus_per_node"": 0, ""queue"": ""pbatch"", ""slurm_time_limit"": ""00:07:00"", ""sys_nodes"": 1}}",3,dane/SW_M
155bf9c26e,"{""config"": {""instance_level"": {""0"": {""match_policy"": ""first"", ""queue_depth"": 32, ""queue_policy"": ""fcfs"", ""reservation_depth"": 64}, ""1"": {""job_request_cores_per_task"": 1, ""job_request_gpus_per_task"": 0, ""job_request_nodes"": 1, ""job_request_ntasks_per_node"": 1, ""job_request_time"": ""30s"", ""match_policy"": ""first"", ""n_jobs"": 500, ""problem_class"": ""B"", ""queue_depth"": 32, ""queue_policy"": ""hybrid"", ""reservation_depth"": 64, ""workload"": ""raja-perf%Polybench_GEMM%Base_OpenMP""}, ""2"": {""job_request_cores_per_task"": 1, ""job_request_gpus_per_task"": 0, ""job_request_nodes"": 1, ""job_request_ntasks_per_node"": 1, ""job_request_time"": ""30s"", ""match_policy"": ""low"", ""n_jobs"": 500, ""problem_class"": ""B"", ""queue_depth"": 32, ""queue_policy"": ""fcfs"", ""reservation_depth"": 64, ""workload"": ""raja-perf%Polybench_GEMM%Base_OpenMP""}}}, ""system"": {""cpu_affinity"": true, ""flux_time_limit"": ""7m"", ""max_cores_per_node"": 112, ""max_gpus_per_node"": 0, ""queue"": ""pbatch"", ""slurm_time_limit"": ""00:07:00"", ""sys_nodes"": 1}}",4,dane/SW_M
155bf9c26e,"{""config"": {""instance_level"": {""0"": {""match_policy"": ""first"", ""queue_depth"": 32, ""queue_policy"": ""fcfs"", ""reservation_depth"": 64}, ""1"": {""job_request_cores_per_task"": 1, ""job_request_gpus_per_task"": 0, ""job_request_nodes"": 1, ""job_request_ntasks_per_node"": 1, ""job_request_time"": ""30s"", ""match_policy"": ""first"", ""n_jobs"": 500, ""problem_class"": ""B"", ""queue_depth"": 32, ""queue_policy"": ""hybrid"", ""reservation_depth"": 64, ""workload"": ""raja-perf%Polybench_GEMM%Base_OpenMP""}, ""2"": {""job_request_cores_per_task"": 1, ""job_request_gpus_per_task"": 0, ""job_request_nodes"": 1, ""job_request_ntasks_per_node"": 1, ""job_request_time"": ""30s"", ""match_policy"": ""low"", ""n_jobs"": 500, ""problem_class"": ""B"", ""queue_depth"": 32, ""queue_policy"": ""fcfs"", ""reservation_depth"": 64, ""workload"": ""raja-perf%Polybench_GEMM%Base_OpenMP""}}}, ""system"": {""cpu_affinity"": true, ""flux_time_limit"": ""7m"", ""max_cores_per_node"": 112, ""max_gpus_per_node"": 0, ""queue"": ""pbatch"", ""slurm_time_limit"": ""00:07:00"", ""sys_nodes"": 1}}",5,dane/SW_M
fcb62da7ec,"{""config"": {""instance_level"": {""0"": {""match_policy"": ""first"", ""queue_depth"": 32, ""queue_policy"": ""fcfs"", ""reservation_depth"": 64}, ""1"": {""job_request_cores_per_task"": 1, ""job_request_gpus_per_task"": 0, ""job_request_nodes"": 1, ""job_request_ntasks_per_node"": 1, ""job_request_time"": ""30s"", ""match_policy"": ""first"", ""n_jobs"": 500, ""problem_class"": ""B"", ""queue_depth"": 32, ""queue_policy"": ""hybrid"", ""reservation_depth"": 64, ""workload"": ""raja-perf%Polybench_GEMM%Base_OpenMP""}, ""2"": {""job_request_cores_per_task"": 1, ""job_request_gpus_per_task"": 0, ""job_request_nodes"": 1, ""job_request_ntasks_per_node"": 1, ""job_request_time"": ""30s"", ""match_policy"": ""low"", ""n_jobs"": 500, ""problem_class"": ""B"", ""queue_depth"": 32, ""queue_policy"": ""hybrid"", ""reservation_depth"": 64, ""workload"": ""raja-perf%Polybench_GEMM%Base_OpenMP""}}}, ""system"": {""cpu_affinity"": true, ""flux_time_limit"": ""7m"", ""max_cores_per_node"": 112, ""max_gpus_per_node"": 0, ""queue"": ""pbatch"", ""slurm_time_limit"": ""00:07:00"", ""sys_nodes"": 1}}",1,dane/SW_M
fcb62da7ec,"{""config"": {""instance_level"": {""0"": {""match_policy"": ""first"", ""queue_depth"": 32, ""queue_policy"": ""fcfs"", ""reservation_depth"": 64}, ""1"": {""job_request_cores_per_task"": 1, ""job_request_gpus_per_task"": 0, ""job_request_nodes"": 1, ""job_request_ntasks_per_node"": 1, ""job_request_time"": ""30s"", ""match_policy"": ""first"", ""n_jobs"": 500, ""problem_class"": ""B"", ""queue_depth"": 32, ""queue_policy"": ""hybrid"", ""reservation_depth"": 64, ""workload"": ""raja-perf%Polybench_GEMM%Base_OpenMP""}, ""2"": {""job_request_cores_per_task"": 1, ""job_request_gpus_per_task"": 0, ""job_request_nodes"": 1, ""job_request_ntasks_per_node"": 1, ""job_request_time"": ""30s"", ""match_policy"": ""low"", ""n_jobs"": 500, ""problem_class"": ""B"", ""queue_depth"": 32, ""queue_policy"": ""hybrid"", ""reservation_depth"": 64, ""workload"": ""raja-perf%Polybench_GEMM%Base_OpenMP""}}}, ""system"": {""cpu_affinity"": true, ""flux_time_limit"": ""7m"", ""max_cores_per_node"": 112, ""max_gpus_per_node"": 0, ""queue"": ""pbatch"", ""slurm_time_limit"": ""00:07:00"", ""sys_nodes"": 1}}",2,dane/SW_M
fcb62da7ec,"{""config"": {""instance_level"": {""0"": {""match_policy"": ""first"", ""queue_depth"": 32, ""queue_policy"": ""fcfs"", ""reservation_depth"": 64}, ""1"": {""job_request_cores_per_task"": 1, ""job_request_gpus_per_task"": 0, ""job_request_nodes"": 1, ""job_request_ntasks_per_node"": 1, ""job_request_time"": ""30s"", ""match_policy"": ""first"", ""n_jobs"": 500, ""problem_class"": ""B"", ""queue_depth"": 32, ""queue_policy"": ""hybrid"", ""reservation_depth"": 64, ""workload"": ""raja-perf%Polybench_GEMM%Base_OpenMP""}, ""2"": {""job_request_cores_per_task"": 1, ""job_request_gpus_per_task"": 0, ""job_request_nodes"": 1, ""job_request_ntasks_per_node"": 1, ""job_request_time"": ""30s"", ""match_policy"": ""low"", ""n_jobs"": 500, ""problem_class"": ""B"", ""queue_depth"": 32, ""queue_policy"": ""hybrid"", ""reservation_depth"": 64, ""workload"": ""raja-perf%Polybench_GEMM%Base_OpenMP""}}}, ""system"": {""cpu_affinity"": true, ""flux_time_limit"": ""7m"", ""max_cores_per_node"": 112, ""max_gpus_per_node"": 0, ""queue"": ""pbatch"", ""slurm_time_limit"": ""00:07:00"", ""sys_nodes"": 1}}",3,dane/SW_M
fcb62da7ec,"{""config"": {""instance_level"": {""0"": {""match_policy"": ""first"", ""queue_depth"": 32, ""queue_policy"": ""fcfs"", ""reservation_depth"": 64}, ""1"": {""job_request_cores_per_task"": 1, ""job_request_gpus_per_task"": 0, ""job_request_nodes"": 1, ""job_request_ntasks_per_node"": 1, ""job_request_time"": ""30s"", ""match_policy"": ""first"", ""n_jobs"": 500, ""problem_class"": ""B"", ""queue_depth"": 32, ""queue_policy"": ""hybrid"", ""reservation_depth"": 64, ""workload"": ""raja-perf%Polybench_GEMM%Base_OpenMP""}, ""2"": {""job_request_cores_per_task"": 1, ""job_request_gpus_per_task"": 0, ""job_request_nodes"": 1, ""job_request_ntasks_per_node"": 1, ""job_request_time"": ""30s"", ""match_policy"": ""low"", ""n_jobs"": 500, ""problem_class"": ""B"", ""queue_depth"": 32, ""queue_policy"": ""hybrid"", ""reservation_depth"": 64, ""workload"": ""raja-perf%Polybench_GEMM%Base_OpenMP""}}}, ""system"": {""cpu_affinity"": true, ""flux_time_limit"": ""7m"", ""max_cores_per_node"": 112, ""max_gpus_per_node"": 0, ""queue"": ""pbatch"", ""slurm_time_limit"": ""00:07:00"", ""sys_nodes"": 1}}",4,dane/SW_M
fcb62da7ec,"{""config"": {""instance_level"": {""0"": {""match_policy"": ""first"", ""queue_depth"": 32, ""queue_policy"": ""fcfs"", ""reservation_depth"": 64}, ""1"": {""job_request_cores_per_task"": 1, ""job_request_gpus_per_task"": 0, ""job_request_nodes"": 1, ""job_request_ntasks_per_node"": 1, ""job_request_time"": ""30s"", ""match_policy"": ""first"", ""n_jobs"": 500, ""problem_class"": ""B"", ""queue_depth"": 32, ""queue_policy"": ""hybrid"", ""reservation_depth"": 64, ""workload"": ""raja-perf%Polybench_GEMM%Base_OpenMP""}, ""2"": {""job_request_cores_per_task"": 1, ""job_request_gpus_per_task"": 0, ""job_request_nodes"": 1, ""job_request_ntasks_per_node"": 1, ""job_request_time"": ""30s"", ""match_policy"": ""low"", ""n_jobs"": 500, ""problem_class"": ""B"", ""queue_depth"": 32, ""queue_policy"": ""hybrid"", ""reservation_depth"": 64, ""workload"": ""raja-perf%Polybench_GEMM%Base_OpenMP""}}}, ""system"": {""cpu_affinity"": true, ""flux_time_limit"": ""7m"", ""max_cores_per_node"": 112, ""max_gpus_per_node"": 0, ""queue"": ""pbatch"", ""slurm_time_limit"": ""00:07:00"", ""sys_nodes"": 1}}",5,dane/SW_M
754571eb7e,"{""config"": {""instance_level"": {""0"": {""match_policy"": ""first"", ""queue_depth"": 32, ""queue_policy"": ""fcfs"", ""reservation_depth"": 64}, ""1"": {""job_request_cores_per_task"": 1, ""job_request_gpus_per_task"": 0, ""job_request_nodes"": 1, ""job_request_ntasks_per_node"": 1, ""job_request_time"": ""30s"", ""match_policy"": ""low"", ""n_jobs"": 500, ""problem_class"": ""B"", ""queue_depth"": 32, ""queue_policy"": ""fcfs"", ""reservation_depth"": 64, ""workload"": ""babelstream""}, ""2"": {""job_request_cores_per_task"": 1, ""job_request_gpus_per_task"": 0, ""job_request_nodes"": 1, ""job_request_ntasks_per_node"": 1, ""job_request_time"": ""30s"", ""match_policy"": ""first"", ""n_jobs"": 500, ""problem_class"": ""B"", ""queue_depth"": 32, ""queue_policy"": ""fcfs"", ""reservation_depth"": 64, ""workload"": ""babelstream""}}}, ""system"": {""cpu_affinity"": true, ""flux_time_limit"": ""7m"", ""max_cores_per_node"": 112, ""max_gpus_per_node"": 0, ""queue"": ""pbatch"", ""slurm_time_limit"": ""00:07:00"", ""sys_nodes"": 1}}",1,dane/SW_M
754571eb7e,"{""config"": {""instance_level"": {""0"": {""match_policy"": ""first"", ""queue_depth"": 32, ""queue_policy"": ""fcfs"", ""reservation_depth"": 64}, ""1"": {""job_request_cores_per_task"": 1, ""job_request_gpus_per_task"": 0, ""job_request_nodes"": 1, ""job_request_ntasks_per_node"": 1, ""job_request_time"": ""30s"", ""match_policy"": ""low"", ""n_jobs"": 500, ""problem_class"": ""B"", ""queue_depth"": 32, ""queue_policy"": ""fcfs"", ""reservation_depth"": 64, ""workload"": ""babelstream""}, ""2"": {""job_request_cores_per_task"": 1, ""job_request_gpus_per_task"": 0, ""job_request_nodes"": 1, ""job_request_ntasks_per_node"": 1, ""job_request_time"": ""30s"", ""match_policy"": ""first"", ""n_jobs"": 500, ""problem_class"": ""B"", ""queue_depth"": 32, ""queue_policy"": ""fcfs"", ""reservation_depth"": 64, ""workload"": ""babelstream""}}}, ""system"": {""cpu_affinity"": true, ""flux_time_limit"": ""7m"", ""max_cores_per_node"": 112, ""max_gpus_per_node"": 0, ""queue"": ""pbatch"", ""slurm_time_limit"": ""00:07:00"", ""sys_nodes"": 1}}",2,dane/SW_M
754571eb7e,"{""config"": {""instance_level"": {""0"": {""match_policy"": ""first"", ""queue_depth"": 32, ""queue_policy"": ""fcfs"", ""reservation_depth"": 64}, ""1"": {""job_request_cores_per_task"": 1, ""job_request_gpus_per_task"": 0, ""job_request_nodes"": 1, ""job_request_ntasks_per_node"": 1, ""job_request_time"": ""30s"", ""match_policy"": ""low"", ""n_jobs"": 500, ""problem_class"": ""B"", ""queue_depth"": 32, ""queue_policy"": ""fcfs"", ""reservation_depth"": 64, ""workload"": ""babelstream""}, ""2"": {""job_request_cores_per_task"": 1, ""job_request_gpus_per_task"": 0, ""job_request_nodes"": 1, ""job_request_ntasks_per_node"": 1, ""job_request_time"": ""30s"", ""match_policy"": ""first"", ""n_jobs"": 500, ""problem_class"": ""B"", ""queue_depth"": 32, ""queue_policy"": ""fcfs"", ""reservation_depth"": 64, ""workload"": ""babelstream""}}}, ""system"": {""cpu_affinity"": true, ""flux_time_limit"": ""7m"", ""max_cores_per_node"": 112, ""max_gpus_per_node"": 0, ""queue"": ""pbatch"", ""slurm_time_limit"": ""00:07:00"", ""sys_nodes"": 1}}",3,dane/SW_M
754571eb7e,"{""config"": {""instance_level"": {""0"": {""match_policy"": ""first"", ""queue_depth"": 32, ""queue_policy"": ""fcfs"", ""reservation_depth"": 64}, ""1"": {""job_request_cores_per_task"": 1, ""job_request_gpus_per_task"": 0, ""job_request_nodes"": 1, ""job_request_ntasks_per_node"": 1, ""job_request_time"": ""30s"", ""match_policy"": ""low"", ""n_jobs"": 500, ""problem_class"": ""B"", ""queue_depth"": 32, ""queue_policy"": ""fcfs"", ""reservation_depth"": 64, ""workload"": ""babelstream""}, ""2"": {""job_request_cores_per_task"": 1, ""job_request_gpus_per_task"": 0, ""job_request_nodes"": 1, ""job_request_ntasks_per_node"": 1, ""job_request_time"": ""30s"", ""match_policy"": ""first"", ""n_jobs"": 500, ""problem_class"": ""B"", ""queue_depth"": 32, ""queue_policy"": ""fcfs"", ""reservation_depth"": 64, ""workload"": ""babelstream""}}}, ""system"": {""cpu_affinity"": true, ""flux_time_limit"": ""7m"", ""max_cores_per_node"": 112, ""max_gpus_per_node"": 0, ""queue"": ""pbatch"", ""slurm_time_limit"": ""00:07:00"", ""sys_nodes"": 1}}",4,dane/SW_M
754571eb7e,"{""config"": {""instance_level"": {""0"": {""match_policy"": ""first"", ""queue_depth"": 32, ""queue_policy"": ""fcfs"", ""reservation_depth"": 64}, ""1"": {""job_request_cores_per_task"": 1, ""job_request_gpus_per_task"": 0, ""job_request_nodes"": 1, ""job_request_ntasks_per_node"": 1, ""job_request_time"": ""30s"", ""match_policy"": ""low"", ""n_jobs"": 500, ""problem_class"": ""B"", ""queue_depth"": 32, ""queue_policy"": ""fcfs"", ""reservation_depth"": 64, ""workload"": ""babelstream""}, ""2"": {""job_request_cores_per_task"": 1, ""job_request_gpus_per_task"": 0, ""job_request_nodes"": 1, ""job_request_ntasks_per_node"": 1, ""job_request_time"": ""30s"", ""match_policy"": ""first"", ""n_jobs"": 500, ""problem_class"": ""B"", ""queue_depth"": 32, ""queue_policy"": ""fcfs"", ""reservation_depth"": 64, ""workload"": ""babelstream""}}}, ""system"": {""cpu_affinity"": true, ""flux_time_limit"": ""7m"", ""max_cores_per_node"": 112, ""max_gpus_per_node"": 0, ""queue"": ""pbatch"", ""slurm_time_limit"": ""00:07:00"", ""sys_nodes"": 1}}",5,dane/SW_M
54543cc822,"{""config"": {""instance_level"": {""0"": {""match_policy"": ""first"", ""queue_depth"": 32, ""queue_policy"": ""fcfs"", ""reservation_depth"": 64}, ""1"": {""job_request_cores_per_task"": 1, ""job_request_gpus_per_task"": 0, ""job_request_nodes"": 1, ""job_request_ntasks_per_node"": 1, ""job_request_time"": ""30s"", ""match_policy"": ""low"", ""n_jobs"": 500, ""problem_class"": ""B"", ""queue_depth"": 32, ""queue_policy"": ""fcfs"", ""reservation_depth"": 64, ""workload"": ""babelstream""}, ""2"": {""job_request_cores_per_task"": 1, ""job_request_gpus_per_task"": 0, ""job_request_nodes"": 1, ""job_request_ntasks_per_node"": 1, ""job_request_time"": ""30s"", ""match_policy"": ""first"", ""n_jobs"": 500, ""problem_class"": ""B"", ""queue_depth"": 32, ""queue_policy"": ""hybrid"", ""reservation_depth"": 64, ""workload"": ""babelstream""}}}, ""system"": {""cpu_affinity"": true, ""flux_time_limit"": ""7m"", ""max_cores_per_node"": 112, ""max_gpus_per_node"": 0, ""queue"": ""pbatch"", ""slurm_time_limit"": ""00:07:00"", ""sys_nodes"": 1}}",1,dane/SW_M
54543cc822,"{""config"": {""instance_level"": {""0"": {""match_policy"": ""first"", ""queue_depth"": 32, ""queue_policy"": ""fcfs"", ""reservation_depth"": 64}, ""1"": {""job_request_cores_per_task"": 1, ""job_request_gpus_per_task"": 0, ""job_request_nodes"": 1, ""job_request_ntasks_per_node"": 1, ""job_request_time"": ""30s"", ""match_policy"": ""low"", ""n_jobs"": 500, ""problem_class"": ""B"", ""queue_depth"": 32, ""queue_policy"": ""fcfs"", ""reservation_depth"": 64, ""workload"": ""babelstream""}, ""2"": {""job_request_cores_per_task"": 1, ""job_request_gpus_per_task"": 0, ""job_request_nodes"": 1, ""job_request_ntasks_per_node"": 1, ""job_request_time"": ""30s"", ""match_policy"": ""first"", ""n_jobs"": 500, ""problem_class"": ""B"", ""queue_depth"": 32, ""queue_policy"": ""hybrid"", ""reservation_depth"": 64, ""workload"": ""babelstream""}}}, ""system"": {""cpu_affinity"": true, ""flux_time_limit"": ""7m"", ""max_cores_per_node"": 112, ""max_gpus_per_node"": 0, ""queue"": ""pbatch"", ""slurm_time_limit"": ""00:07:00"", ""sys_nodes"": 1}}",2,dane/SW_M
54543cc822,"{""config"": {""instance_level"": {""0"": {""match_policy"": ""first"", ""queue_depth"": 32, ""queue_policy"": ""fcfs"", ""reservation_depth"": 64}, ""1"": {""job_request_cores_per_task"": 1, ""job_request_gpus_per_task"": 0, ""job_request_nodes"": 1, ""job_request_ntasks_per_node"": 1, ""job_request_time"": ""30s"", ""match_policy"": ""low"", ""n_jobs"": 500, ""problem_class"": ""B"", ""queue_depth"": 32, ""queue_policy"": ""fcfs"", ""reservation_depth"": 64, ""workload"": ""babelstream""}, ""2"": {""job_request_cores_per_task"": 1, ""job_request_gpus_per_task"": 0, ""job_request_nodes"": 1, ""job_request_ntasks_per_node"": 1, ""job_request_time"": ""30s"", ""match_policy"": ""first"", ""n_jobs"": 500, ""problem_class"": ""B"", ""queue_depth"": 32, ""queue_policy"": ""hybrid"", ""reservation_depth"": 64, ""workload"": ""babelstream""}}}, ""system"": {""cpu_affinity"": true, ""flux_time_limit"": ""7m"", ""max_cores_per_node"": 112, ""max_gpus_per_node"": 0, ""queue"": ""pbatch"", ""slurm_time_limit"": ""00:07:00"", ""sys_nodes"": 1}}",3,dane/SW_M
54543cc822,"{""config"": {""instance_level"": {""0"": {""match_policy"": ""first"", ""queue_depth"": 32, ""queue_policy"": ""fcfs"", ""reservation_depth"": 64}, ""1"": {""job_request_cores_per_task"": 1, ""job_request_gpus_per_task"": 0, ""job_request_nodes"": 1, ""job_request_ntasks_per_node"": 1, ""job_request_time"": ""30s"", ""match_policy"": ""low"", ""n_jobs"": 500, ""problem_class"": ""B"", ""queue_depth"": 32, ""queue_policy"": ""fcfs"", ""reservation_depth"": 64, ""workload"": ""babelstream""}, ""2"": {""job_request_cores_per_task"": 1, ""job_request_gpus_per_task"": 0, ""job_request_nodes"": 1, ""job_request_ntasks_per_node"": 1, ""job_request_time"": ""30s"", ""match_policy"": ""first"", ""n_jobs"": 500, ""problem_class"": ""B"", ""queue_depth"": 32, ""queue_policy"": ""hybrid"", ""reservation_depth"": 64, ""workload"": ""babelstream""}}}, ""system"": {""cpu_affinity"": true, ""flux_time_limit"": ""7m"", ""max_cores_per_node"": 112, ""max_gpus_per_node"": 0, ""queue"": ""pbatch"", ""slurm_time_limit"": ""00:07:00"", ""sys_nodes"": 1}}",4,dane/SW_M
54543cc822,"{""config"": {""instance_level"": {""0"": {""match_policy"": ""first"", ""queue_depth"": 32, ""queue_policy"": ""fcfs"", ""reservation_depth"": 64}, ""1"": {""job_request_cores_per_task"": 1, ""job_request_gpus_per_task"": 0, ""job_request_nodes"": 1, ""job_request_ntasks_per_node"": 1, ""job_request_time"": ""30s"", ""match_policy"": ""low"", ""n_jobs"": 500, ""problem_class"": ""B"", ""queue_depth"": 32, ""queue_policy"": ""fcfs"", ""reservation_depth"": 64, ""workload"": ""babelstream""}, ""2"": {""job_request_cores_per_task"": 1, ""job_request_gpus_per_task"": 0, ""job_request_nodes"": 1, ""job_request_ntasks_per_node"": 1, ""job_request_time"": ""30s"", ""match_policy"": ""first"", ""n_jobs"": 500, ""problem_class"": ""B"", ""queue_depth"": 32, ""queue_policy"": ""hybrid"", ""reservation_depth"": 64, ""workload"": ""babelstream""}}}, ""system"": {""cpu_affinity"": true, ""flux_time_limit"": ""7m"", ""max_cores_per_node"": 112, ""max_gpus_per_node"": 0, ""queue"": ""pbatch"", ""slurm_time_limit"": ""00:07:00"", ""sys_nodes"": 1}}",5,dane/SW_M
664fb1cba2,"{""config"": {""instance_level"": {""0"": {""match_policy"": ""first"", ""queue_depth"": 32, ""queue_policy"": ""fcfs"", ""reservation_depth"": 64}, ""1"": {""job_request_cores_per_task"": 1, ""job_request_gpus_per_task"": 0, ""job_request_nodes"": 1, ""job_request_ntasks_per_node"": 1, ""job_request_time"": ""30s"", ""match_policy"": ""low"", ""n_jobs"": 500, ""problem_class"": ""B"", ""queue_depth"": 32, ""queue_policy"": ""fcfs"", ""reservation_depth"": 64, ""workload"": ""babelstream""}, ""2"": {""job_request_cores_per_task"": 1, ""job_request_gpus_per_task"": 0, ""job_request_nodes"": 1, ""job_request_ntasks_per_node"": 1, ""job_request_time"": ""30s"", ""match_policy"": ""low"", ""n_jobs"": 500, ""problem_class"": ""B"", ""queue_depth"": 32, ""queue_policy"": ""fcfs"", ""reservation_depth"": 64, ""workload"": ""babelstream""}}}, ""system"": {""cpu_affinity"": true, ""flux_time_limit"": ""7m"", ""max_cores_per_node"": 112, ""max_gpus_per_node"": 0, ""queue"": ""pbatch"", ""slurm_time_limit"": ""00:07:00"", ""sys_nodes"": 1}}",1,dane/SW_M
664fb1cba2,"{""config"": {""instance_level"": {""0"": {""match_policy"": ""first"", ""queue_depth"": 32, ""queue_policy"": ""fcfs"", ""reservation_depth"": 64}, ""1"": {""job_request_cores_per_task"": 1, ""job_request_gpus_per_task"": 0, ""job_request_nodes"": 1, ""job_request_ntasks_per_node"": 1, ""job_request_time"": ""30s"", ""match_policy"": ""low"", ""n_jobs"": 500, ""problem_class"": ""B"", ""queue_depth"": 32, ""queue_policy"": ""fcfs"", ""reservation_depth"": 64, ""workload"": ""babelstream""}, ""2"": {""job_request_cores_per_task"": 1, ""job_request_gpus_per_task"": 0, ""job_request_nodes"": 1, ""job_request_ntasks_per_node"": 1, ""job_request_time"": ""30s"", ""match_policy"": ""low"", ""n_jobs"": 500, ""problem_class"": ""B"", ""queue_depth"": 32, ""queue_policy"": ""fcfs"", ""reservation_depth"": 64, ""workload"": ""babelstream""}}}, ""system"": {""cpu_affinity"": true, ""flux_time_limit"": ""7m"", ""max_cores_per_node"": 112, ""max_gpus_per_node"": 0, ""queue"": ""pbatch"", ""slurm_time_limit"": ""00:07:00"", ""sys_nodes"": 1}}",2,dane/SW_M
664fb1cba2,"{""config"": {""instance_level"": {""0"": {""match_policy"": ""first"", ""queue_depth"": 32, ""queue_policy"": ""fcfs"", ""reservation_depth"": 64}, ""1"": {""job_request_cores_per_task"": 1, ""job_request_gpus_per_task"": 0, ""job_request_nodes"": 1, ""job_request_ntasks_per_node"": 1, ""job_request_time"": ""30s"", ""match_policy"": ""low"", ""n_jobs"": 500, ""problem_class"": ""B"", ""queue_depth"": 32, ""queue_policy"": ""fcfs"", ""reservation_depth"": 64, ""workload"": ""babelstream""}, ""2"": {""job_request_cores_per_task"": 1, ""job_request_gpus_per_task"": 0, ""job_request_nodes"": 1, ""job_request_ntasks_per_node"": 1, ""job_request_time"": ""30s"", ""match_policy"": ""low"", ""n_jobs"": 500, ""problem_class"": ""B"", ""queue_depth"": 32, ""queue_policy"": ""fcfs"", ""reservation_depth"": 64, ""workload"": ""babelstream""}}}, ""system"": {""cpu_affinity"": true, ""flux_time_limit"": ""7m"", ""max_cores_per_node"": 112, ""max_gpus_per_node"": 0, ""queue"": ""pbatch"", ""slurm_time_limit"": ""00:07:00"", ""sys_nodes"": 1}}",3,dane/SW_M
664fb1cba2,"{""config"": {""instance_level"": {""0"": {""match_policy"": ""first"", ""queue_depth"": 32, ""queue_policy"": ""fcfs"", ""reservation_depth"": 64}, ""1"": {""job_request_cores_per_task"": 1, ""job_request_gpus_per_task"": 0, ""job_request_nodes"": 1, ""job_request_ntasks_per_node"": 1, ""job_request_time"": ""30s"", ""match_policy"": ""low"", ""n_jobs"": 500, ""problem_class"": ""B"", ""queue_depth"": 32, ""queue_policy"": ""fcfs"", ""reservation_depth"": 64, ""workload"": ""babelstream""}, ""2"": {""job_request_cores_per_task"": 1, ""job_request_gpus_per_task"": 0, ""job_request_nodes"": 1, ""job_request_ntasks_per_node"": 1, ""job_request_time"": ""30s"", ""match_policy"": ""low"", ""n_jobs"": 500, ""problem_class"": ""B"", ""queue_depth"": 32, ""queue_policy"": ""fcfs"", ""reservation_depth"": 64, ""workload"": ""babelstream""}}}, ""system"": {""cpu_affinity"": true, ""flux_time_limit"": ""7m"", ""max_cores_per_node"": 112, ""max_gpus_per_node"": 0, ""queue"": ""pbatch"", ""slurm_time_limit"": ""00:07:00"", ""sys_nodes"": 1}}",4,dane/SW_M
664fb1cba2,"{""config"": {""instance_level"": {""0"": {""match_policy"": ""first"", ""queue_depth"": 32, ""queue_policy"": ""fcfs"", ""reservation_depth"": 64}, ""1"": {""job_request_cores_per_task"": 1, ""job_request_gpus_per_task"": 0, ""job_request_nodes"": 1, ""job_request_ntasks_per_node"": 1, ""job_request_time"": ""30s"", ""match_policy"": ""low"", ""n_jobs"": 500, ""problem_class"": ""B"", ""queue_depth"": 32, ""queue_policy"": ""fcfs"", ""reservation_depth"": 64, ""workload"": ""babelstream""}, ""2"": {""job_request_cores_per_task"": 1, ""job_request_gpus_per_task"": 0, ""job_request_nodes"": 1, ""job_request_ntasks_per_node"": 1, ""job_request_time"": ""30s"", ""match_policy"": ""low"", ""n_jobs"": 500, ""problem_class"": ""B"", ""queue_depth"": 32, ""queue_policy"": ""fcfs"", ""reservation_depth"": 64, ""workload"": ""babelstream""}}}, ""system"": {""cpu_affinity"": true, ""flux_time_limit"": ""7m"", ""max_cores_per_node"": 112, ""max_gpus_per_node"": 0, ""queue"": ""pbatch"", ""slurm_time_limit"": ""00:07:00"", ""sys_nodes"": 1}}",5,dane/SW_M
b1c0574fef,"{""config"": {""instance_level"": {""0"": {""match_policy"": ""first"", ""queue_depth"": 32, ""queue_policy"": ""fcfs"", ""reservation_depth"": 64}, ""1"": {""job_request_cores_per_task"": 1, ""job_request_gpus_per_task"": 0, ""job_request_nodes"": 1, ""job_request_ntasks_per_node"": 1, ""job_request_time"": ""30s"", ""match_policy"": ""low"", ""n_jobs"": 500, ""problem_class"": ""B"", ""queue_depth"": 32, ""queue_policy"": ""fcfs"", ""reservation_depth"": 64, ""workload"": ""babelstream""}, ""2"": {""job_request_cores_per_task"": 1, ""job_request_gpus_per_task"": 0, ""job_request_nodes"": 1, ""job_request_ntasks_per_node"": 1, ""job_request_time"": ""30s"", ""match_policy"": ""low"", ""n_jobs"": 500, ""problem_class"": ""B"", ""queue_depth"": 32, ""queue_policy"": ""hybrid"", ""reservation_depth"": 64, ""workload"": ""babelstream""}}}, ""system"": {""cpu_affinity"": true, ""flux_time_limit"": ""7m"", ""max_cores_per_node"": 112, ""max_gpus_per_node"": 0, ""queue"": ""pbatch"", ""slurm_time_limit"": ""00:07:00"", ""sys_nodes"": 1}}",1,dane/SW_M
b1c0574fef,"{""config"": {""instance_level"": {""0"": {""match_policy"": ""first"", ""queue_depth"": 32, ""queue_policy"": ""fcfs"", ""reservation_depth"": 64}, ""1"": {""job_request_cores_per_task"": 1, ""job_request_gpus_per_task"": 0, ""job_request_nodes"": 1, ""job_request_ntasks_per_node"": 1, ""job_request_time"": ""30s"", ""match_policy"": ""low"", ""n_jobs"": 500, ""problem_class"": ""B"", ""queue_depth"": 32, ""queue_policy"": ""fcfs"", ""reservation_depth"": 64, ""workload"": ""babelstream""}, ""2"": {""job_request_cores_per_task"": 1, ""job_request_gpus_per_task"": 0, ""job_request_nodes"": 1, ""job_request_ntasks_per_node"": 1, ""job_request_time"": ""30s"", ""match_policy"": ""low"", ""n_jobs"": 500, ""problem_class"": ""B"", ""queue_depth"": 32, ""queue_policy"": ""hybrid"", ""reservation_depth"": 64, ""workload"": ""babelstream""}}}, ""system"": {""cpu_affinity"": true, ""flux_time_limit"": ""7m"", ""max_cores_per_node"": 112, ""max_gpus_per_node"": 0, ""queue"": ""pbatch"", ""slurm_time_limit"": ""00:07:00"", ""sys_nodes"": 1}}",2,dane/SW_M
b1c0574fef,"{""config"": {""instance_level"": {""0"": {""match_policy"": ""first"", ""queue_depth"": 32, ""queue_policy"": ""fcfs"", ""reservation_depth"": 64}, ""1"": {""job_request_cores_per_task"": 1, ""job_request_gpus_per_task"": 0, ""job_request_nodes"": 1, ""job_request_ntasks_per_node"": 1, ""job_request_time"": ""30s"", ""match_policy"": ""low"", ""n_jobs"": 500, ""problem_class"": ""B"", ""queue_depth"": 32, ""queue_policy"": ""fcfs"", ""reservation_depth"": 64, ""workload"": ""babelstream""}, ""2"": {""job_request_cores_per_task"": 1, ""job_request_gpus_per_task"": 0, ""job_request_nodes"": 1, ""job_request_ntasks_per_node"": 1, ""job_request_time"": ""30s"", ""match_policy"": ""low"", ""n_jobs"": 500, ""problem_class"": ""B"", ""queue_depth"": 32, ""queue_policy"": ""hybrid"", ""reservation_depth"": 64, ""workload"": ""babelstream""}}}, ""system"": {""cpu_affinity"": true, ""flux_time_limit"": ""7m"", ""max_cores_per_node"": 112, ""max_gpus_per_node"": 0, ""queue"": ""pbatch"", ""slurm_time_limit"": ""00:07:00"", ""sys_nodes"": 1}}",3,dane/SW_M
b1c0574fef,"{""config"": {""instance_level"": {""0"": {""match_policy"": ""first"", ""queue_depth"": 32, ""queue_policy"": ""fcfs"", ""reservation_depth"": 64}, ""1"": {""job_request_cores_per_task"": 1, ""job_request_gpus_per_task"": 0, ""job_request_nodes"": 1, ""job_request_ntasks_per_node"": 1, ""job_request_time"": ""30s"", ""match_policy"": ""low"", ""n_jobs"": 500, ""problem_class"": ""B"", ""queue_depth"": 32, ""queue_policy"": ""fcfs"", ""reservation_depth"": 64, ""workload"": ""babelstream""}, ""2"": {""job_request_cores_per_task"": 1, ""job_request_gpus_per_task"": 0, ""job_request_nodes"": 1, ""job_request_ntasks_per_node"": 1, ""job_request_time"": ""30s"", ""match_policy"": ""low"", ""n_jobs"": 500, ""problem_class"": ""B"", ""queue_depth"": 32, ""queue_policy"": ""hybrid"", ""reservation_depth"": 64, ""workload"": ""babelstream""}}}, ""system"": {""cpu_affinity"": true, ""flux_time_limit"": ""7m"", ""max_cores_per_node"": 112, ""max_gpus_per_node"": 0, ""queue"": ""pbatch"", ""slurm_time_limit"": ""00:07:00"", ""sys_nodes"": 1}}",4,dane/SW_M
b1c0574fef,"{""config"": {""instance_level"": {""0"": {""match_policy"": ""first"", ""queue_depth"": 32, ""queue_policy"": ""fcfs"", ""reservation_depth"": 64}, ""1"": {""job_request_cores_per_task"": 1, ""job_request_gpus_per_task"": 0, ""job_request_nodes"": 1, ""job_request_ntasks_per_node"": 1, ""job_request_time"": ""30s"", ""match_policy"": ""low"", ""n_jobs"": 500, ""problem_class"": ""B"", ""queue_depth"": 32, ""queue_policy"": ""fcfs"", ""reservation_depth"": 64, ""workload"": ""babelstream""}, ""2"": {""job_request_cores_per_task"": 1, ""job_request_gpus_per_task"": 0, ""job_request_nodes"": 1, ""job_request_ntasks_per_node"": 1, ""job_request_time"": ""30s"", ""match_policy"": ""low"", ""n_jobs"": 500, ""problem_class"": ""B"", ""queue_depth"": 32, ""queue_policy"": ""hybrid"", ""reservation_depth"": 64, ""workload"": ""babelstream""}}}, ""system"": {""cpu_affinity"": true, ""flux_time_limit"": ""7m"", ""max_cores_per_node"": 112, ""max_gpus_per_node"": 0, ""queue"": ""pbatch"", ""slurm_time_limit"": ""00:07:00"", ""sys_nodes"": 1}}",5,dane/SW_M
037f5d3547,"{""config"": {""instance_level"": {""0"": {""match_policy"": ""first"", ""queue_depth"": 32, ""queue_policy"": ""fcfs"", ""reservation_depth"": 64}, ""1"": {""job_request_cores_per_task"": 1, ""job_request_gpus_per_task"": 0, ""job_request_nodes"": 1, ""job_request_ntasks_per_node"": 1, ""job_request_time"": ""30s"", ""match_policy"": ""low"", ""n_jobs"": 500, ""problem_class"": ""B"", ""queue_depth"": 32, ""queue_policy"": ""fcfs"", ""reservation_depth"": 64, ""workload"": ""raja-perf%Polybench_GEMM%Base_OpenMP""}, ""2"": {""job_request_cores_per_task"": 1, ""job_request_gpus_per_task"": 0, ""job_request_nodes"": 1, ""job_request_ntasks_per_node"": 1, ""job_request_time"": ""30s"", ""match_policy"": ""first"", ""n_jobs"": 500, ""problem_class"": ""B"", ""queue_depth"": 32, ""queue_policy"": ""fcfs"", ""reservation_depth"": 64, ""workload"": ""raja-perf%Polybench_GEMM%Base_OpenMP""}}}, ""system"": {""cpu_affinity"": true, ""flux_time_limit"": ""7m"", ""max_cores_per_node"": 112, ""max_gpus_per_node"": 0, ""queue"": ""pbatch"", ""slurm_time_limit"": ""00:07:00"", ""sys_nodes"": 1}}",1,dane/SW_M
037f5d3547,"{""config"": {""instance_level"": {""0"": {""match_policy"": ""first"", ""queue_depth"": 32, ""queue_policy"": ""fcfs"", ""reservation_depth"": 64}, ""1"": {""job_request_cores_per_task"": 1, ""job_request_gpus_per_task"": 0, ""job_request_nodes"": 1, ""job_request_ntasks_per_node"": 1, ""job_request_time"": ""30s"", ""match_policy"": ""low"", ""n_jobs"": 500, ""problem_class"": ""B"", ""queue_depth"": 32, ""queue_policy"": ""fcfs"", ""reservation_depth"": 64, ""workload"": ""raja-perf%Polybench_GEMM%Base_OpenMP""}, ""2"": {""job_request_cores_per_task"": 1, ""job_request_gpus_per_task"": 0, ""job_request_nodes"": 1, ""job_request_ntasks_per_node"": 1, ""job_request_time"": ""30s"", ""match_policy"": ""first"", ""n_jobs"": 500, ""problem_class"": ""B"", ""queue_depth"": 32, ""queue_policy"": ""fcfs"", ""reservation_depth"": 64, ""workload"": ""raja-perf%Polybench_GEMM%Base_OpenMP""}}}, ""system"": {""cpu_affinity"": true, ""flux_time_limit"": ""7m"", ""max_cores_per_node"": 112, ""max_gpus_per_node"": 0, ""queue"": ""pbatch"", ""slurm_time_limit"": ""00:07:00"", ""sys_nodes"": 1}}",2,dane/SW_M
037f5d3547,"{""config"": {""instance_level"": {""0"": {""match_policy"": ""first"", ""queue_depth"": 32, ""queue_policy"": ""fcfs"", ""reservation_depth"": 64}, ""1"": {""job_request_cores_per_task"": 1, ""job_request_gpus_per_task"": 0, ""job_request_nodes"": 1, ""job_request_ntasks_per_node"": 1, ""job_request_time"": ""30s"", ""match_policy"": ""low"", ""n_jobs"": 500, ""problem_class"": ""B"", ""queue_depth"": 32, ""queue_policy"": ""fcfs"", ""reservation_depth"": 64, ""workload"": ""raja-perf%Polybench_GEMM%Base_OpenMP""}, ""2"": {""job_request_cores_per_task"": 1, ""job_request_gpus_per_task"": 0, ""job_request_nodes"": 1, ""job_request_ntasks_per_node"": 1, ""job_request_time"": ""30s"", ""match_policy"": ""first"", ""n_jobs"": 500, ""problem_class"": ""B"", ""queue_depth"": 32, ""queue_policy"": ""fcfs"", ""reservation_depth"": 64, ""workload"": ""raja-perf%Polybench_GEMM%Base_OpenMP""}}}, ""system"": {""cpu_affinity"": true, ""flux_time_limit"": ""7m"", ""max_cores_per_node"": 112, ""max_gpus_per_node"": 0, ""queue"": ""pbatch"", ""slurm_time_limit"": ""00:07:00"", ""sys_nodes"": 1}}",3,dane/SW_M
037f5d3547,"{""config"": {""instance_level"": {""0"": {""match_policy"": ""first"", ""queue_depth"": 32, ""queue_policy"": ""fcfs"", ""reservation_depth"": 64}, ""1"": {""job_request_cores_per_task"": 1, ""job_request_gpus_per_task"": 0, ""job_request_nodes"": 1, ""job_request_ntasks_per_node"": 1, ""job_request_time"": ""30s"", ""match_policy"": ""low"", ""n_jobs"": 500, ""problem_class"": ""B"", ""queue_depth"": 32, ""queue_policy"": ""fcfs"", ""reservation_depth"": 64, ""workload"": ""raja-perf%Polybench_GEMM%Base_OpenMP""}, ""2"": {""job_request_cores_per_task"": 1, ""job_request_gpus_per_task"": 0, ""job_request_nodes"": 1, ""job_request_ntasks_per_node"": 1, ""job_request_time"": ""30s"", ""match_policy"": ""first"", ""n_jobs"": 500, ""problem_class"": ""B"", ""queue_depth"": 32, ""queue_policy"": ""fcfs"", ""reservation_depth"": 64, ""workload"": ""raja-perf%Polybench_GEMM%Base_OpenMP""}}}, ""system"": {""cpu_affinity"": true, ""flux_time_limit"": ""7m"", ""max_cores_per_node"": 112, ""max_gpus_per_node"": 0, ""queue"": ""pbatch"", ""slurm_time_limit"": ""00:07:00"", ""sys_nodes"": 1}}",4,dane/SW_M
037f5d3547,"{""config"": {""instance_level"": {""0"": {""match_policy"": ""first"", ""queue_depth"": 32, ""queue_policy"": ""fcfs"", ""reservation_depth"": 64}, ""1"": {""job_request_cores_per_task"": 1, ""job_request_gpus_per_task"": 0, ""job_request_nodes"": 1, ""job_request_ntasks_per_node"": 1, ""job_request_time"": ""30s"", ""match_policy"": ""low"", ""n_jobs"": 500, ""problem_class"": ""B"", ""queue_depth"": 32, ""queue_policy"": ""fcfs"", ""reservation_depth"": 64, ""workload"": ""raja-perf%Polybench_GEMM%Base_OpenMP""}, ""2"": {""job_request_cores_per_task"": 1, ""job_request_gpus_per_task"": 0, ""job_request_nodes"": 1, ""job_request_ntasks_per_node"": 1, ""job_request_time"": ""30s"", ""match_policy"": ""first"", ""n_jobs"": 500, ""problem_class"": ""B"", ""queue_depth"": 32, ""queue_policy"": ""fcfs"", ""reservation_depth"": 64, ""workload"": ""raja-perf%Polybench_GEMM%Base_OpenMP""}}}, ""system"": {""cpu_affinity"": true, ""flux_time_limit"": ""7m"", ""max_cores_per_node"": 112, ""max_gpus_per_node"": 0, ""queue"": ""pbatch"", ""slurm_time_limit"": ""00:07:00"", ""sys_nodes"": 1}}",5,dane/SW_M
36b8768b42,"{""config"": {""instance_level"": {""0"": {""match_policy"": ""first"", ""queue_depth"": 32, ""queue_policy"": ""fcfs"", ""reservation_depth"": 64}, ""1"": {""job_request_cores_per_task"": 1, ""job_request_gpus_per_task"": 0, ""job_request_nodes"": 1, ""job_request_ntasks_per_node"": 1, ""job_request_time"": ""30s"", ""match_policy"": ""low"", ""n_jobs"": 500, ""problem_class"": ""B"", ""queue_depth"": 32, ""queue_policy"": ""fcfs"", ""reservation_depth"": 64, ""workload"": ""raja-perf%Polybench_GEMM%Base_OpenMP""}, ""2"": {""job_request_cores_per_task"": 1, ""job_request_gpus_per_task"": 0, ""job_request_nodes"": 1, ""job_request_ntasks_per_node"": 1, ""job_request_time"": ""30s"", ""match_policy"": ""first"", ""n_jobs"": 500, ""problem_class"": ""B"", ""queue_depth"": 32, ""queue_policy"": ""hybrid"", ""reservation_depth"": 64, ""workload"": ""raja-perf%Polybench_GEMM%Base_OpenMP""}}}, ""system"": {""cpu_affinity"": true, ""flux_time_limit"": ""7m"", ""max_cores_per_node"": 112, ""max_gpus_per_node"": 0, ""queue"": ""pbatch"", ""slurm_time_limit"": ""00:07:00"", ""sys_nodes"": 1}}",1,dane/SW_M
36b8768b42,"{""config"": {""instance_level"": {""0"": {""match_policy"": ""first"", ""queue_depth"": 32, ""queue_policy"": ""fcfs"", ""reservation_depth"": 64}, ""1"": {""job_request_cores_per_task"": 1, ""job_request_gpus_per_task"": 0, ""job_request_nodes"": 1, ""job_request_ntasks_per_node"": 1, ""job_request_time"": ""30s"", ""match_policy"": ""low"", ""n_jobs"": 500, ""problem_class"": ""B"", ""queue_depth"": 32, ""queue_policy"": ""fcfs"", ""reservation_depth"": 64, ""workload"": ""raja-perf%Polybench_GEMM%Base_OpenMP""}, ""2"": {""job_request_cores_per_task"": 1, ""job_request_gpus_per_task"": 0, ""job_request_nodes"": 1, ""job_request_ntasks_per_node"": 1, ""job_request_time"": ""30s"", ""match_policy"": ""first"", ""n_jobs"": 500, ""problem_class"": ""B"", ""queue_depth"": 32, ""queue_policy"": ""hybrid"", ""reservation_depth"": 64, ""workload"": ""raja-perf%Polybench_GEMM%Base_OpenMP""}}}, ""system"": {""cpu_affinity"": true, ""flux_time_limit"": ""7m"", ""max_cores_per_node"": 112, ""max_gpus_per_node"": 0, ""queue"": ""pbatch"", ""slurm_time_limit"": ""00:07:00"", ""sys_nodes"": 1}}",2,dane/SW_M
36b8768b42,"{""config"": {""instance_level"": {""0"": {""match_policy"": ""first"", ""queue_depth"": 32, ""queue_policy"": ""fcfs"", ""reservation_depth"": 64}, ""1"": {""job_request_cores_per_task"": 1, ""job_request_gpus_per_task"": 0, ""job_request_nodes"": 1, ""job_request_ntasks_per_node"": 1, ""job_request_time"": ""30s"", ""match_policy"": ""low"", ""n_jobs"": 500, ""problem_class"": ""B"", ""queue_depth"": 32, ""queue_policy"": ""fcfs"", ""reservation_depth"": 64, ""workload"": ""raja-perf%Polybench_GEMM%Base_OpenMP""}, ""2"": {""job_request_cores_per_task"": 1, ""job_request_gpus_per_task"": 0, ""job_request_nodes"": 1, ""job_request_ntasks_per_node"": 1, ""job_request_time"": ""30s"", ""match_policy"": ""first"", ""n_jobs"": 500, ""problem_class"": ""B"", ""queue_depth"": 32, ""queue_policy"": ""hybrid"", ""reservation_depth"": 64, ""workload"": ""raja-perf%Polybench_GEMM%Base_OpenMP""}}}, ""system"": {""cpu_affinity"": true, ""flux_time_limit"": ""7m"", ""max_cores_per_node"": 112, ""max_gpus_per_node"": 0, ""queue"": ""pbatch"", ""slurm_time_limit"": ""00:07:00"", ""sys_nodes"": 1}}",3,dane/SW_M
36b8768b42,"{""config"": {""instance_level"": {""0"": {""match_policy"": ""first"", ""queue_depth"": 32, ""queue_policy"": ""fcfs"", ""reservation_depth"": 64}, ""1"": {""job_request_cores_per_task"": 1, ""job_request_gpus_per_task"": 0, ""job_request_nodes"": 1, ""job_request_ntasks_per_node"": 1, ""job_request_time"": ""30s"", ""match_policy"": ""low"", ""n_jobs"": 500, ""problem_class"": ""B"", ""queue_depth"": 32, ""queue_policy"": ""fcfs"", ""reservation_depth"": 64, ""workload"": ""raja-perf%Polybench_GEMM%Base_OpenMP""}, ""2"": {""job_request_cores_per_task"": 1, ""job_request_gpus_per_task"": 0, ""job_request_nodes"": 1, ""job_request_ntasks_per_node"": 1, ""job_request_time"": ""30s"", ""match_policy"": ""first"", ""n_jobs"": 500, ""problem_class"": ""B"", ""queue_depth"": 32, ""queue_policy"": ""hybrid"", ""reservation_depth"": 64, ""workload"": ""raja-perf%Polybench_GEMM%Base_OpenMP""}}}, ""system"": {""cpu_affinity"": true, ""flux_time_limit"": ""7m"", ""max_cores_per_node"": 112, ""max_gpus_per_node"": 0, ""queue"": ""pbatch"", ""slurm_time_limit"": ""00:07:00"", ""sys_nodes"": 1}}",4,dane/SW_M
36b8768b42,"{""config"": {""instance_level"": {""0"": {""match_policy"": ""first"", ""queue_depth"": 32, ""queue_policy"": ""fcfs"", ""reservation_depth"": 64}, ""1"": {""job_request_cores_per_task"": 1, ""job_request_gpus_per_task"": 0, ""job_request_nodes"": 1, ""job_request_ntasks_per_node"": 1, ""job_request_time"": ""30s"", ""match_policy"": ""low"", ""n_jobs"": 500, ""problem_class"": ""B"", ""queue_depth"": 32, ""queue_policy"": ""fcfs"", ""reservation_depth"": 64, ""workload"": ""raja-perf%Polybench_GEMM%Base_OpenMP""}, ""2"": {""job_request_cores_per_task"": 1, ""job_request_gpus_per_task"": 0, ""job_request_nodes"": 1, ""job_request_ntasks_per_node"": 1, ""job_request_time"": ""30s"", ""match_policy"": ""first"", ""n_jobs"": 500, ""problem_class"": ""B"", ""queue_depth"": 32, ""queue_policy"": ""hybrid"", ""reservation_depth"": 64, ""workload"": ""raja-perf%Polybench_GEMM%Base_OpenMP""}}}, ""system"": {""cpu_affinity"": true, ""flux_time_limit"": ""7m"", ""max_cores_per_node"": 112, ""max_gpus_per_node"": 0, ""queue"": ""pbatch"", ""slurm_time_limit"": ""00:07:00"", ""sys_nodes"": 1}}",5,dane/SW_M
e47f9fbdda,"{""config"": {""instance_level"": {""0"": {""match_policy"": ""first"", ""queue_depth"": 32, ""queue_policy"": ""fcfs"", ""reservation_depth"": 64}, ""1"": {""job_request_cores_per_task"": 1, ""job_request_gpus_per_task"": 0, ""job_request_nodes"": 1, ""job_request_ntasks_per_node"": 1, ""job_request_time"": ""30s"", ""match_policy"": ""low"", ""n_jobs"": 500, ""problem_class"": ""B"", ""queue_depth"": 32, ""queue_policy"": ""fcfs"", ""reservation_depth"": 64, ""workload"": ""raja-perf%Polybench_GEMM%Base_OpenMP""}, ""2"": {""job_request_cores_per_task"": 1, ""job_request_gpus_per_task"": 0, ""job_request_nodes"": 1, ""job_request_ntasks_per_node"": 1, ""job_request_time"": ""30s"", ""match_policy"": ""low"", ""n_jobs"": 500, ""problem_class"": ""B"", ""queue_depth"": 32, ""queue_policy"": ""fcfs"", ""reservation_depth"": 64, ""workload"": ""raja-perf%Polybench_GEMM%Base_OpenMP""}}}, ""system"": {""cpu_affinity"": true, ""flux_time_limit"": ""7m"", ""max_cores_per_node"": 112, ""max_gpus_per_node"": 0, ""queue"": ""pbatch"", ""slurm_time_limit"": ""00:07:00"", ""sys_nodes"": 1}}",1,dane/SW_M
e47f9fbdda,"{""config"": {""instance_level"": {""0"": {""match_policy"": ""first"", ""queue_depth"": 32, ""queue_policy"": ""fcfs"", ""reservation_depth"": 64}, ""1"": {""job_request_cores_per_task"": 1, ""job_request_gpus_per_task"": 0, ""job_request_nodes"": 1, ""job_request_ntasks_per_node"": 1, ""job_request_time"": ""30s"", ""match_policy"": ""low"", ""n_jobs"": 500, ""problem_class"": ""B"", ""queue_depth"": 32, ""queue_policy"": ""fcfs"", ""reservation_depth"": 64, ""workload"": ""raja-perf%Polybench_GEMM%Base_OpenMP""}, ""2"": {""job_request_cores_per_task"": 1, ""job_request_gpus_per_task"": 0, ""job_request_nodes"": 1, ""job_request_ntasks_per_node"": 1, ""job_request_time"": ""30s"", ""match_policy"": ""low"", ""n_jobs"": 500, ""problem_class"": ""B"", ""queue_depth"": 32, ""queue_policy"": ""fcfs"", ""reservation_depth"": 64, ""workload"": ""raja-perf%Polybench_GEMM%Base_OpenMP""}}}, ""system"": {""cpu_affinity"": true, ""flux_time_limit"": ""7m"", ""max_cores_per_node"": 112, ""max_gpus_per_node"": 0, ""queue"": ""pbatch"", ""slurm_time_limit"": ""00:07:00"", ""sys_nodes"": 1}}",2,dane/SW_M
e47f9fbdda,"{""config"": {""instance_level"": {""0"": {""match_policy"": ""first"", ""queue_depth"": 32, ""queue_policy"": ""fcfs"", ""reservation_depth"": 64}, ""1"": {""job_request_cores_per_task"": 1, ""job_request_gpus_per_task"": 0, ""job_request_nodes"": 1, ""job_request_ntasks_per_node"": 1, ""job_request_time"": ""30s"", ""match_policy"": ""low"", ""n_jobs"": 500, ""problem_class"": ""B"", ""queue_depth"": 32, ""queue_policy"": ""fcfs"", ""reservation_depth"": 64, ""workload"": ""raja-perf%Polybench_GEMM%Base_OpenMP""}, ""2"": {""job_request_cores_per_task"": 1, ""job_request_gpus_per_task"": 0, ""job_request_nodes"": 1, ""job_request_ntasks_per_node"": 1, ""job_request_time"": ""30s"", ""match_policy"": ""low"", ""n_jobs"": 500, ""problem_class"": ""B"", ""queue_depth"": 32, ""queue_policy"": ""fcfs"", ""reservation_depth"": 64, ""workload"": ""raja-perf%Polybench_GEMM%Base_OpenMP""}}}, ""system"": {""cpu_affinity"": true, ""flux_time_limit"": ""7m"", ""max_cores_per_node"": 112, ""max_gpus_per_node"": 0, ""queue"": ""pbatch"", ""slurm_time_limit"": ""00:07:00"", ""sys_nodes"": 1}}",3,dane/SW_M
e47f9fbdda,"{""config"": {""instance_level"": {""0"": {""match_policy"": ""first"", ""queue_depth"": 32, ""queue_policy"": ""fcfs"", ""reservation_depth"": 64}, ""1"": {""job_request_cores_per_task"": 1, ""job_request_gpus_per_task"": 0, ""job_request_nodes"": 1, ""job_request_ntasks_per_node"": 1, ""job_request_time"": ""30s"", ""match_policy"": ""low"", ""n_jobs"": 500, ""problem_class"": ""B"", ""queue_depth"": 32, ""queue_policy"": ""fcfs"", ""reservation_depth"": 64, ""workload"": ""raja-perf%Polybench_GEMM%Base_OpenMP""}, ""2"": {""job_request_cores_per_task"": 1, ""job_request_gpus_per_task"": 0, ""job_request_nodes"": 1, ""job_request_ntasks_per_node"": 1, ""job_request_time"": ""30s"", ""match_policy"": ""low"", ""n_jobs"": 500, ""problem_class"": ""B"", ""queue_depth"": 32, ""queue_policy"": ""fcfs"", ""reservation_depth"": 64, ""workload"": ""raja-perf%Polybench_GEMM%Base_OpenMP""}}}, ""system"": {""cpu_affinity"": true, ""flux_time_limit"": ""7m"", ""max_cores_per_node"": 112, ""max_gpus_per_node"": 0, ""queue"": ""pbatch"", ""slurm_time_limit"": ""00:07:00"", ""sys_nodes"": 1}}",4,dane/SW_M
e47f9fbdda,"{""config"": {""instance_level"": {""0"": {""match_policy"": ""first"", ""queue_depth"": 32, ""queue_policy"": ""fcfs"", ""reservation_depth"": 64}, ""1"": {""job_request_cores_per_task"": 1, ""job_request_gpus_per_task"": 0, ""job_request_nodes"": 1, ""job_request_ntasks_per_node"": 1, ""job_request_time"": ""30s"", ""match_policy"": ""low"", ""n_jobs"": 500, ""problem_class"": ""B"", ""queue_depth"": 32, ""queue_policy"": ""fcfs"", ""reservation_depth"": 64, ""workload"": ""raja-perf%Polybench_GEMM%Base_OpenMP""}, ""2"": {""job_request_cores_per_task"": 1, ""job_request_gpus_per_task"": 0, ""job_request_nodes"": 1, ""job_request_ntasks_per_node"": 1, ""job_request_time"": ""30s"", ""match_policy"": ""low"", ""n_jobs"": 500, ""problem_class"": ""B"", ""queue_depth"": 32, ""queue_policy"": ""fcfs"", ""reservation_depth"": 64, ""workload"": ""raja-perf%Polybench_GEMM%Base_OpenMP""}}}, ""system"": {""cpu_affinity"": true, ""flux_time_limit"": ""7m"", ""max_cores_per_node"": 112, ""max_gpus_per_node"": 0, ""queue"": ""pbatch"", ""slurm_time_limit"": ""00:07:00"", ""sys_nodes"": 1}}",5,dane/SW_M
16087df3f9,"{""config"": {""instance_level"": {""0"": {""match_policy"": ""first"", ""queue_depth"": 32, ""queue_policy"": ""fcfs"", ""reservation_depth"": 64}, ""1"": {""job_request_cores_per_task"": 1, ""job_request_gpus_per_task"": 0, ""job_request_nodes"": 1, ""job_request_ntasks_per_node"": 1, ""job_request_time"": ""30s"", ""match_policy"": ""low"", ""n_jobs"": 500, ""problem_class"": ""B"", ""queue_depth"": 32, ""queue_policy"": ""fcfs"", ""reservation_depth"": 64, ""workload"": ""raja-perf%Polybench_GEMM%Base_OpenMP""}, ""2"": {""job_request_cores_per_task"": 1, ""job_request_gpus_per_task"": 0, ""job_request_nodes"": 1, ""job_request_ntasks_per_node"": 1, ""job_request_time"": ""30s"", ""match_policy"": ""low"", ""n_jobs"": 500, ""problem_class"": ""B"", ""queue_depth"": 32, ""queue_policy"": ""hybrid"", ""reservation_depth"": 64, ""workload"": ""raja-perf%Polybench_GEMM%Base_OpenMP""}}}, ""system"": {""cpu_affinity"": true, ""flux_time_limit"": ""7m"", ""max_cores_per_node"": 112, ""max_gpus_per_node"": 0, ""queue"": ""pbatch"", ""slurm_time_limit"": ""00:07:00"", ""sys_nodes"": 1}}",1,dane/SW_M
16087df3f9,"{""config"": {""instance_level"": {""0"": {""match_policy"": ""first"", ""queue_depth"": 32, ""queue_policy"": ""fcfs"", ""reservation_depth"": 64}, ""1"": {""job_request_cores_per_task"": 1, ""job_request_gpus_per_task"": 0, ""job_request_nodes"": 1, ""job_request_ntasks_per_node"": 1, ""job_request_time"": ""30s"", ""match_policy"": ""low"", ""n_jobs"": 500, ""problem_class"": ""B"", ""queue_depth"": 32, ""queue_policy"": ""fcfs"", ""reservation_depth"": 64, ""workload"": ""raja-perf%Polybench_GEMM%Base_OpenMP""}, ""2"": {""job_request_cores_per_task"": 1, ""job_request_gpus_per_task"": 0, ""job_request_nodes"": 1, ""job_request_ntasks_per_node"": 1, ""job_request_time"": ""30s"", ""match_policy"": ""low"", ""n_jobs"": 500, ""problem_class"": ""B"", ""queue_depth"": 32, ""queue_policy"": ""hybrid"", ""reservation_depth"": 64, ""workload"": ""raja-perf%Polybench_GEMM%Base_OpenMP""}}}, ""system"": {""cpu_affinity"": true, ""flux_time_limit"": ""7m"", ""max_cores_per_node"": 112, ""max_gpus_per_node"": 0, ""queue"": ""pbatch"", ""slurm_time_limit"": ""00:07:00"", ""sys_nodes"": 1}}",2,dane/SW_M
16087df3f9,"{""config"": {""instance_level"": {""0"": {""match_policy"": ""first"", ""queue_depth"": 32, ""queue_policy"": ""fcfs"", ""reservation_depth"": 64}, ""1"": {""job_request_cores_per_task"": 1, ""job_request_gpus_per_task"": 0, ""job_request_nodes"": 1, ""job_request_ntasks_per_node"": 1, ""job_request_time"": ""30s"", ""match_policy"": ""low"", ""n_jobs"": 500, ""problem_class"": ""B"", ""queue_depth"": 32, ""queue_policy"": ""fcfs"", ""reservation_depth"": 64, ""workload"": ""raja-perf%Polybench_GEMM%Base_OpenMP""}, ""2"": {""job_request_cores_per_task"": 1, ""job_request_gpus_per_task"": 0, ""job_request_nodes"": 1, ""job_request_ntasks_per_node"": 1, ""job_request_time"": ""30s"", ""match_policy"": ""low"", ""n_jobs"": 500, ""problem_class"": ""B"", ""queue_depth"": 32, ""queue_policy"": ""hybrid"", ""reservation_depth"": 64, ""workload"": ""raja-perf%Polybench_GEMM%Base_OpenMP""}}}, ""system"": {""cpu_affinity"": true, ""flux_time_limit"": ""7m"", ""max_cores_per_node"": 112, ""max_gpus_per_node"": 0, ""queue"": ""pbatch"", ""slurm_time_limit"": ""00:07:00"", ""sys_nodes"": 1}}",3,dane/SW_M
16087df3f9,"{""config"": {""instance_level"": {""0"": {""match_policy"": ""first"", ""queue_depth"": 32, ""queue_policy"": ""fcfs"", ""reservation_depth"": 64}, ""1"": {""job_request_cores_per_task"": 1, ""job_request_gpus_per_task"": 0, ""job_request_nodes"": 1, ""job_request_ntasks_per_node"": 1, ""job_request_time"": ""30s"", ""match_policy"": ""low"", ""n_jobs"": 500, ""problem_class"": ""B"", ""queue_depth"": 32, ""queue_policy"": ""fcfs"", ""reservation_depth"": 64, ""workload"": ""raja-perf%Polybench_GEMM%Base_OpenMP""}, ""2"": {""job_request_cores_per_task"": 1, ""job_request_gpus_per_task"": 0, ""job_request_nodes"": 1, ""job_request_ntasks_per_node"": 1, ""job_request_time"": ""30s"", ""match_policy"": ""low"", ""n_jobs"": 500, ""problem_class"": ""B"", ""queue_depth"": 32, ""queue_policy"": ""hybrid"", ""reservation_depth"": 64, ""workload"": ""raja-perf%Polybench_GEMM%Base_OpenMP""}}}, ""system"": {""cpu_affinity"": true, ""flux_time_limit"": ""7m"", ""max_cores_per_node"": 112, ""max_gpus_per_node"": 0, ""queue"": ""pbatch"", ""slurm_time_limit"": ""00:07:00"", ""sys_nodes"": 1}}",4,dane/SW_M
16087df3f9,"{""config"": {""instance_level"": {""0"": {""match_policy"": ""first"", ""queue_depth"": 32, ""queue_policy"": ""fcfs"", ""reservation_depth"": 64}, ""1"": {""job_request_cores_per_task"": 1, ""job_request_gpus_per_task"": 0, ""job_request_nodes"": 1, ""job_request_ntasks_per_node"": 1, ""job_request_time"": ""30s"", ""match_policy"": ""low"", ""n_jobs"": 500, ""problem_class"": ""B"", ""queue_depth"": 32, ""queue_policy"": ""fcfs"", ""reservation_depth"": 64, ""workload"": ""raja-perf%Polybench_GEMM%Base_OpenMP""}, ""2"": {""job_request_cores_per_task"": 1, ""job_request_gpus_per_task"": 0, ""job_request_nodes"": 1, ""job_request_ntasks_per_node"": 1, ""job_request_time"": ""30s"", ""match_policy"": ""low"", ""n_jobs"": 500, ""problem_class"": ""B"", ""queue_depth"": 32, ""queue_policy"": ""hybrid"", ""reservation_depth"": 64, ""workload"": ""raja-perf%Polybench_GEMM%Base_OpenMP""}}}, ""system"": {""cpu_affinity"": true, ""flux_time_limit"": ""7m"", ""max_cores_per_node"": 112, ""max_gpus_per_node"": 0, ""queue"": ""pbatch"", ""slurm_time_limit"": ""00:07:00"", ""sys_nodes"": 1}}",5,dane/SW_M
9d0bad0900,"{""config"": {""instance_level"": {""0"": {""match_policy"": ""first"", ""queue_depth"": 32, ""queue_policy"": ""fcfs"", ""reservation_depth"": 64}, ""1"": {""job_request_cores_per_task"": 1, ""job_request_gpus_per_task"": 0, ""job_request_nodes"": 1, ""job_request_ntasks_per_node"": 1, ""job_request_time"": ""30s"", ""match_policy"": ""low"", ""n_jobs"": 500, ""problem_class"": ""B"", ""queue_depth"": 32, ""queue_policy"": ""hybrid"", ""reservation_depth"": 64, ""workload"": ""babelstream""}, ""2"": {""job_request_cores_per_task"": 1, ""job_request_gpus_per_task"": 0, ""job_request_nodes"": 1, ""job_request_ntasks_per_node"": 1, ""job_request_time"": ""30s"", ""match_policy"": ""first"", ""n_jobs"": 500, ""problem_class"": ""B"", ""queue_depth"": 32, ""queue_policy"": ""fcfs"", ""reservation_depth"": 64, ""workload"": ""babelstream""}}}, ""system"": {""cpu_affinity"": true, ""flux_time_limit"": ""7m"", ""max_cores_per_node"": 112, ""max_gpus_per_node"": 0, ""queue"": ""pbatch"", ""slurm_time_limit"": ""00:07:00"", ""sys_nodes"": 1}}",1,dane/SW_M
9d0bad0900,"{""config"": {""instance_level"": {""0"": {""match_policy"": ""first"", ""queue_depth"": 32, ""queue_policy"": ""fcfs"", ""reservation_depth"": 64}, ""1"": {""job_request_cores_per_task"": 1, ""job_request_gpus_per_task"": 0, ""job_request_nodes"": 1, ""job_request_ntasks_per_node"": 1, ""job_request_time"": ""30s"", ""match_policy"": ""low"", ""n_jobs"": 500, ""problem_class"": ""B"", ""queue_depth"": 32, ""queue_policy"": ""hybrid"", ""reservation_depth"": 64, ""workload"": ""babelstream""}, ""2"": {""job_request_cores_per_task"": 1, ""job_request_gpus_per_task"": 0, ""job_request_nodes"": 1, ""job_request_ntasks_per_node"": 1, ""job_request_time"": ""30s"", ""match_policy"": ""first"", ""n_jobs"": 500, ""problem_class"": ""B"", ""queue_depth"": 32, ""queue_policy"": ""fcfs"", ""reservation_depth"": 64, ""workload"": ""babelstream""}}}, ""system"": {""cpu_affinity"": true, ""flux_time_limit"": ""7m"", ""max_cores_per_node"": 112, ""max_gpus_per_node"": 0, ""queue"": ""pbatch"", ""slurm_time_limit"": ""00:07:00"", ""sys_nodes"": 1}}",2,dane/SW_M
9d0bad0900,"{""config"": {""instance_level"": {""0"": {""match_policy"": ""first"", ""queue_depth"": 32, ""queue_policy"": ""fcfs"", ""reservation_depth"": 64}, ""1"": {""job_request_cores_per_task"": 1, ""job_request_gpus_per_task"": 0, ""job_request_nodes"": 1, ""job_request_ntasks_per_node"": 1, ""job_request_time"": ""30s"", ""match_policy"": ""low"", ""n_jobs"": 500, ""problem_class"": ""B"", ""queue_depth"": 32, ""queue_policy"": ""hybrid"", ""reservation_depth"": 64, ""workload"": ""babelstream""}, ""2"": {""job_request_cores_per_task"": 1, ""job_request_gpus_per_task"": 0, ""job_request_nodes"": 1, ""job_request_ntasks_per_node"": 1, ""job_request_time"": ""30s"", ""match_policy"": ""first"", ""n_jobs"": 500, ""problem_class"": ""B"", ""queue_depth"": 32, ""queue_policy"": ""fcfs"", ""reservation_depth"": 64, ""workload"": ""babelstream""}}}, ""system"": {""cpu_affinity"": true, ""flux_time_limit"": ""7m"", ""max_cores_per_node"": 112, ""max_gpus_per_node"": 0, ""queue"": ""pbatch"", ""slurm_time_limit"": ""00:07:00"", ""sys_nodes"": 1}}",3,dane/SW_M
9d0bad0900,"{""config"": {""instance_level"": {""0"": {""match_policy"": ""first"", ""queue_depth"": 32, ""queue_policy"": ""fcfs"", ""reservation_depth"": 64}, ""1"": {""job_request_cores_per_task"": 1, ""job_request_gpus_per_task"": 0, ""job_request_nodes"": 1, ""job_request_ntasks_per_node"": 1, ""job_request_time"": ""30s"", ""match_policy"": ""low"", ""n_jobs"": 500, ""problem_class"": ""B"", ""queue_depth"": 32, ""queue_policy"": ""hybrid"", ""reservation_depth"": 64, ""workload"": ""babelstream""}, ""2"": {""job_request_cores_per_task"": 1, ""job_request_gpus_per_task"": 0, ""job_request_nodes"": 1, ""job_request_ntasks_per_node"": 1, ""job_request_time"": ""30s"", ""match_policy"": ""first"", ""n_jobs"": 500, ""problem_class"": ""B"", ""queue_depth"": 32, ""queue_policy"": ""fcfs"", ""reservation_depth"": 64, ""workload"": ""babelstream""}}}, ""system"": {""cpu_affinity"": true, ""flux_time_limit"": ""7m"", ""max_cores_per_node"": 112, ""max_gpus_per_node"": 0, ""queue"": ""pbatch"", ""slurm_time_limit"": ""00:07:00"", ""sys_nodes"": 1}}",4,dane/SW_M
9d0bad0900,"{""config"": {""instance_level"": {""0"": {""match_policy"": ""first"", ""queue_depth"": 32, ""queue_policy"": ""fcfs"", ""reservation_depth"": 64}, ""1"": {""job_request_cores_per_task"": 1, ""job_request_gpus_per_task"": 0, ""job_request_nodes"": 1, ""job_request_ntasks_per_node"": 1, ""job_request_time"": ""30s"", ""match_policy"": ""low"", ""n_jobs"": 500, ""problem_class"": ""B"", ""queue_depth"": 32, ""queue_policy"": ""hybrid"", ""reservation_depth"": 64, ""workload"": ""babelstream""}, ""2"": {""job_request_cores_per_task"": 1, ""job_request_gpus_per_task"": 0, ""job_request_nodes"": 1, ""job_request_ntasks_per_node"": 1, ""job_request_time"": ""30s"", ""match_policy"": ""first"", ""n_jobs"": 500, ""problem_class"": ""B"", ""queue_depth"": 32, ""queue_policy"": ""fcfs"", ""reservation_depth"": 64, ""workload"": ""babelstream""}}}, ""system"": {""cpu_affinity"": true, ""flux_time_limit"": ""7m"", ""max_cores_per_node"": 112, ""max_gpus_per_node"": 0, ""queue"": ""pbatch"", ""slurm_time_limit"": ""00:07:00"", ""sys_nodes"": 1}}",5,dane/SW_M
102096fd4d,"{""config"": {""instance_level"": {""0"": {""match_policy"": ""first"", ""queue_depth"": 32, ""queue_policy"": ""fcfs"", ""reservation_depth"": 64}, ""1"": {""job_request_cores_per_task"": 1, ""job_request_gpus_per_task"": 0, ""job_request_nodes"": 1, ""job_request_ntasks_per_node"": 1, ""job_request_time"": ""30s"", ""match_policy"": ""low"", ""n_jobs"": 500, ""problem_class"": ""B"", ""queue_depth"": 32, ""queue_policy"": ""hybrid"", ""reservation_depth"": 64, ""workload"": ""babelstream""}, ""2"": {""job_request_cores_per_task"": 1, ""job_request_gpus_per_task"": 0, ""job_request_nodes"": 1, ""job_request_ntasks_per_node"": 1, ""job_request_time"": ""30s"", ""match_policy"": ""first"", ""n_jobs"": 500, ""problem_class"": ""B"", ""queue_depth"": 32, ""queue_policy"": ""hybrid"", ""reservation_depth"": 64, ""workload"": ""babelstream""}}}, ""system"": {""cpu_affinity"": true, ""flux_time_limit"": ""7m"", ""max_cores_per_node"": 112, ""max_gpus_per_node"": 0, ""queue"": ""pbatch"", ""slurm_time_limit"": ""00:07:00"", ""sys_nodes"": 1}}",1,dane/SW_M
102096fd4d,"{""config"": {""instance_level"": {""0"": {""match_policy"": ""first"", ""queue_depth"": 32, ""queue_policy"": ""fcfs"", ""reservation_depth"": 64}, ""1"": {""job_request_cores_per_task"": 1, ""job_request_gpus_per_task"": 0, ""job_request_nodes"": 1, ""job_request_ntasks_per_node"": 1, ""job_request_time"": ""30s"", ""match_policy"": ""low"", ""n_jobs"": 500, ""problem_class"": ""B"", ""queue_depth"": 32, ""queue_policy"": ""hybrid"", ""reservation_depth"": 64, ""workload"": ""babelstream""}, ""2"": {""job_request_cores_per_task"": 1, ""job_request_gpus_per_task"": 0, ""job_request_nodes"": 1, ""job_request_ntasks_per_node"": 1, ""job_request_time"": ""30s"", ""match_policy"": ""first"", ""n_jobs"": 500, ""problem_class"": ""B"", ""queue_depth"": 32, ""queue_policy"": ""hybrid"", ""reservation_depth"": 64, ""workload"": ""babelstream""}}}, ""system"": {""cpu_affinity"": true, ""flux_time_limit"": ""7m"", ""max_cores_per_node"": 112, ""max_gpus_per_node"": 0, ""queue"": ""pbatch"", ""slurm_time_limit"": ""00:07:00"", ""sys_nodes"": 1}}",2,dane/SW_M
102096fd4d,"{""config"": {""instance_level"": {""0"": {""match_policy"": ""first"", ""queue_depth"": 32, ""queue_policy"": ""fcfs"", ""reservation_depth"": 64}, ""1"": {""job_request_cores_per_task"": 1, ""job_request_gpus_per_task"": 0, ""job_request_nodes"": 1, ""job_request_ntasks_per_node"": 1, ""job_request_time"": ""30s"", ""match_policy"": ""low"", ""n_jobs"": 500, ""problem_class"": ""B"", ""queue_depth"": 32, ""queue_policy"": ""hybrid"", ""reservation_depth"": 64, ""workload"": ""babelstream""}, ""2"": {""job_request_cores_per_task"": 1, ""job_request_gpus_per_task"": 0, ""job_request_nodes"": 1, ""job_request_ntasks_per_node"": 1, ""job_request_time"": ""30s"", ""match_policy"": ""first"", ""n_jobs"": 500, ""problem_class"": ""B"", ""queue_depth"": 32, ""queue_policy"": ""hybrid"", ""reservation_depth"": 64, ""workload"": ""babelstream""}}}, ""system"": {""cpu_affinity"": true, ""flux_time_limit"": ""7m"", ""max_cores_per_node"": 112, ""max_gpus_per_node"": 0, ""queue"": ""pbatch"", ""slurm_time_limit"": ""00:07:00"", ""sys_nodes"": 1}}",3,dane/SW_M
102096fd4d,"{""config"": {""instance_level"": {""0"": {""match_policy"": ""first"", ""queue_depth"": 32, ""queue_policy"": ""fcfs"", ""reservation_depth"": 64}, ""1"": {""job_request_cores_per_task"": 1, ""job_request_gpus_per_task"": 0, ""job_request_nodes"": 1, ""job_request_ntasks_per_node"": 1, ""job_request_time"": ""30s"", ""match_policy"": ""low"", ""n_jobs"": 500, ""problem_class"": ""B"", ""queue_depth"": 32, ""queue_policy"": ""hybrid"", ""reservation_depth"": 64, ""workload"": ""babelstream""}, ""2"": {""job_request_cores_per_task"": 1, ""job_request_gpus_per_task"": 0, ""job_request_nodes"": 1, ""job_request_ntasks_per_node"": 1, ""job_request_time"": ""30s"", ""match_policy"": ""first"", ""n_jobs"": 500, ""problem_class"": ""B"", ""queue_depth"": 32, ""queue_policy"": ""hybrid"", ""reservation_depth"": 64, ""workload"": ""babelstream""}}}, ""system"": {""cpu_affinity"": true, ""flux_time_limit"": ""7m"", ""max_cores_per_node"": 112, ""max_gpus_per_node"": 0, ""queue"": ""pbatch"", ""slurm_time_limit"": ""00:07:00"", ""sys_nodes"": 1}}",4,dane/SW_M
102096fd4d,"{""config"": {""instance_level"": {""0"": {""match_policy"": ""first"", ""queue_depth"": 32, ""queue_policy"": ""fcfs"", ""reservation_depth"": 64}, ""1"": {""job_request_cores_per_task"": 1, ""job_request_gpus_per_task"": 0, ""job_request_nodes"": 1, ""job_request_ntasks_per_node"": 1, ""job_request_time"": ""30s"", ""match_policy"": ""low"", ""n_jobs"": 500, ""problem_class"": ""B"", ""queue_depth"": 32, ""queue_policy"": ""hybrid"", ""reservation_depth"": 64, ""workload"": ""babelstream""}, ""2"": {""job_request_cores_per_task"": 1, ""job_request_gpus_per_task"": 0, ""job_request_nodes"": 1, ""job_request_ntasks_per_node"": 1, ""job_request_time"": ""30s"", ""match_policy"": ""first"", ""n_jobs"": 500, ""problem_class"": ""B"", ""queue_depth"": 32, ""queue_policy"": ""hybrid"", ""reservation_depth"": 64, ""workload"": ""babelstream""}}}, ""system"": {""cpu_affinity"": true, ""flux_time_limit"": ""7m"", ""max_cores_per_node"": 112, ""max_gpus_per_node"": 0, ""queue"": ""pbatch"", ""slurm_time_limit"": ""00:07:00"", ""sys_nodes"": 1}}",5,dane/SW_M
defcbf41b4,"{""config"": {""instance_level"": {""0"": {""match_policy"": ""first"", ""queue_depth"": 32, ""queue_policy"": ""fcfs"", ""reservation_depth"": 64}, ""1"": {""job_request_cores_per_task"": 1, ""job_request_gpus_per_task"": 0, ""job_request_nodes"": 1, ""job_request_ntasks_per_node"": 1, ""job_request_time"": ""30s"", ""match_policy"": ""low"", ""n_jobs"": 500, ""problem_class"": ""B"", ""queue_depth"": 32, ""queue_policy"": ""hybrid"", ""reservation_depth"": 64, ""workload"": ""babelstream""}, ""2"": {""job_request_cores_per_task"": 1, ""job_request_gpus_per_task"": 0, ""job_request_nodes"": 1, ""job_request_ntasks_per_node"": 1, ""job_request_time"": ""30s"", ""match_policy"": ""low"", ""n_jobs"": 500, ""problem_class"": ""B"", ""queue_depth"": 32, ""queue_policy"": ""fcfs"", ""reservation_depth"": 64, ""workload"": ""babelstream""}}}, ""system"": {""cpu_affinity"": true, ""flux_time_limit"": ""7m"", ""max_cores_per_node"": 112, ""max_gpus_per_node"": 0, ""queue"": ""pbatch"", ""slurm_time_limit"": ""00:07:00"", ""sys_nodes"": 1}}",1,dane/SW_M
defcbf41b4,"{""config"": {""instance_level"": {""0"": {""match_policy"": ""first"", ""queue_depth"": 32, ""queue_policy"": ""fcfs"", ""reservation_depth"": 64}, ""1"": {""job_request_cores_per_task"": 1, ""job_request_gpus_per_task"": 0, ""job_request_nodes"": 1, ""job_request_ntasks_per_node"": 1, ""job_request_time"": ""30s"", ""match_policy"": ""low"", ""n_jobs"": 500, ""problem_class"": ""B"", ""queue_depth"": 32, ""queue_policy"": ""hybrid"", ""reservation_depth"": 64, ""workload"": ""babelstream""}, ""2"": {""job_request_cores_per_task"": 1, ""job_request_gpus_per_task"": 0, ""job_request_nodes"": 1, ""job_request_ntasks_per_node"": 1, ""job_request_time"": ""30s"", ""match_policy"": ""low"", ""n_jobs"": 500, ""problem_class"": ""B"", ""queue_depth"": 32, ""queue_policy"": ""fcfs"", ""reservation_depth"": 64, ""workload"": ""babelstream""}}}, ""system"": {""cpu_affinity"": true, ""flux_time_limit"": ""7m"", ""max_cores_per_node"": 112, ""max_gpus_per_node"": 0, ""queue"": ""pbatch"", ""slurm_time_limit"": ""00:07:00"", ""sys_nodes"": 1}}",2,dane/SW_M
defcbf41b4,"{""config"": {""instance_level"": {""0"": {""match_policy"": ""first"", ""queue_depth"": 32, ""queue_policy"": ""fcfs"", ""reservation_depth"": 64}, ""1"": {""job_request_cores_per_task"": 1, ""job_request_gpus_per_task"": 0, ""job_request_nodes"": 1, ""job_request_ntasks_per_node"": 1, ""job_request_time"": ""30s"", ""match_policy"": ""low"", ""n_jobs"": 500, ""problem_class"": ""B"", ""queue_depth"": 32, ""queue_policy"": ""hybrid"", ""reservation_depth"": 64, ""workload"": ""babelstream""}, ""2"": {""job_request_cores_per_task"": 1, ""job_request_gpus_per_task"": 0, ""job_request_nodes"": 1, ""job_request_ntasks_per_node"": 1, ""job_request_time"": ""30s"", ""match_policy"": ""low"", ""n_jobs"": 500, ""problem_class"": ""B"", ""queue_depth"": 32, ""queue_policy"": ""fcfs"", ""reservation_depth"": 64, ""workload"": ""babelstream""}}}, ""system"": {""cpu_affinity"": true, ""flux_time_limit"": ""7m"", ""max_cores_per_node"": 112, ""max_gpus_per_node"": 0, ""queue"": ""pbatch"", ""slurm_time_limit"": ""00:07:00"", ""sys_nodes"": 1}}",3,dane/SW_M
defcbf41b4,"{""config"": {""instance_level"": {""0"": {""match_policy"": ""first"", ""queue_depth"": 32, ""queue_policy"": ""fcfs"", ""reservation_depth"": 64}, ""1"": {""job_request_cores_per_task"": 1, ""job_request_gpus_per_task"": 0, ""job_request_nodes"": 1, ""job_request_ntasks_per_node"": 1, ""job_request_time"": ""30s"", ""match_policy"": ""low"", ""n_jobs"": 500, ""problem_class"": ""B"", ""queue_depth"": 32, ""queue_policy"": ""hybrid"", ""reservation_depth"": 64, ""workload"": ""babelstream""}, ""2"": {""job_request_cores_per_task"": 1, ""job_request_gpus_per_task"": 0, ""job_request_nodes"": 1, ""job_request_ntasks_per_node"": 1, ""job_request_time"": ""30s"", ""match_policy"": ""low"", ""n_jobs"": 500, ""problem_class"": ""B"", ""queue_depth"": 32, ""queue_policy"": ""fcfs"", ""reservation_depth"": 64, ""workload"": ""babelstream""}}}, ""system"": {""cpu_affinity"": true, ""flux_time_limit"": ""7m"", ""max_cores_per_node"": 112, ""max_gpus_per_node"": 0, ""queue"": ""pbatch"", ""slurm_time_limit"": ""00:07:00"", ""sys_nodes"": 1}}",4,dane/SW_M
defcbf41b4,"{""config"": {""instance_level"": {""0"": {""match_policy"": ""first"", ""queue_depth"": 32, ""queue_policy"": ""fcfs"", ""reservation_depth"": 64}, ""1"": {""job_request_cores_per_task"": 1, ""job_request_gpus_per_task"": 0, ""job_request_nodes"": 1, ""job_request_ntasks_per_node"": 1, ""job_request_time"": ""30s"", ""match_policy"": ""low"", ""n_jobs"": 500, ""problem_class"": ""B"", ""queue_depth"": 32, ""queue_policy"": ""hybrid"", ""reservation_depth"": 64, ""workload"": ""babelstream""}, ""2"": {""job_request_cores_per_task"": 1, ""job_request_gpus_per_task"": 0, ""job_request_nodes"": 1, ""job_request_ntasks_per_node"": 1, ""job_request_time"": ""30s"", ""match_policy"": ""low"", ""n_jobs"": 500, ""problem_class"": ""B"", ""queue_depth"": 32, ""queue_policy"": ""fcfs"", ""reservation_depth"": 64, ""workload"": ""babelstream""}}}, ""system"": {""cpu_affinity"": true, ""flux_time_limit"": ""7m"", ""max_cores_per_node"": 112, ""max_gpus_per_node"": 0, ""queue"": ""pbatch"", ""slurm_time_limit"": ""00:07:00"", ""sys_nodes"": 1}}",5,dane/SW_M
8ae6076404,"{""config"": {""instance_level"": {""0"": {""match_policy"": ""first"", ""queue_depth"": 32, ""queue_policy"": ""fcfs"", ""reservation_depth"": 64}, ""1"": {""job_request_cores_per_task"": 1, ""job_request_gpus_per_task"": 0, ""job_request_nodes"": 1, ""job_request_ntasks_per_node"": 1, ""job_request_time"": ""30s"", ""match_policy"": ""low"", ""n_jobs"": 500, ""problem_class"": ""B"", ""queue_depth"": 32, ""queue_policy"": ""hybrid"", ""reservation_depth"": 64, ""workload"": ""babelstream""}, ""2"": {""job_request_cores_per_task"": 1, ""job_request_gpus_per_task"": 0, ""job_request_nodes"": 1, ""job_request_ntasks_per_node"": 1, ""job_request_time"": ""30s"", ""match_policy"": ""low"", ""n_jobs"": 500, ""problem_class"": ""B"", ""queue_depth"": 32, ""queue_policy"": ""hybrid"", ""reservation_depth"": 64, ""workload"": ""babelstream""}}}, ""system"": {""cpu_affinity"": true, ""flux_time_limit"": ""7m"", ""max_cores_per_node"": 112, ""max_gpus_per_node"": 0, ""queue"": ""pbatch"", ""slurm_time_limit"": ""00:07:00"", ""sys_nodes"": 1}}",1,dane/SW_M
8ae6076404,"{""config"": {""instance_level"": {""0"": {""match_policy"": ""first"", ""queue_depth"": 32, ""queue_policy"": ""fcfs"", ""reservation_depth"": 64}, ""1"": {""job_request_cores_per_task"": 1, ""job_request_gpus_per_task"": 0, ""job_request_nodes"": 1, ""job_request_ntasks_per_node"": 1, ""job_request_time"": ""30s"", ""match_policy"": ""low"", ""n_jobs"": 500, ""problem_class"": ""B"", ""queue_depth"": 32, ""queue_policy"": ""hybrid"", ""reservation_depth"": 64, ""workload"": ""babelstream""}, ""2"": {""job_request_cores_per_task"": 1, ""job_request_gpus_per_task"": 0, ""job_request_nodes"": 1, ""job_request_ntasks_per_node"": 1, ""job_request_time"": ""30s"", ""match_policy"": ""low"", ""n_jobs"": 500, ""problem_class"": ""B"", ""queue_depth"": 32, ""queue_policy"": ""hybrid"", ""reservation_depth"": 64, ""workload"": ""babelstream""}}}, ""system"": {""cpu_affinity"": true, ""flux_time_limit"": ""7m"", ""max_cores_per_node"": 112, ""max_gpus_per_node"": 0, ""queue"": ""pbatch"", ""slurm_time_limit"": ""00:07:00"", ""sys_nodes"": 1}}",2,dane/SW_M
8ae6076404,"{""config"": {""instance_level"": {""0"": {""match_policy"": ""first"", ""queue_depth"": 32, ""queue_policy"": ""fcfs"", ""reservation_depth"": 64}, ""1"": {""job_request_cores_per_task"": 1, ""job_request_gpus_per_task"": 0, ""job_request_nodes"": 1, ""job_request_ntasks_per_node"": 1, ""job_request_time"": ""30s"", ""match_policy"": ""low"", ""n_jobs"": 500, ""problem_class"": ""B"", ""queue_depth"": 32, ""queue_policy"": ""hybrid"", ""reservation_depth"": 64, ""workload"": ""babelstream""}, ""2"": {""job_request_cores_per_task"": 1, ""job_request_gpus_per_task"": 0, ""job_request_nodes"": 1, ""job_request_ntasks_per_node"": 1, ""job_request_time"": ""30s"", ""match_policy"": ""low"", ""n_jobs"": 500, ""problem_class"": ""B"", ""queue_depth"": 32, ""queue_policy"": ""hybrid"", ""reservation_depth"": 64, ""workload"": ""babelstream""}}}, ""system"": {""cpu_affinity"": true, ""flux_time_limit"": ""7m"", ""max_cores_per_node"": 112, ""max_gpus_per_node"": 0, ""queue"": ""pbatch"", ""slurm_time_limit"": ""00:07:00"", ""sys_nodes"": 1}}",3,dane/SW_M
8ae6076404,"{""config"": {""instance_level"": {""0"": {""match_policy"": ""first"", ""queue_depth"": 32, ""queue_policy"": ""fcfs"", ""reservation_depth"": 64}, ""1"": {""job_request_cores_per_task"": 1, ""job_request_gpus_per_task"": 0, ""job_request_nodes"": 1, ""job_request_ntasks_per_node"": 1, ""job_request_time"": ""30s"", ""match_policy"": ""low"", ""n_jobs"": 500, ""problem_class"": ""B"", ""queue_depth"": 32, ""queue_policy"": ""hybrid"", ""reservation_depth"": 64, ""workload"": ""babelstream""}, ""2"": {""job_request_cores_per_task"": 1, ""job_request_gpus_per_task"": 0, ""job_request_nodes"": 1, ""job_request_ntasks_per_node"": 1, ""job_request_time"": ""30s"", ""match_policy"": ""low"", ""n_jobs"": 500, ""problem_class"": ""B"", ""queue_depth"": 32, ""queue_policy"": ""hybrid"", ""reservation_depth"": 64, ""workload"": ""babelstream""}}}, ""system"": {""cpu_affinity"": true, ""flux_time_limit"": ""7m"", ""max_cores_per_node"": 112, ""max_gpus_per_node"": 0, ""queue"": ""pbatch"", ""slurm_time_limit"": ""00:07:00"", ""sys_nodes"": 1}}",4,dane/SW_M
8ae6076404,"{""config"": {""instance_level"": {""0"": {""match_policy"": ""first"", ""queue_depth"": 32, ""queue_policy"": ""fcfs"", ""reservation_depth"": 64}, ""1"": {""job_request_cores_per_task"": 1, ""job_request_gpus_per_task"": 0, ""job_request_nodes"": 1, ""job_request_ntasks_per_node"": 1, ""job_request_time"": ""30s"", ""match_policy"": ""low"", ""n_jobs"": 500, ""problem_class"": ""B"", ""queue_depth"": 32, ""queue_policy"": ""hybrid"", ""reservation_depth"": 64, ""workload"": ""babelstream""}, ""2"": {""job_request_cores_per_task"": 1, ""job_request_gpus_per_task"": 0, ""job_request_nodes"": 1, ""job_request_ntasks_per_node"": 1, ""job_request_time"": ""30s"", ""match_policy"": ""low"", ""n_jobs"": 500, ""problem_class"": ""B"", ""queue_depth"": 32, ""queue_policy"": ""hybrid"", ""reservation_depth"": 64, ""workload"": ""babelstream""}}}, ""system"": {""cpu_affinity"": true, ""flux_time_limit"": ""7m"", ""max_cores_per_node"": 112, ""max_gpus_per_node"": 0, ""queue"": ""pbatch"", ""slurm_time_limit"": ""00:07:00"", ""sys_nodes"": 1}}",5,dane/SW_M
07ddfee309,"{""config"": {""instance_level"": {""0"": {""match_policy"": ""first"", ""queue_depth"": 32, ""queue_policy"": ""fcfs"", ""reservation_depth"": 64}, ""1"": {""job_request_cores_per_task"": 1, ""job_request_gpus_per_task"": 0, ""job_request_nodes"": 1, ""job_request_ntasks_per_node"": 1, ""job_request_time"": ""30s"", ""match_policy"": ""low"", ""n_jobs"": 500, ""problem_class"": ""B"", ""queue_depth"": 32, ""queue_policy"": ""hybrid"", ""reservation_depth"": 64, ""workload"": ""raja-perf%Polybench_GEMM%Base_OpenMP""}, ""2"": {""job_request_cores_per_task"": 1, ""job_request_gpus_per_task"": 0, ""job_request_nodes"": 1, ""job_request_ntasks_per_node"": 1, ""job_request_time"": ""30s"", ""match_policy"": ""first"", ""n_jobs"": 500, ""problem_class"": ""B"", ""queue_depth"": 32, ""queue_policy"": ""fcfs"", ""reservation_depth"": 64, ""workload"": ""raja-perf%Polybench_GEMM%Base_OpenMP""}}}, ""system"": {""cpu_affinity"": true, ""flux_time_limit"": ""7m"", ""max_cores_per_node"": 112, ""max_gpus_per_node"": 0, ""queue"": ""pbatch"", ""slurm_time_limit"": ""00:07:00"", ""sys_nodes"": 1}}",1,dane/SW_M
07ddfee309,"{""config"": {""instance_level"": {""0"": {""match_policy"": ""first"", ""queue_depth"": 32, ""queue_policy"": ""fcfs"", ""reservation_depth"": 64}, ""1"": {""job_request_cores_per_task"": 1, ""job_request_gpus_per_task"": 0, ""job_request_nodes"": 1, ""job_request_ntasks_per_node"": 1, ""job_request_time"": ""30s"", ""match_policy"": ""low"", ""n_jobs"": 500, ""problem_class"": ""B"", ""queue_depth"": 32, ""queue_policy"": ""hybrid"", ""reservation_depth"": 64, ""workload"": ""raja-perf%Polybench_GEMM%Base_OpenMP""}, ""2"": {""job_request_cores_per_task"": 1, ""job_request_gpus_per_task"": 0, ""job_request_nodes"": 1, ""job_request_ntasks_per_node"": 1, ""job_request_time"": ""30s"", ""match_policy"": ""first"", ""n_jobs"": 500, ""problem_class"": ""B"", ""queue_depth"": 32, ""queue_policy"": ""fcfs"", ""reservation_depth"": 64, ""workload"": ""raja-perf%Polybench_GEMM%Base_OpenMP""}}}, ""system"": {""cpu_affinity"": true, ""flux_time_limit"": ""7m"", ""max_cores_per_node"": 112, ""max_gpus_per_node"": 0, ""queue"": ""pbatch"", ""slurm_time_limit"": ""00:07:00"", ""sys_nodes"": 1}}",2,dane/SW_M
07ddfee309,"{""config"": {""instance_level"": {""0"": {""match_policy"": ""first"", ""queue_depth"": 32, ""queue_policy"": ""fcfs"", ""reservation_depth"": 64}, ""1"": {""job_request_cores_per_task"": 1, ""job_request_gpus_per_task"": 0, ""job_request_nodes"": 1, ""job_request_ntasks_per_node"": 1, ""job_request_time"": ""30s"", ""match_policy"": ""low"", ""n_jobs"": 500, ""problem_class"": ""B"", ""queue_depth"": 32, ""queue_policy"": ""hybrid"", ""reservation_depth"": 64, ""workload"": ""raja-perf%Polybench_GEMM%Base_OpenMP""}, ""2"": {""job_request_cores_per_task"": 1, ""job_request_gpus_per_task"": 0, ""job_request_nodes"": 1, ""job_request_ntasks_per_node"": 1, ""job_request_time"": ""30s"", ""match_policy"": ""first"", ""n_jobs"": 500, ""problem_class"": ""B"", ""queue_depth"": 32, ""queue_policy"": ""fcfs"", ""reservation_depth"": 64, ""workload"": ""raja-perf%Polybench_GEMM%Base_OpenMP""}}}, ""system"": {""cpu_affinity"": true, ""flux_time_limit"": ""7m"", ""max_cores_per_node"": 112, ""max_gpus_per_node"": 0, ""queue"": ""pbatch"", ""slurm_time_limit"": ""00:07:00"", ""sys_nodes"": 1}}",3,dane/SW_M
07ddfee309,"{""config"": {""instance_level"": {""0"": {""match_policy"": ""first"", ""queue_depth"": 32, ""queue_policy"": ""fcfs"", ""reservation_depth"": 64}, ""1"": {""job_request_cores_per_task"": 1, ""job_request_gpus_per_task"": 0, ""job_request_nodes"": 1, ""job_request_ntasks_per_node"": 1, ""job_request_time"": ""30s"", ""match_policy"": ""low"", ""n_jobs"": 500, ""problem_class"": ""B"", ""queue_depth"": 32, ""queue_policy"": ""hybrid"", ""reservation_depth"": 64, ""workload"": ""raja-perf%Polybench_GEMM%Base_OpenMP""}, ""2"": {""job_request_cores_per_task"": 1, ""job_request_gpus_per_task"": 0, ""job_request_nodes"": 1, ""job_request_ntasks_per_node"": 1, ""job_request_time"": ""30s"", ""match_policy"": ""first"", ""n_jobs"": 500, ""problem_class"": ""B"", ""queue_depth"": 32, ""queue_policy"": ""fcfs"", ""reservation_depth"": 64, ""workload"": ""raja-perf%Polybench_GEMM%Base_OpenMP""}}}, ""system"": {""cpu_affinity"": true, ""flux_time_limit"": ""7m"", ""max_cores_per_node"": 112, ""max_gpus_per_node"": 0, ""queue"": ""pbatch"", ""slurm_time_limit"": ""00:07:00"", ""sys_nodes"": 1}}",4,dane/SW_M
07ddfee309,"{""config"": {""instance_level"": {""0"": {""match_policy"": ""first"", ""queue_depth"": 32, ""queue_policy"": ""fcfs"", ""reservation_depth"": 64}, ""1"": {""job_request_cores_per_task"": 1, ""job_request_gpus_per_task"": 0, ""job_request_nodes"": 1, ""job_request_ntasks_per_node"": 1, ""job_request_time"": ""30s"", ""match_policy"": ""low"", ""n_jobs"": 500, ""problem_class"": ""B"", ""queue_depth"": 32, ""queue_policy"": ""hybrid"", ""reservation_depth"": 64, ""workload"": ""raja-perf%Polybench_GEMM%Base_OpenMP""}, ""2"": {""job_request_cores_per_task"": 1, ""job_request_gpus_per_task"": 0, ""job_request_nodes"": 1, ""job_request_ntasks_per_node"": 1, ""job_request_time"": ""30s"", ""match_policy"": ""first"", ""n_jobs"": 500, ""problem_class"": ""B"", ""queue_depth"": 32, ""queue_policy"": ""fcfs"", ""reservation_depth"": 64, ""workload"": ""raja-perf%Polybench_GEMM%Base_OpenMP""}}}, ""system"": {""cpu_affinity"": true, ""flux_time_limit"": ""7m"", ""max_cores_per_node"": 112, ""max_gpus_per_node"": 0, ""queue"": ""pbatch"", ""slurm_time_limit"": ""00:07:00"", ""sys_nodes"": 1}}",5,dane/SW_M
5c694a2f52,"{""config"": {""instance_level"": {""0"": {""match_policy"": ""first"", ""queue_depth"": 32, ""queue_policy"": ""fcfs"", ""reservation_depth"": 64}, ""1"": {""job_request_cores_per_task"": 1, ""job_request_gpus_per_task"": 0, ""job_request_nodes"": 1, ""job_request_ntasks_per_node"": 1, ""job_request_time"": ""30s"", ""match_policy"": ""low"", ""n_jobs"": 500, ""problem_class"": ""B"", ""queue_depth"": 32, ""queue_policy"": ""hybrid"", ""reservation_depth"": 64, ""workload"": ""raja-perf%Polybench_GEMM%Base_OpenMP""}, ""2"": {""job_request_cores_per_task"": 1, ""job_request_gpus_per_task"": 0, ""job_request_nodes"": 1, ""job_request_ntasks_per_node"": 1, ""job_request_time"": ""30s"", ""match_policy"": ""first"", ""n_jobs"": 500, ""problem_class"": ""B"", ""queue_depth"": 32, ""queue_policy"": ""hybrid"", ""reservation_depth"": 64, ""workload"": ""raja-perf%Polybench_GEMM%Base_OpenMP""}}}, ""system"": {""cpu_affinity"": true, ""flux_time_limit"": ""7m"", ""max_cores_per_node"": 112, ""max_gpus_per_node"": 0, ""queue"": ""pbatch"", ""slurm_time_limit"": ""00:07:00"", ""sys_nodes"": 1}}",1,dane/SW_M
5c694a2f52,"{""config"": {""instance_level"": {""0"": {""match_policy"": ""first"", ""queue_depth"": 32, ""queue_policy"": ""fcfs"", ""reservation_depth"": 64}, ""1"": {""job_request_cores_per_task"": 1, ""job_request_gpus_per_task"": 0, ""job_request_nodes"": 1, ""job_request_ntasks_per_node"": 1, ""job_request_time"": ""30s"", ""match_policy"": ""low"", ""n_jobs"": 500, ""problem_class"": ""B"", ""queue_depth"": 32, ""queue_policy"": ""hybrid"", ""reservation_depth"": 64, ""workload"": ""raja-perf%Polybench_GEMM%Base_OpenMP""}, ""2"": {""job_request_cores_per_task"": 1, ""job_request_gpus_per_task"": 0, ""job_request_nodes"": 1, ""job_request_ntasks_per_node"": 1, ""job_request_time"": ""30s"", ""match_policy"": ""first"", ""n_jobs"": 500, ""problem_class"": ""B"", ""queue_depth"": 32, ""queue_policy"": ""hybrid"", ""reservation_depth"": 64, ""workload"": ""raja-perf%Polybench_GEMM%Base_OpenMP""}}}, ""system"": {""cpu_affinity"": true, ""flux_time_limit"": ""7m"", ""max_cores_per_node"": 112, ""max_gpus_per_node"": 0, ""queue"": ""pbatch"", ""slurm_time_limit"": ""00:07:00"", ""sys_nodes"": 1}}",2,dane/SW_M
5c694a2f52,"{""config"": {""instance_level"": {""0"": {""match_policy"": ""first"", ""queue_depth"": 32, ""queue_policy"": ""fcfs"", ""reservation_depth"": 64}, ""1"": {""job_request_cores_per_task"": 1, ""job_request_gpus_per_task"": 0, ""job_request_nodes"": 1, ""job_request_ntasks_per_node"": 1, ""job_request_time"": ""30s"", ""match_policy"": ""low"", ""n_jobs"": 500, ""problem_class"": ""B"", ""queue_depth"": 32, ""queue_policy"": ""hybrid"", ""reservation_depth"": 64, ""workload"": ""raja-perf%Polybench_GEMM%Base_OpenMP""}, ""2"": {""job_request_cores_per_task"": 1, ""job_request_gpus_per_task"": 0, ""job_request_nodes"": 1, ""job_request_ntasks_per_node"": 1, ""job_request_time"": ""30s"", ""match_policy"": ""first"", ""n_jobs"": 500, ""problem_class"": ""B"", ""queue_depth"": 32, ""queue_policy"": ""hybrid"", ""reservation_depth"": 64, ""workload"": ""raja-perf%Polybench_GEMM%Base_OpenMP""}}}, ""system"": {""cpu_affinity"": true, ""flux_time_limit"": ""7m"", ""max_cores_per_node"": 112, ""max_gpus_per_node"": 0, ""queue"": ""pbatch"", ""slurm_time_limit"": ""00:07:00"", ""sys_nodes"": 1}}",3,dane/SW_M
5c694a2f52,"{""config"": {""instance_level"": {""0"": {""match_policy"": ""first"", ""queue_depth"": 32, ""queue_policy"": ""fcfs"", ""reservation_depth"": 64}, ""1"": {""job_request_cores_per_task"": 1, ""job_request_gpus_per_task"": 0, ""job_request_nodes"": 1, ""job_request_ntasks_per_node"": 1, ""job_request_time"": ""30s"", ""match_policy"": ""low"", ""n_jobs"": 500, ""problem_class"": ""B"", ""queue_depth"": 32, ""queue_policy"": ""hybrid"", ""reservation_depth"": 64, ""workload"": ""raja-perf%Polybench_GEMM%Base_OpenMP""}, ""2"": {""job_request_cores_per_task"": 1, ""job_request_gpus_per_task"": 0, ""job_request_nodes"": 1, ""job_request_ntasks_per_node"": 1, ""job_request_time"": ""30s"", ""match_policy"": ""first"", ""n_jobs"": 500, ""problem_class"": ""B"", ""queue_depth"": 32, ""queue_policy"": ""hybrid"", ""reservation_depth"": 64, ""workload"": ""raja-perf%Polybench_GEMM%Base_OpenMP""}}}, ""system"": {""cpu_affinity"": true, ""flux_time_limit"": ""7m"", ""max_cores_per_node"": 112, ""max_gpus_per_node"": 0, ""queue"": ""pbatch"", ""slurm_time_limit"": ""00:07:00"", ""sys_nodes"": 1}}",4,dane/SW_M
5c694a2f52,"{""config"": {""instance_level"": {""0"": {""match_policy"": ""first"", ""queue_depth"": 32, ""queue_policy"": ""fcfs"", ""reservation_depth"": 64}, ""1"": {""job_request_cores_per_task"": 1, ""job_request_gpus_per_task"": 0, ""job_request_nodes"": 1, ""job_request_ntasks_per_node"": 1, ""job_request_time"": ""30s"", ""match_policy"": ""low"", ""n_jobs"": 500, ""problem_class"": ""B"", ""queue_depth"": 32, ""queue_policy"": ""hybrid"", ""reservation_depth"": 64, ""workload"": ""raja-perf%Polybench_GEMM%Base_OpenMP""}, ""2"": {""job_request_cores_per_task"": 1, ""job_request_gpus_per_task"": 0, ""job_request_nodes"": 1, ""job_request_ntasks_per_node"": 1, ""job_request_time"": ""30s"", ""match_policy"": ""first"", ""n_jobs"": 500, ""problem_class"": ""B"", ""queue_depth"": 32, ""queue_policy"": ""hybrid"", ""reservation_depth"": 64, ""workload"": ""raja-perf%Polybench_GEMM%Base_OpenMP""}}}, ""system"": {""cpu_affinity"": true, ""flux_time_limit"": ""7m"", ""max_cores_per_node"": 112, ""max_gpus_per_node"": 0, ""queue"": ""pbatch"", ""slurm_time_limit"": ""00:07:00"", ""sys_nodes"": 1}}",5,dane/SW_M
2239ef52ee,"{""config"": {""instance_level"": {""0"": {""match_policy"": ""first"", ""queue_depth"": 32, ""queue_policy"": ""fcfs"", ""reservation_depth"": 64}, ""1"": {""job_request_cores_per_task"": 1, ""job_request_gpus_per_task"": 0, ""job_request_nodes"": 1, ""job_request_ntasks_per_node"": 1, ""job_request_time"": ""30s"", ""match_policy"": ""low"", ""n_jobs"": 500, ""problem_class"": ""B"", ""queue_depth"": 32, ""queue_policy"": ""hybrid"", ""reservation_depth"": 64, ""workload"": ""raja-perf%Polybench_GEMM%Base_OpenMP""}, ""2"": {""job_request_cores_per_task"": 1, ""job_request_gpus_per_task"": 0, ""job_request_nodes"": 1, ""job_request_ntasks_per_node"": 1, ""job_request_time"": ""30s"", ""match_policy"": ""low"", ""n_jobs"": 500, ""problem_class"": ""B"", ""queue_depth"": 32, ""queue_policy"": ""fcfs"", ""reservation_depth"": 64, ""workload"": ""raja-perf%Polybench_GEMM%Base_OpenMP""}}}, ""system"": {""cpu_affinity"": true, ""flux_time_limit"": ""7m"", ""max_cores_per_node"": 112, ""max_gpus_per_node"": 0, ""queue"": ""pbatch"", ""slurm_time_limit"": ""00:07:00"", ""sys_nodes"": 1}}",1,dane/SW_M
2239ef52ee,"{""config"": {""instance_level"": {""0"": {""match_policy"": ""first"", ""queue_depth"": 32, ""queue_policy"": ""fcfs"", ""reservation_depth"": 64}, ""1"": {""job_request_cores_per_task"": 1, ""job_request_gpus_per_task"": 0, ""job_request_nodes"": 1, ""job_request_ntasks_per_node"": 1, ""job_request_time"": ""30s"", ""match_policy"": ""low"", ""n_jobs"": 500, ""problem_class"": ""B"", ""queue_depth"": 32, ""queue_policy"": ""hybrid"", ""reservation_depth"": 64, ""workload"": ""raja-perf%Polybench_GEMM%Base_OpenMP""}, ""2"": {""job_request_cores_per_task"": 1, ""job_request_gpus_per_task"": 0, ""job_request_nodes"": 1, ""job_request_ntasks_per_node"": 1, ""job_request_time"": ""30s"", ""match_policy"": ""low"", ""n_jobs"": 500, ""problem_class"": ""B"", ""queue_depth"": 32, ""queue_policy"": ""fcfs"", ""reservation_depth"": 64, ""workload"": ""raja-perf%Polybench_GEMM%Base_OpenMP""}}}, ""system"": {""cpu_affinity"": true, ""flux_time_limit"": ""7m"", ""max_cores_per_node"": 112, ""max_gpus_per_node"": 0, ""queue"": ""pbatch"", ""slurm_time_limit"": ""00:07:00"", ""sys_nodes"": 1}}",2,dane/SW_M
2239ef52ee,"{""config"": {""instance_level"": {""0"": {""match_policy"": ""first"", ""queue_depth"": 32, ""queue_policy"": ""fcfs"", ""reservation_depth"": 64}, ""1"": {""job_request_cores_per_task"": 1, ""job_request_gpus_per_task"": 0, ""job_request_nodes"": 1, ""job_request_ntasks_per_node"": 1, ""job_request_time"": ""30s"", ""match_policy"": ""low"", ""n_jobs"": 500, ""problem_class"": ""B"", ""queue_depth"": 32, ""queue_policy"": ""hybrid"", ""reservation_depth"": 64, ""workload"": ""raja-perf%Polybench_GEMM%Base_OpenMP""}, ""2"": {""job_request_cores_per_task"": 1, ""job_request_gpus_per_task"": 0, ""job_request_nodes"": 1, ""job_request_ntasks_per_node"": 1, ""job_request_time"": ""30s"", ""match_policy"": ""low"", ""n_jobs"": 500, ""problem_class"": ""B"", ""queue_depth"": 32, ""queue_policy"": ""fcfs"", ""reservation_depth"": 64, ""workload"": ""raja-perf%Polybench_GEMM%Base_OpenMP""}}}, ""system"": {""cpu_affinity"": true, ""flux_time_limit"": ""7m"", ""max_cores_per_node"": 112, ""max_gpus_per_node"": 0, ""queue"": ""pbatch"", ""slurm_time_limit"": ""00:07:00"", ""sys_nodes"": 1}}",3,dane/SW_M
2239ef52ee,"{""config"": {""instance_level"": {""0"": {""match_policy"": ""first"", ""queue_depth"": 32, ""queue_policy"": ""fcfs"", ""reservation_depth"": 64}, ""1"": {""job_request_cores_per_task"": 1, ""job_request_gpus_per_task"": 0, ""job_request_nodes"": 1, ""job_request_ntasks_per_node"": 1, ""job_request_time"": ""30s"", ""match_policy"": ""low"", ""n_jobs"": 500, ""problem_class"": ""B"", ""queue_depth"": 32, ""queue_policy"": ""hybrid"", ""reservation_depth"": 64, ""workload"": ""raja-perf%Polybench_GEMM%Base_OpenMP""}, ""2"": {""job_request_cores_per_task"": 1, ""job_request_gpus_per_task"": 0, ""job_request_nodes"": 1, ""job_request_ntasks_per_node"": 1, ""job_request_time"": ""30s"", ""match_policy"": ""low"", ""n_jobs"": 500, ""problem_class"": ""B"", ""queue_depth"": 32, ""queue_policy"": ""fcfs"", ""reservation_depth"": 64, ""workload"": ""raja-perf%Polybench_GEMM%Base_OpenMP""}}}, ""system"": {""cpu_affinity"": true, ""flux_time_limit"": ""7m"", ""max_cores_per_node"": 112, ""max_gpus_per_node"": 0, ""queue"": ""pbatch"", ""slurm_time_limit"": ""00:07:00"", ""sys_nodes"": 1}}",4,dane/SW_M
2239ef52ee,"{""config"": {""instance_level"": {""0"": {""match_policy"": ""first"", ""queue_depth"": 32, ""queue_policy"": ""fcfs"", ""reservation_depth"": 64}, ""1"": {""job_request_cores_per_task"": 1, ""job_request_gpus_per_task"": 0, ""job_request_nodes"": 1, ""job_request_ntasks_per_node"": 1, ""job_request_time"": ""30s"", ""match_policy"": ""low"", ""n_jobs"": 500, ""problem_class"": ""B"", ""queue_depth"": 32, ""queue_policy"": ""hybrid"", ""reservation_depth"": 64, ""workload"": ""raja-perf%Polybench_GEMM%Base_OpenMP""}, ""2"": {""job_request_cores_per_task"": 1, ""job_request_gpus_per_task"": 0, ""job_request_nodes"": 1, ""job_request_ntasks_per_node"": 1, ""job_request_time"": ""30s"", ""match_policy"": ""low"", ""n_jobs"": 500, ""problem_class"": ""B"", ""queue_depth"": 32, ""queue_policy"": ""fcfs"", ""reservation_depth"": 64, ""workload"": ""raja-perf%Polybench_GEMM%Base_OpenMP""}}}, ""system"": {""cpu_affinity"": true, ""flux_time_limit"": ""7m"", ""max_cores_per_node"": 112, ""max_gpus_per_node"": 0, ""queue"": ""pbatch"", ""slurm_time_limit"": ""00:07:00"", ""sys_nodes"": 1}}",5,dane/SW_M
5fe7f3a3e5,"{""config"": {""instance_level"": {""0"": {""match_policy"": ""first"", ""queue_depth"": 32, ""queue_policy"": ""fcfs"", ""reservation_depth"": 64}, ""1"": {""job_request_cores_per_task"": 1, ""job_request_gpus_per_task"": 0, ""job_request_nodes"": 1, ""job_request_ntasks_per_node"": 1, ""job_request_time"": ""30s"", ""match_policy"": ""low"", ""n_jobs"": 500, ""problem_class"": ""B"", ""queue_depth"": 32, ""queue_policy"": ""hybrid"", ""reservation_depth"": 64, ""workload"": ""raja-perf%Polybench_GEMM%Base_OpenMP""}, ""2"": {""job_request_cores_per_task"": 1, ""job_request_gpus_per_task"": 0, ""job_request_nodes"": 1, ""job_request_ntasks_per_node"": 1, ""job_request_time"": ""30s"", ""match_policy"": ""low"", ""n_jobs"": 500, ""problem_class"": ""B"", ""queue_depth"": 32, ""queue_policy"": ""hybrid"", ""reservation_depth"": 64, ""workload"": ""raja-perf%Polybench_GEMM%Base_OpenMP""}}}, ""system"": {""cpu_affinity"": true, ""flux_time_limit"": ""7m"", ""max_cores_per_node"": 112, ""max_gpus_per_node"": 0, ""queue"": ""pbatch"", ""slurm_time_limit"": ""00:07:00"", ""sys_nodes"": 1}}",1,dane/SW_M
5fe7f3a3e5,"{""config"": {""instance_level"": {""0"": {""match_policy"": ""first"", ""queue_depth"": 32, ""queue_policy"": ""fcfs"", ""reservation_depth"": 64}, ""1"": {""job_request_cores_per_task"": 1, ""job_request_gpus_per_task"": 0, ""job_request_nodes"": 1, ""job_request_ntasks_per_node"": 1, ""job_request_time"": ""30s"", ""match_policy"": ""low"", ""n_jobs"": 500, ""problem_class"": ""B"", ""queue_depth"": 32, ""queue_policy"": ""hybrid"", ""reservation_depth"": 64, ""workload"": ""raja-perf%Polybench_GEMM%Base_OpenMP""}, ""2"": {""job_request_cores_per_task"": 1, ""job_request_gpus_per_task"": 0, ""job_request_nodes"": 1, ""job_request_ntasks_per_node"": 1, ""job_request_time"": ""30s"", ""match_policy"": ""low"", ""n_jobs"": 500, ""problem_class"": ""B"", ""queue_depth"": 32, ""queue_policy"": ""hybrid"", ""reservation_depth"": 64, ""workload"": ""raja-perf%Polybench_GEMM%Base_OpenMP""}}}, ""system"": {""cpu_affinity"": true, ""flux_time_limit"": ""7m"", ""max_cores_per_node"": 112, ""max_gpus_per_node"": 0, ""queue"": ""pbatch"", ""slurm_time_limit"": ""00:07:00"", ""sys_nodes"": 1}}",2,dane/SW_M
5fe7f3a3e5,"{""config"": {""instance_level"": {""0"": {""match_policy"": ""first"", ""queue_depth"": 32, ""queue_policy"": ""fcfs"", ""reservation_depth"": 64}, ""1"": {""job_request_cores_per_task"": 1, ""job_request_gpus_per_task"": 0, ""job_request_nodes"": 1, ""job_request_ntasks_per_node"": 1, ""job_request_time"": ""30s"", ""match_policy"": ""low"", ""n_jobs"": 500, ""problem_class"": ""B"", ""queue_depth"": 32, ""queue_policy"": ""hybrid"", ""reservation_depth"": 64, ""workload"": ""raja-perf%Polybench_GEMM%Base_OpenMP""}, ""2"": {""job_request_cores_per_task"": 1, ""job_request_gpus_per_task"": 0, ""job_request_nodes"": 1, ""job_request_ntasks_per_node"": 1, ""job_request_time"": ""30s"", ""match_policy"": ""low"", ""n_jobs"": 500, ""problem_class"": ""B"", ""queue_depth"": 32, ""queue_policy"": ""hybrid"", ""reservation_depth"": 64, ""workload"": ""raja-perf%Polybench_GEMM%Base_OpenMP""}}}, ""system"": {""cpu_affinity"": true, ""flux_time_limit"": ""7m"", ""max_cores_per_node"": 112, ""max_gpus_per_node"": 0, ""queue"": ""pbatch"", ""slurm_time_limit"": ""00:07:00"", ""sys_nodes"": 1}}",3,dane/SW_M
5fe7f3a3e5,"{""config"": {""instance_level"": {""0"": {""match_policy"": ""first"", ""queue_depth"": 32, ""queue_policy"": ""fcfs"", ""reservation_depth"": 64}, ""1"": {""job_request_cores_per_task"": 1, ""job_request_gpus_per_task"": 0, ""job_request_nodes"": 1, ""job_request_ntasks_per_node"": 1, ""job_request_time"": ""30s"", ""match_policy"": ""low"", ""n_jobs"": 500, ""problem_class"": ""B"", ""queue_depth"": 32, ""queue_policy"": ""hybrid"", ""reservation_depth"": 64, ""workload"": ""raja-perf%Polybench_GEMM%Base_OpenMP""}, ""2"": {""job_request_cores_per_task"": 1, ""job_request_gpus_per_task"": 0, ""job_request_nodes"": 1, ""job_request_ntasks_per_node"": 1, ""job_request_time"": ""30s"", ""match_policy"": ""low"", ""n_jobs"": 500, ""problem_class"": ""B"", ""queue_depth"": 32, ""queue_policy"": ""hybrid"", ""reservation_depth"": 64, ""workload"": ""raja-perf%Polybench_GEMM%Base_OpenMP""}}}, ""system"": {""cpu_affinity"": true, ""flux_time_limit"": ""7m"", ""max_cores_per_node"": 112, ""max_gpus_per_node"": 0, ""queue"": ""pbatch"", ""slurm_time_limit"": ""00:07:00"", ""sys_nodes"": 1}}",4,dane/SW_M
5fe7f3a3e5,"{""config"": {""instance_level"": {""0"": {""match_policy"": ""first"", ""queue_depth"": 32, ""queue_policy"": ""fcfs"", ""reservation_depth"": 64}, ""1"": {""job_request_cores_per_task"": 1, ""job_request_gpus_per_task"": 0, ""job_request_nodes"": 1, ""job_request_ntasks_per_node"": 1, ""job_request_time"": ""30s"", ""match_policy"": ""low"", ""n_jobs"": 500, ""problem_class"": ""B"", ""queue_depth"": 32, ""queue_policy"": ""hybrid"", ""reservation_depth"": 64, ""workload"": ""raja-perf%Polybench_GEMM%Base_OpenMP""}, ""2"": {""job_request_cores_per_task"": 1, ""job_request_gpus_per_task"": 0, ""job_request_nodes"": 1, ""job_request_ntasks_per_node"": 1, ""job_request_time"": ""30s"", ""match_policy"": ""low"", ""n_jobs"": 500, ""problem_class"": ""B"", ""queue_depth"": 32, ""queue_policy"": ""hybrid"", ""reservation_depth"": 64, ""workload"": ""raja-perf%Polybench_GEMM%Base_OpenMP""}}}, ""system"": {""cpu_affinity"": true, ""flux_time_limit"": ""7m"", ""max_cores_per_node"": 112, ""max_gpus_per_node"": 0, ""queue"": ""pbatch"", ""slurm_time_limit"": ""00:07:00"", ""sys_nodes"": 1}}",5,dane/SW_M
