hash,config,rep,experiment_subdir
b0b935f4ca,"{""config"": {""instance_level"": {""0"": {""match_policy"": ""first"", ""queue_depth"": 32, ""queue_policy"": ""fcfs"", ""reservation_depth"": 64}, ""1"": {""job_request_cores_per_task"": 24, ""job_request_gpus_per_task"": 1, ""job_request_nodes"": 1, ""job_request_ntasks_per_node"": 1, ""job_request_time"": ""30s"", ""match_policy"": ""first"", ""n_jobs"": 20, ""problem_class"": ""B"", ""queue_depth"": 32, ""queue_policy"": ""fcfs"", ""reservation_depth"": 64, ""workload"": ""babelstream""}, ""2"": {""job_request_cores_per_task"": 24, ""job_request_gpus_per_task"": 1, ""job_request_nodes"": 1, ""job_request_ntasks_per_node"": 1, ""job_request_time"": ""30s"", ""match_policy"": ""first"", ""n_jobs"": 20, ""problem_class"": ""B"", ""queue_depth"": 32, ""queue_policy"": ""fcfs"", ""reservation_depth"": 64, ""workload"": ""babelstream""}}}, ""system"": {""cpu_affinity"": true, ""flux_time_limit"": ""6m"", ""max_cores_per_node"": 96, ""max_gpus_per_node"": 4, ""queue"": ""pbatch"", ""slurm_time_limit"": ""00:06:00"", ""sys_nodes"": 1}}",1,tuolumne/SW_M
b0b935f4ca,"{""config"": {""instance_level"": {""0"": {""match_policy"": ""first"", ""queue_depth"": 32, ""queue_policy"": ""fcfs"", ""reservation_depth"": 64}, ""1"": {""job_request_cores_per_task"": 24, ""job_request_gpus_per_task"": 1, ""job_request_nodes"": 1, ""job_request_ntasks_per_node"": 1, ""job_request_time"": ""30s"", ""match_policy"": ""first"", ""n_jobs"": 20, ""problem_class"": ""B"", ""queue_depth"": 32, ""queue_policy"": ""fcfs"", ""reservation_depth"": 64, ""workload"": ""babelstream""}, ""2"": {""job_request_cores_per_task"": 24, ""job_request_gpus_per_task"": 1, ""job_request_nodes"": 1, ""job_request_ntasks_per_node"": 1, ""job_request_time"": ""30s"", ""match_policy"": ""first"", ""n_jobs"": 20, ""problem_class"": ""B"", ""queue_depth"": 32, ""queue_policy"": ""fcfs"", ""reservation_depth"": 64, ""workload"": ""babelstream""}}}, ""system"": {""cpu_affinity"": true, ""flux_time_limit"": ""6m"", ""max_cores_per_node"": 96, ""max_gpus_per_node"": 4, ""queue"": ""pbatch"", ""slurm_time_limit"": ""00:06:00"", ""sys_nodes"": 1}}",2,tuolumne/SW_M
b0b935f4ca,"{""config"": {""instance_level"": {""0"": {""match_policy"": ""first"", ""queue_depth"": 32, ""queue_policy"": ""fcfs"", ""reservation_depth"": 64}, ""1"": {""job_request_cores_per_task"": 24, ""job_request_gpus_per_task"": 1, ""job_request_nodes"": 1, ""job_request_ntasks_per_node"": 1, ""job_request_time"": ""30s"", ""match_policy"": ""first"", ""n_jobs"": 20, ""problem_class"": ""B"", ""queue_depth"": 32, ""queue_policy"": ""fcfs"", ""reservation_depth"": 64, ""workload"": ""babelstream""}, ""2"": {""job_request_cores_per_task"": 24, ""job_request_gpus_per_task"": 1, ""job_request_nodes"": 1, ""job_request_ntasks_per_node"": 1, ""job_request_time"": ""30s"", ""match_policy"": ""first"", ""n_jobs"": 20, ""problem_class"": ""B"", ""queue_depth"": 32, ""queue_policy"": ""fcfs"", ""reservation_depth"": 64, ""workload"": ""babelstream""}}}, ""system"": {""cpu_affinity"": true, ""flux_time_limit"": ""6m"", ""max_cores_per_node"": 96, ""max_gpus_per_node"": 4, ""queue"": ""pbatch"", ""slurm_time_limit"": ""00:06:00"", ""sys_nodes"": 1}}",3,tuolumne/SW_M
b0b935f4ca,"{""config"": {""instance_level"": {""0"": {""match_policy"": ""first"", ""queue_depth"": 32, ""queue_policy"": ""fcfs"", ""reservation_depth"": 64}, ""1"": {""job_request_cores_per_task"": 24, ""job_request_gpus_per_task"": 1, ""job_request_nodes"": 1, ""job_request_ntasks_per_node"": 1, ""job_request_time"": ""30s"", ""match_policy"": ""first"", ""n_jobs"": 20, ""problem_class"": ""B"", ""queue_depth"": 32, ""queue_policy"": ""fcfs"", ""reservation_depth"": 64, ""workload"": ""babelstream""}, ""2"": {""job_request_cores_per_task"": 24, ""job_request_gpus_per_task"": 1, ""job_request_nodes"": 1, ""job_request_ntasks_per_node"": 1, ""job_request_time"": ""30s"", ""match_policy"": ""first"", ""n_jobs"": 20, ""problem_class"": ""B"", ""queue_depth"": 32, ""queue_policy"": ""fcfs"", ""reservation_depth"": 64, ""workload"": ""babelstream""}}}, ""system"": {""cpu_affinity"": true, ""flux_time_limit"": ""6m"", ""max_cores_per_node"": 96, ""max_gpus_per_node"": 4, ""queue"": ""pbatch"", ""slurm_time_limit"": ""00:06:00"", ""sys_nodes"": 1}}",4,tuolumne/SW_M
b0b935f4ca,"{""config"": {""instance_level"": {""0"": {""match_policy"": ""first"", ""queue_depth"": 32, ""queue_policy"": ""fcfs"", ""reservation_depth"": 64}, ""1"": {""job_request_cores_per_task"": 24, ""job_request_gpus_per_task"": 1, ""job_request_nodes"": 1, ""job_request_ntasks_per_node"": 1, ""job_request_time"": ""30s"", ""match_policy"": ""first"", ""n_jobs"": 20, ""problem_class"": ""B"", ""queue_depth"": 32, ""queue_policy"": ""fcfs"", ""reservation_depth"": 64, ""workload"": ""babelstream""}, ""2"": {""job_request_cores_per_task"": 24, ""job_request_gpus_per_task"": 1, ""job_request_nodes"": 1, ""job_request_ntasks_per_node"": 1, ""job_request_time"": ""30s"", ""match_policy"": ""first"", ""n_jobs"": 20, ""problem_class"": ""B"", ""queue_depth"": 32, ""queue_policy"": ""fcfs"", ""reservation_depth"": 64, ""workload"": ""babelstream""}}}, ""system"": {""cpu_affinity"": true, ""flux_time_limit"": ""6m"", ""max_cores_per_node"": 96, ""max_gpus_per_node"": 4, ""queue"": ""pbatch"", ""slurm_time_limit"": ""00:06:00"", ""sys_nodes"": 1}}",5,tuolumne/SW_M
cad18b9781,"{""config"": {""instance_level"": {""0"": {""match_policy"": ""first"", ""queue_depth"": 32, ""queue_policy"": ""fcfs"", ""reservation_depth"": 64}, ""1"": {""job_request_cores_per_task"": 24, ""job_request_gpus_per_task"": 1, ""job_request_nodes"": 1, ""job_request_ntasks_per_node"": 1, ""job_request_time"": ""30s"", ""match_policy"": ""first"", ""n_jobs"": 20, ""problem_class"": ""B"", ""queue_depth"": 32, ""queue_policy"": ""fcfs"", ""reservation_depth"": 64, ""workload"": ""babelstream""}, ""2"": {""job_request_cores_per_task"": 24, ""job_request_gpus_per_task"": 1, ""job_request_nodes"": 1, ""job_request_ntasks_per_node"": 1, ""job_request_time"": ""30s"", ""match_policy"": ""first"", ""n_jobs"": 20, ""problem_class"": ""B"", ""queue_depth"": 32, ""queue_policy"": ""hybrid"", ""reservation_depth"": 64, ""workload"": ""babelstream""}}}, ""system"": {""cpu_affinity"": true, ""flux_time_limit"": ""6m"", ""max_cores_per_node"": 96, ""max_gpus_per_node"": 4, ""queue"": ""pbatch"", ""slurm_time_limit"": ""00:06:00"", ""sys_nodes"": 1}}",1,tuolumne/SW_M
cad18b9781,"{""config"": {""instance_level"": {""0"": {""match_policy"": ""first"", ""queue_depth"": 32, ""queue_policy"": ""fcfs"", ""reservation_depth"": 64}, ""1"": {""job_request_cores_per_task"": 24, ""job_request_gpus_per_task"": 1, ""job_request_nodes"": 1, ""job_request_ntasks_per_node"": 1, ""job_request_time"": ""30s"", ""match_policy"": ""first"", ""n_jobs"": 20, ""problem_class"": ""B"", ""queue_depth"": 32, ""queue_policy"": ""fcfs"", ""reservation_depth"": 64, ""workload"": ""babelstream""}, ""2"": {""job_request_cores_per_task"": 24, ""job_request_gpus_per_task"": 1, ""job_request_nodes"": 1, ""job_request_ntasks_per_node"": 1, ""job_request_time"": ""30s"", ""match_policy"": ""first"", ""n_jobs"": 20, ""problem_class"": ""B"", ""queue_depth"": 32, ""queue_policy"": ""hybrid"", ""reservation_depth"": 64, ""workload"": ""babelstream""}}}, ""system"": {""cpu_affinity"": true, ""flux_time_limit"": ""6m"", ""max_cores_per_node"": 96, ""max_gpus_per_node"": 4, ""queue"": ""pbatch"", ""slurm_time_limit"": ""00:06:00"", ""sys_nodes"": 1}}",2,tuolumne/SW_M
cad18b9781,"{""config"": {""instance_level"": {""0"": {""match_policy"": ""first"", ""queue_depth"": 32, ""queue_policy"": ""fcfs"", ""reservation_depth"": 64}, ""1"": {""job_request_cores_per_task"": 24, ""job_request_gpus_per_task"": 1, ""job_request_nodes"": 1, ""job_request_ntasks_per_node"": 1, ""job_request_time"": ""30s"", ""match_policy"": ""first"", ""n_jobs"": 20, ""problem_class"": ""B"", ""queue_depth"": 32, ""queue_policy"": ""fcfs"", ""reservation_depth"": 64, ""workload"": ""babelstream""}, ""2"": {""job_request_cores_per_task"": 24, ""job_request_gpus_per_task"": 1, ""job_request_nodes"": 1, ""job_request_ntasks_per_node"": 1, ""job_request_time"": ""30s"", ""match_policy"": ""first"", ""n_jobs"": 20, ""problem_class"": ""B"", ""queue_depth"": 32, ""queue_policy"": ""hybrid"", ""reservation_depth"": 64, ""workload"": ""babelstream""}}}, ""system"": {""cpu_affinity"": true, ""flux_time_limit"": ""6m"", ""max_cores_per_node"": 96, ""max_gpus_per_node"": 4, ""queue"": ""pbatch"", ""slurm_time_limit"": ""00:06:00"", ""sys_nodes"": 1}}",3,tuolumne/SW_M
cad18b9781,"{""config"": {""instance_level"": {""0"": {""match_policy"": ""first"", ""queue_depth"": 32, ""queue_policy"": ""fcfs"", ""reservation_depth"": 64}, ""1"": {""job_request_cores_per_task"": 24, ""job_request_gpus_per_task"": 1, ""job_request_nodes"": 1, ""job_request_ntasks_per_node"": 1, ""job_request_time"": ""30s"", ""match_policy"": ""first"", ""n_jobs"": 20, ""problem_class"": ""B"", ""queue_depth"": 32, ""queue_policy"": ""fcfs"", ""reservation_depth"": 64, ""workload"": ""babelstream""}, ""2"": {""job_request_cores_per_task"": 24, ""job_request_gpus_per_task"": 1, ""job_request_nodes"": 1, ""job_request_ntasks_per_node"": 1, ""job_request_time"": ""30s"", ""match_policy"": ""first"", ""n_jobs"": 20, ""problem_class"": ""B"", ""queue_depth"": 32, ""queue_policy"": ""hybrid"", ""reservation_depth"": 64, ""workload"": ""babelstream""}}}, ""system"": {""cpu_affinity"": true, ""flux_time_limit"": ""6m"", ""max_cores_per_node"": 96, ""max_gpus_per_node"": 4, ""queue"": ""pbatch"", ""slurm_time_limit"": ""00:06:00"", ""sys_nodes"": 1}}",4,tuolumne/SW_M
cad18b9781,"{""config"": {""instance_level"": {""0"": {""match_policy"": ""first"", ""queue_depth"": 32, ""queue_policy"": ""fcfs"", ""reservation_depth"": 64}, ""1"": {""job_request_cores_per_task"": 24, ""job_request_gpus_per_task"": 1, ""job_request_nodes"": 1, ""job_request_ntasks_per_node"": 1, ""job_request_time"": ""30s"", ""match_policy"": ""first"", ""n_jobs"": 20, ""problem_class"": ""B"", ""queue_depth"": 32, ""queue_policy"": ""fcfs"", ""reservation_depth"": 64, ""workload"": ""babelstream""}, ""2"": {""job_request_cores_per_task"": 24, ""job_request_gpus_per_task"": 1, ""job_request_nodes"": 1, ""job_request_ntasks_per_node"": 1, ""job_request_time"": ""30s"", ""match_policy"": ""first"", ""n_jobs"": 20, ""problem_class"": ""B"", ""queue_depth"": 32, ""queue_policy"": ""hybrid"", ""reservation_depth"": 64, ""workload"": ""babelstream""}}}, ""system"": {""cpu_affinity"": true, ""flux_time_limit"": ""6m"", ""max_cores_per_node"": 96, ""max_gpus_per_node"": 4, ""queue"": ""pbatch"", ""slurm_time_limit"": ""00:06:00"", ""sys_nodes"": 1}}",5,tuolumne/SW_M
a440e409eb,"{""config"": {""instance_level"": {""0"": {""match_policy"": ""first"", ""queue_depth"": 32, ""queue_policy"": ""fcfs"", ""reservation_depth"": 64}, ""1"": {""job_request_cores_per_task"": 24, ""job_request_gpus_per_task"": 1, ""job_request_nodes"": 1, ""job_request_ntasks_per_node"": 1, ""job_request_time"": ""30s"", ""match_policy"": ""first"", ""n_jobs"": 20, ""problem_class"": ""B"", ""queue_depth"": 32, ""queue_policy"": ""fcfs"", ""reservation_depth"": 64, ""workload"": ""babelstream""}, ""2"": {""job_request_cores_per_task"": 24, ""job_request_gpus_per_task"": 1, ""job_request_nodes"": 1, ""job_request_ntasks_per_node"": 1, ""job_request_time"": ""30s"", ""match_policy"": ""low"", ""n_jobs"": 20, ""problem_class"": ""B"", ""queue_depth"": 32, ""queue_policy"": ""fcfs"", ""reservation_depth"": 64, ""workload"": ""babelstream""}}}, ""system"": {""cpu_affinity"": true, ""flux_time_limit"": ""6m"", ""max_cores_per_node"": 96, ""max_gpus_per_node"": 4, ""queue"": ""pbatch"", ""slurm_time_limit"": ""00:06:00"", ""sys_nodes"": 1}}",1,tuolumne/SW_M
a440e409eb,"{""config"": {""instance_level"": {""0"": {""match_policy"": ""first"", ""queue_depth"": 32, ""queue_policy"": ""fcfs"", ""reservation_depth"": 64}, ""1"": {""job_request_cores_per_task"": 24, ""job_request_gpus_per_task"": 1, ""job_request_nodes"": 1, ""job_request_ntasks_per_node"": 1, ""job_request_time"": ""30s"", ""match_policy"": ""first"", ""n_jobs"": 20, ""problem_class"": ""B"", ""queue_depth"": 32, ""queue_policy"": ""fcfs"", ""reservation_depth"": 64, ""workload"": ""babelstream""}, ""2"": {""job_request_cores_per_task"": 24, ""job_request_gpus_per_task"": 1, ""job_request_nodes"": 1, ""job_request_ntasks_per_node"": 1, ""job_request_time"": ""30s"", ""match_policy"": ""low"", ""n_jobs"": 20, ""problem_class"": ""B"", ""queue_depth"": 32, ""queue_policy"": ""fcfs"", ""reservation_depth"": 64, ""workload"": ""babelstream""}}}, ""system"": {""cpu_affinity"": true, ""flux_time_limit"": ""6m"", ""max_cores_per_node"": 96, ""max_gpus_per_node"": 4, ""queue"": ""pbatch"", ""slurm_time_limit"": ""00:06:00"", ""sys_nodes"": 1}}",2,tuolumne/SW_M
a440e409eb,"{""config"": {""instance_level"": {""0"": {""match_policy"": ""first"", ""queue_depth"": 32, ""queue_policy"": ""fcfs"", ""reservation_depth"": 64}, ""1"": {""job_request_cores_per_task"": 24, ""job_request_gpus_per_task"": 1, ""job_request_nodes"": 1, ""job_request_ntasks_per_node"": 1, ""job_request_time"": ""30s"", ""match_policy"": ""first"", ""n_jobs"": 20, ""problem_class"": ""B"", ""queue_depth"": 32, ""queue_policy"": ""fcfs"", ""reservation_depth"": 64, ""workload"": ""babelstream""}, ""2"": {""job_request_cores_per_task"": 24, ""job_request_gpus_per_task"": 1, ""job_request_nodes"": 1, ""job_request_ntasks_per_node"": 1, ""job_request_time"": ""30s"", ""match_policy"": ""low"", ""n_jobs"": 20, ""problem_class"": ""B"", ""queue_depth"": 32, ""queue_policy"": ""fcfs"", ""reservation_depth"": 64, ""workload"": ""babelstream""}}}, ""system"": {""cpu_affinity"": true, ""flux_time_limit"": ""6m"", ""max_cores_per_node"": 96, ""max_gpus_per_node"": 4, ""queue"": ""pbatch"", ""slurm_time_limit"": ""00:06:00"", ""sys_nodes"": 1}}",3,tuolumne/SW_M
a440e409eb,"{""config"": {""instance_level"": {""0"": {""match_policy"": ""first"", ""queue_depth"": 32, ""queue_policy"": ""fcfs"", ""reservation_depth"": 64}, ""1"": {""job_request_cores_per_task"": 24, ""job_request_gpus_per_task"": 1, ""job_request_nodes"": 1, ""job_request_ntasks_per_node"": 1, ""job_request_time"": ""30s"", ""match_policy"": ""first"", ""n_jobs"": 20, ""problem_class"": ""B"", ""queue_depth"": 32, ""queue_policy"": ""fcfs"", ""reservation_depth"": 64, ""workload"": ""babelstream""}, ""2"": {""job_request_cores_per_task"": 24, ""job_request_gpus_per_task"": 1, ""job_request_nodes"": 1, ""job_request_ntasks_per_node"": 1, ""job_request_time"": ""30s"", ""match_policy"": ""low"", ""n_jobs"": 20, ""problem_class"": ""B"", ""queue_depth"": 32, ""queue_policy"": ""fcfs"", ""reservation_depth"": 64, ""workload"": ""babelstream""}}}, ""system"": {""cpu_affinity"": true, ""flux_time_limit"": ""6m"", ""max_cores_per_node"": 96, ""max_gpus_per_node"": 4, ""queue"": ""pbatch"", ""slurm_time_limit"": ""00:06:00"", ""sys_nodes"": 1}}",4,tuolumne/SW_M
a440e409eb,"{""config"": {""instance_level"": {""0"": {""match_policy"": ""first"", ""queue_depth"": 32, ""queue_policy"": ""fcfs"", ""reservation_depth"": 64}, ""1"": {""job_request_cores_per_task"": 24, ""job_request_gpus_per_task"": 1, ""job_request_nodes"": 1, ""job_request_ntasks_per_node"": 1, ""job_request_time"": ""30s"", ""match_policy"": ""first"", ""n_jobs"": 20, ""problem_class"": ""B"", ""queue_depth"": 32, ""queue_policy"": ""fcfs"", ""reservation_depth"": 64, ""workload"": ""babelstream""}, ""2"": {""job_request_cores_per_task"": 24, ""job_request_gpus_per_task"": 1, ""job_request_nodes"": 1, ""job_request_ntasks_per_node"": 1, ""job_request_time"": ""30s"", ""match_policy"": ""low"", ""n_jobs"": 20, ""problem_class"": ""B"", ""queue_depth"": 32, ""queue_policy"": ""fcfs"", ""reservation_depth"": 64, ""workload"": ""babelstream""}}}, ""system"": {""cpu_affinity"": true, ""flux_time_limit"": ""6m"", ""max_cores_per_node"": 96, ""max_gpus_per_node"": 4, ""queue"": ""pbatch"", ""slurm_time_limit"": ""00:06:00"", ""sys_nodes"": 1}}",5,tuolumne/SW_M
ef0f74bf82,"{""config"": {""instance_level"": {""0"": {""match_policy"": ""first"", ""queue_depth"": 32, ""queue_policy"": ""fcfs"", ""reservation_depth"": 64}, ""1"": {""job_request_cores_per_task"": 24, ""job_request_gpus_per_task"": 1, ""job_request_nodes"": 1, ""job_request_ntasks_per_node"": 1, ""job_request_time"": ""30s"", ""match_policy"": ""first"", ""n_jobs"": 20, ""problem_class"": ""B"", ""queue_depth"": 32, ""queue_policy"": ""fcfs"", ""reservation_depth"": 64, ""workload"": ""babelstream""}, ""2"": {""job_request_cores_per_task"": 24, ""job_request_gpus_per_task"": 1, ""job_request_nodes"": 1, ""job_request_ntasks_per_node"": 1, ""job_request_time"": ""30s"", ""match_policy"": ""low"", ""n_jobs"": 20, ""problem_class"": ""B"", ""queue_depth"": 32, ""queue_policy"": ""hybrid"", ""reservation_depth"": 64, ""workload"": ""babelstream""}}}, ""system"": {""cpu_affinity"": true, ""flux_time_limit"": ""6m"", ""max_cores_per_node"": 96, ""max_gpus_per_node"": 4, ""queue"": ""pbatch"", ""slurm_time_limit"": ""00:06:00"", ""sys_nodes"": 1}}",1,tuolumne/SW_M
ef0f74bf82,"{""config"": {""instance_level"": {""0"": {""match_policy"": ""first"", ""queue_depth"": 32, ""queue_policy"": ""fcfs"", ""reservation_depth"": 64}, ""1"": {""job_request_cores_per_task"": 24, ""job_request_gpus_per_task"": 1, ""job_request_nodes"": 1, ""job_request_ntasks_per_node"": 1, ""job_request_time"": ""30s"", ""match_policy"": ""first"", ""n_jobs"": 20, ""problem_class"": ""B"", ""queue_depth"": 32, ""queue_policy"": ""fcfs"", ""reservation_depth"": 64, ""workload"": ""babelstream""}, ""2"": {""job_request_cores_per_task"": 24, ""job_request_gpus_per_task"": 1, ""job_request_nodes"": 1, ""job_request_ntasks_per_node"": 1, ""job_request_time"": ""30s"", ""match_policy"": ""low"", ""n_jobs"": 20, ""problem_class"": ""B"", ""queue_depth"": 32, ""queue_policy"": ""hybrid"", ""reservation_depth"": 64, ""workload"": ""babelstream""}}}, ""system"": {""cpu_affinity"": true, ""flux_time_limit"": ""6m"", ""max_cores_per_node"": 96, ""max_gpus_per_node"": 4, ""queue"": ""pbatch"", ""slurm_time_limit"": ""00:06:00"", ""sys_nodes"": 1}}",2,tuolumne/SW_M
ef0f74bf82,"{""config"": {""instance_level"": {""0"": {""match_policy"": ""first"", ""queue_depth"": 32, ""queue_policy"": ""fcfs"", ""reservation_depth"": 64}, ""1"": {""job_request_cores_per_task"": 24, ""job_request_gpus_per_task"": 1, ""job_request_nodes"": 1, ""job_request_ntasks_per_node"": 1, ""job_request_time"": ""30s"", ""match_policy"": ""first"", ""n_jobs"": 20, ""problem_class"": ""B"", ""queue_depth"": 32, ""queue_policy"": ""fcfs"", ""reservation_depth"": 64, ""workload"": ""babelstream""}, ""2"": {""job_request_cores_per_task"": 24, ""job_request_gpus_per_task"": 1, ""job_request_nodes"": 1, ""job_request_ntasks_per_node"": 1, ""job_request_time"": ""30s"", ""match_policy"": ""low"", ""n_jobs"": 20, ""problem_class"": ""B"", ""queue_depth"": 32, ""queue_policy"": ""hybrid"", ""reservation_depth"": 64, ""workload"": ""babelstream""}}}, ""system"": {""cpu_affinity"": true, ""flux_time_limit"": ""6m"", ""max_cores_per_node"": 96, ""max_gpus_per_node"": 4, ""queue"": ""pbatch"", ""slurm_time_limit"": ""00:06:00"", ""sys_nodes"": 1}}",3,tuolumne/SW_M
ef0f74bf82,"{""config"": {""instance_level"": {""0"": {""match_policy"": ""first"", ""queue_depth"": 32, ""queue_policy"": ""fcfs"", ""reservation_depth"": 64}, ""1"": {""job_request_cores_per_task"": 24, ""job_request_gpus_per_task"": 1, ""job_request_nodes"": 1, ""job_request_ntasks_per_node"": 1, ""job_request_time"": ""30s"", ""match_policy"": ""first"", ""n_jobs"": 20, ""problem_class"": ""B"", ""queue_depth"": 32, ""queue_policy"": ""fcfs"", ""reservation_depth"": 64, ""workload"": ""babelstream""}, ""2"": {""job_request_cores_per_task"": 24, ""job_request_gpus_per_task"": 1, ""job_request_nodes"": 1, ""job_request_ntasks_per_node"": 1, ""job_request_time"": ""30s"", ""match_policy"": ""low"", ""n_jobs"": 20, ""problem_class"": ""B"", ""queue_depth"": 32, ""queue_policy"": ""hybrid"", ""reservation_depth"": 64, ""workload"": ""babelstream""}}}, ""system"": {""cpu_affinity"": true, ""flux_time_limit"": ""6m"", ""max_cores_per_node"": 96, ""max_gpus_per_node"": 4, ""queue"": ""pbatch"", ""slurm_time_limit"": ""00:06:00"", ""sys_nodes"": 1}}",4,tuolumne/SW_M
ef0f74bf82,"{""config"": {""instance_level"": {""0"": {""match_policy"": ""first"", ""queue_depth"": 32, ""queue_policy"": ""fcfs"", ""reservation_depth"": 64}, ""1"": {""job_request_cores_per_task"": 24, ""job_request_gpus_per_task"": 1, ""job_request_nodes"": 1, ""job_request_ntasks_per_node"": 1, ""job_request_time"": ""30s"", ""match_policy"": ""first"", ""n_jobs"": 20, ""problem_class"": ""B"", ""queue_depth"": 32, ""queue_policy"": ""fcfs"", ""reservation_depth"": 64, ""workload"": ""babelstream""}, ""2"": {""job_request_cores_per_task"": 24, ""job_request_gpus_per_task"": 1, ""job_request_nodes"": 1, ""job_request_ntasks_per_node"": 1, ""job_request_time"": ""30s"", ""match_policy"": ""low"", ""n_jobs"": 20, ""problem_class"": ""B"", ""queue_depth"": 32, ""queue_policy"": ""hybrid"", ""reservation_depth"": 64, ""workload"": ""babelstream""}}}, ""system"": {""cpu_affinity"": true, ""flux_time_limit"": ""6m"", ""max_cores_per_node"": 96, ""max_gpus_per_node"": 4, ""queue"": ""pbatch"", ""slurm_time_limit"": ""00:06:00"", ""sys_nodes"": 1}}",5,tuolumne/SW_M
4ad9dd31fb,"{""config"": {""instance_level"": {""0"": {""match_policy"": ""first"", ""queue_depth"": 32, ""queue_policy"": ""fcfs"", ""reservation_depth"": 64}, ""1"": {""job_request_cores_per_task"": 24, ""job_request_gpus_per_task"": 1, ""job_request_nodes"": 1, ""job_request_ntasks_per_node"": 1, ""job_request_time"": ""30s"", ""match_policy"": ""first"", ""n_jobs"": 20, ""problem_class"": ""B"", ""queue_depth"": 32, ""queue_policy"": ""fcfs"", ""reservation_depth"": 64, ""workload"": ""raja-perf%Polybench_GEMM%Base_HIP""}, ""2"": {""job_request_cores_per_task"": 24, ""job_request_gpus_per_task"": 1, ""job_request_nodes"": 1, ""job_request_ntasks_per_node"": 1, ""job_request_time"": ""30s"", ""match_policy"": ""first"", ""n_jobs"": 20, ""problem_class"": ""B"", ""queue_depth"": 32, ""queue_policy"": ""fcfs"", ""reservation_depth"": 64, ""workload"": ""raja-perf%Polybench_GEMM%Base_HIP""}}}, ""system"": {""cpu_affinity"": true, ""flux_time_limit"": ""6m"", ""max_cores_per_node"": 96, ""max_gpus_per_node"": 4, ""queue"": ""pbatch"", ""slurm_time_limit"": ""00:06:00"", ""sys_nodes"": 1}}",1,tuolumne/SW_M
4ad9dd31fb,"{""config"": {""instance_level"": {""0"": {""match_policy"": ""first"", ""queue_depth"": 32, ""queue_policy"": ""fcfs"", ""reservation_depth"": 64}, ""1"": {""job_request_cores_per_task"": 24, ""job_request_gpus_per_task"": 1, ""job_request_nodes"": 1, ""job_request_ntasks_per_node"": 1, ""job_request_time"": ""30s"", ""match_policy"": ""first"", ""n_jobs"": 20, ""problem_class"": ""B"", ""queue_depth"": 32, ""queue_policy"": ""fcfs"", ""reservation_depth"": 64, ""workload"": ""raja-perf%Polybench_GEMM%Base_HIP""}, ""2"": {""job_request_cores_per_task"": 24, ""job_request_gpus_per_task"": 1, ""job_request_nodes"": 1, ""job_request_ntasks_per_node"": 1, ""job_request_time"": ""30s"", ""match_policy"": ""first"", ""n_jobs"": 20, ""problem_class"": ""B"", ""queue_depth"": 32, ""queue_policy"": ""fcfs"", ""reservation_depth"": 64, ""workload"": ""raja-perf%Polybench_GEMM%Base_HIP""}}}, ""system"": {""cpu_affinity"": true, ""flux_time_limit"": ""6m"", ""max_cores_per_node"": 96, ""max_gpus_per_node"": 4, ""queue"": ""pbatch"", ""slurm_time_limit"": ""00:06:00"", ""sys_nodes"": 1}}",2,tuolumne/SW_M
4ad9dd31fb,"{""config"": {""instance_level"": {""0"": {""match_policy"": ""first"", ""queue_depth"": 32, ""queue_policy"": ""fcfs"", ""reservation_depth"": 64}, ""1"": {""job_request_cores_per_task"": 24, ""job_request_gpus_per_task"": 1, ""job_request_nodes"": 1, ""job_request_ntasks_per_node"": 1, ""job_request_time"": ""30s"", ""match_policy"": ""first"", ""n_jobs"": 20, ""problem_class"": ""B"", ""queue_depth"": 32, ""queue_policy"": ""fcfs"", ""reservation_depth"": 64, ""workload"": ""raja-perf%Polybench_GEMM%Base_HIP""}, ""2"": {""job_request_cores_per_task"": 24, ""job_request_gpus_per_task"": 1, ""job_request_nodes"": 1, ""job_request_ntasks_per_node"": 1, ""job_request_time"": ""30s"", ""match_policy"": ""first"", ""n_jobs"": 20, ""problem_class"": ""B"", ""queue_depth"": 32, ""queue_policy"": ""fcfs"", ""reservation_depth"": 64, ""workload"": ""raja-perf%Polybench_GEMM%Base_HIP""}}}, ""system"": {""cpu_affinity"": true, ""flux_time_limit"": ""6m"", ""max_cores_per_node"": 96, ""max_gpus_per_node"": 4, ""queue"": ""pbatch"", ""slurm_time_limit"": ""00:06:00"", ""sys_nodes"": 1}}",3,tuolumne/SW_M
4ad9dd31fb,"{""config"": {""instance_level"": {""0"": {""match_policy"": ""first"", ""queue_depth"": 32, ""queue_policy"": ""fcfs"", ""reservation_depth"": 64}, ""1"": {""job_request_cores_per_task"": 24, ""job_request_gpus_per_task"": 1, ""job_request_nodes"": 1, ""job_request_ntasks_per_node"": 1, ""job_request_time"": ""30s"", ""match_policy"": ""first"", ""n_jobs"": 20, ""problem_class"": ""B"", ""queue_depth"": 32, ""queue_policy"": ""fcfs"", ""reservation_depth"": 64, ""workload"": ""raja-perf%Polybench_GEMM%Base_HIP""}, ""2"": {""job_request_cores_per_task"": 24, ""job_request_gpus_per_task"": 1, ""job_request_nodes"": 1, ""job_request_ntasks_per_node"": 1, ""job_request_time"": ""30s"", ""match_policy"": ""first"", ""n_jobs"": 20, ""problem_class"": ""B"", ""queue_depth"": 32, ""queue_policy"": ""fcfs"", ""reservation_depth"": 64, ""workload"": ""raja-perf%Polybench_GEMM%Base_HIP""}}}, ""system"": {""cpu_affinity"": true, ""flux_time_limit"": ""6m"", ""max_cores_per_node"": 96, ""max_gpus_per_node"": 4, ""queue"": ""pbatch"", ""slurm_time_limit"": ""00:06:00"", ""sys_nodes"": 1}}",4,tuolumne/SW_M
4ad9dd31fb,"{""config"": {""instance_level"": {""0"": {""match_policy"": ""first"", ""queue_depth"": 32, ""queue_policy"": ""fcfs"", ""reservation_depth"": 64}, ""1"": {""job_request_cores_per_task"": 24, ""job_request_gpus_per_task"": 1, ""job_request_nodes"": 1, ""job_request_ntasks_per_node"": 1, ""job_request_time"": ""30s"", ""match_policy"": ""first"", ""n_jobs"": 20, ""problem_class"": ""B"", ""queue_depth"": 32, ""queue_policy"": ""fcfs"", ""reservation_depth"": 64, ""workload"": ""raja-perf%Polybench_GEMM%Base_HIP""}, ""2"": {""job_request_cores_per_task"": 24, ""job_request_gpus_per_task"": 1, ""job_request_nodes"": 1, ""job_request_ntasks_per_node"": 1, ""job_request_time"": ""30s"", ""match_policy"": ""first"", ""n_jobs"": 20, ""problem_class"": ""B"", ""queue_depth"": 32, ""queue_policy"": ""fcfs"", ""reservation_depth"": 64, ""workload"": ""raja-perf%Polybench_GEMM%Base_HIP""}}}, ""system"": {""cpu_affinity"": true, ""flux_time_limit"": ""6m"", ""max_cores_per_node"": 96, ""max_gpus_per_node"": 4, ""queue"": ""pbatch"", ""slurm_time_limit"": ""00:06:00"", ""sys_nodes"": 1}}",5,tuolumne/SW_M
3b082fb537,"{""config"": {""instance_level"": {""0"": {""match_policy"": ""first"", ""queue_depth"": 32, ""queue_policy"": ""fcfs"", ""reservation_depth"": 64}, ""1"": {""job_request_cores_per_task"": 24, ""job_request_gpus_per_task"": 1, ""job_request_nodes"": 1, ""job_request_ntasks_per_node"": 1, ""job_request_time"": ""30s"", ""match_policy"": ""first"", ""n_jobs"": 20, ""problem_class"": ""B"", ""queue_depth"": 32, ""queue_policy"": ""fcfs"", ""reservation_depth"": 64, ""workload"": ""raja-perf%Polybench_GEMM%Base_HIP""}, ""2"": {""job_request_cores_per_task"": 24, ""job_request_gpus_per_task"": 1, ""job_request_nodes"": 1, ""job_request_ntasks_per_node"": 1, ""job_request_time"": ""30s"", ""match_policy"": ""first"", ""n_jobs"": 20, ""problem_class"": ""B"", ""queue_depth"": 32, ""queue_policy"": ""hybrid"", ""reservation_depth"": 64, ""workload"": ""raja-perf%Polybench_GEMM%Base_HIP""}}}, ""system"": {""cpu_affinity"": true, ""flux_time_limit"": ""6m"", ""max_cores_per_node"": 96, ""max_gpus_per_node"": 4, ""queue"": ""pbatch"", ""slurm_time_limit"": ""00:06:00"", ""sys_nodes"": 1}}",1,tuolumne/SW_M
3b082fb537,"{""config"": {""instance_level"": {""0"": {""match_policy"": ""first"", ""queue_depth"": 32, ""queue_policy"": ""fcfs"", ""reservation_depth"": 64}, ""1"": {""job_request_cores_per_task"": 24, ""job_request_gpus_per_task"": 1, ""job_request_nodes"": 1, ""job_request_ntasks_per_node"": 1, ""job_request_time"": ""30s"", ""match_policy"": ""first"", ""n_jobs"": 20, ""problem_class"": ""B"", ""queue_depth"": 32, ""queue_policy"": ""fcfs"", ""reservation_depth"": 64, ""workload"": ""raja-perf%Polybench_GEMM%Base_HIP""}, ""2"": {""job_request_cores_per_task"": 24, ""job_request_gpus_per_task"": 1, ""job_request_nodes"": 1, ""job_request_ntasks_per_node"": 1, ""job_request_time"": ""30s"", ""match_policy"": ""first"", ""n_jobs"": 20, ""problem_class"": ""B"", ""queue_depth"": 32, ""queue_policy"": ""hybrid"", ""reservation_depth"": 64, ""workload"": ""raja-perf%Polybench_GEMM%Base_HIP""}}}, ""system"": {""cpu_affinity"": true, ""flux_time_limit"": ""6m"", ""max_cores_per_node"": 96, ""max_gpus_per_node"": 4, ""queue"": ""pbatch"", ""slurm_time_limit"": ""00:06:00"", ""sys_nodes"": 1}}",2,tuolumne/SW_M
3b082fb537,"{""config"": {""instance_level"": {""0"": {""match_policy"": ""first"", ""queue_depth"": 32, ""queue_policy"": ""fcfs"", ""reservation_depth"": 64}, ""1"": {""job_request_cores_per_task"": 24, ""job_request_gpus_per_task"": 1, ""job_request_nodes"": 1, ""job_request_ntasks_per_node"": 1, ""job_request_time"": ""30s"", ""match_policy"": ""first"", ""n_jobs"": 20, ""problem_class"": ""B"", ""queue_depth"": 32, ""queue_policy"": ""fcfs"", ""reservation_depth"": 64, ""workload"": ""raja-perf%Polybench_GEMM%Base_HIP""}, ""2"": {""job_request_cores_per_task"": 24, ""job_request_gpus_per_task"": 1, ""job_request_nodes"": 1, ""job_request_ntasks_per_node"": 1, ""job_request_time"": ""30s"", ""match_policy"": ""first"", ""n_jobs"": 20, ""problem_class"": ""B"", ""queue_depth"": 32, ""queue_policy"": ""hybrid"", ""reservation_depth"": 64, ""workload"": ""raja-perf%Polybench_GEMM%Base_HIP""}}}, ""system"": {""cpu_affinity"": true, ""flux_time_limit"": ""6m"", ""max_cores_per_node"": 96, ""max_gpus_per_node"": 4, ""queue"": ""pbatch"", ""slurm_time_limit"": ""00:06:00"", ""sys_nodes"": 1}}",3,tuolumne/SW_M
3b082fb537,"{""config"": {""instance_level"": {""0"": {""match_policy"": ""first"", ""queue_depth"": 32, ""queue_policy"": ""fcfs"", ""reservation_depth"": 64}, ""1"": {""job_request_cores_per_task"": 24, ""job_request_gpus_per_task"": 1, ""job_request_nodes"": 1, ""job_request_ntasks_per_node"": 1, ""job_request_time"": ""30s"", ""match_policy"": ""first"", ""n_jobs"": 20, ""problem_class"": ""B"", ""queue_depth"": 32, ""queue_policy"": ""fcfs"", ""reservation_depth"": 64, ""workload"": ""raja-perf%Polybench_GEMM%Base_HIP""}, ""2"": {""job_request_cores_per_task"": 24, ""job_request_gpus_per_task"": 1, ""job_request_nodes"": 1, ""job_request_ntasks_per_node"": 1, ""job_request_time"": ""30s"", ""match_policy"": ""first"", ""n_jobs"": 20, ""problem_class"": ""B"", ""queue_depth"": 32, ""queue_policy"": ""hybrid"", ""reservation_depth"": 64, ""workload"": ""raja-perf%Polybench_GEMM%Base_HIP""}}}, ""system"": {""cpu_affinity"": true, ""flux_time_limit"": ""6m"", ""max_cores_per_node"": 96, ""max_gpus_per_node"": 4, ""queue"": ""pbatch"", ""slurm_time_limit"": ""00:06:00"", ""sys_nodes"": 1}}",4,tuolumne/SW_M
3b082fb537,"{""config"": {""instance_level"": {""0"": {""match_policy"": ""first"", ""queue_depth"": 32, ""queue_policy"": ""fcfs"", ""reservation_depth"": 64}, ""1"": {""job_request_cores_per_task"": 24, ""job_request_gpus_per_task"": 1, ""job_request_nodes"": 1, ""job_request_ntasks_per_node"": 1, ""job_request_time"": ""30s"", ""match_policy"": ""first"", ""n_jobs"": 20, ""problem_class"": ""B"", ""queue_depth"": 32, ""queue_policy"": ""fcfs"", ""reservation_depth"": 64, ""workload"": ""raja-perf%Polybench_GEMM%Base_HIP""}, ""2"": {""job_request_cores_per_task"": 24, ""job_request_gpus_per_task"": 1, ""job_request_nodes"": 1, ""job_request_ntasks_per_node"": 1, ""job_request_time"": ""30s"", ""match_policy"": ""first"", ""n_jobs"": 20, ""problem_class"": ""B"", ""queue_depth"": 32, ""queue_policy"": ""hybrid"", ""reservation_depth"": 64, ""workload"": ""raja-perf%Polybench_GEMM%Base_HIP""}}}, ""system"": {""cpu_affinity"": true, ""flux_time_limit"": ""6m"", ""max_cores_per_node"": 96, ""max_gpus_per_node"": 4, ""queue"": ""pbatch"", ""slurm_time_limit"": ""00:06:00"", ""sys_nodes"": 1}}",5,tuolumne/SW_M
c7c7d63996,"{""config"": {""instance_level"": {""0"": {""match_policy"": ""first"", ""queue_depth"": 32, ""queue_policy"": ""fcfs"", ""reservation_depth"": 64}, ""1"": {""job_request_cores_per_task"": 24, ""job_request_gpus_per_task"": 1, ""job_request_nodes"": 1, ""job_request_ntasks_per_node"": 1, ""job_request_time"": ""30s"", ""match_policy"": ""first"", ""n_jobs"": 20, ""problem_class"": ""B"", ""queue_depth"": 32, ""queue_policy"": ""fcfs"", ""reservation_depth"": 64, ""workload"": ""raja-perf%Polybench_GEMM%Base_HIP""}, ""2"": {""job_request_cores_per_task"": 24, ""job_request_gpus_per_task"": 1, ""job_request_nodes"": 1, ""job_request_ntasks_per_node"": 1, ""job_request_time"": ""30s"", ""match_policy"": ""low"", ""n_jobs"": 20, ""problem_class"": ""B"", ""queue_depth"": 32, ""queue_policy"": ""fcfs"", ""reservation_depth"": 64, ""workload"": ""raja-perf%Polybench_GEMM%Base_HIP""}}}, ""system"": {""cpu_affinity"": true, ""flux_time_limit"": ""6m"", ""max_cores_per_node"": 96, ""max_gpus_per_node"": 4, ""queue"": ""pbatch"", ""slurm_time_limit"": ""00:06:00"", ""sys_nodes"": 1}}",1,tuolumne/SW_M
c7c7d63996,"{""config"": {""instance_level"": {""0"": {""match_policy"": ""first"", ""queue_depth"": 32, ""queue_policy"": ""fcfs"", ""reservation_depth"": 64}, ""1"": {""job_request_cores_per_task"": 24, ""job_request_gpus_per_task"": 1, ""job_request_nodes"": 1, ""job_request_ntasks_per_node"": 1, ""job_request_time"": ""30s"", ""match_policy"": ""first"", ""n_jobs"": 20, ""problem_class"": ""B"", ""queue_depth"": 32, ""queue_policy"": ""fcfs"", ""reservation_depth"": 64, ""workload"": ""raja-perf%Polybench_GEMM%Base_HIP""}, ""2"": {""job_request_cores_per_task"": 24, ""job_request_gpus_per_task"": 1, ""job_request_nodes"": 1, ""job_request_ntasks_per_node"": 1, ""job_request_time"": ""30s"", ""match_policy"": ""low"", ""n_jobs"": 20, ""problem_class"": ""B"", ""queue_depth"": 32, ""queue_policy"": ""fcfs"", ""reservation_depth"": 64, ""workload"": ""raja-perf%Polybench_GEMM%Base_HIP""}}}, ""system"": {""cpu_affinity"": true, ""flux_time_limit"": ""6m"", ""max_cores_per_node"": 96, ""max_gpus_per_node"": 4, ""queue"": ""pbatch"", ""slurm_time_limit"": ""00:06:00"", ""sys_nodes"": 1}}",2,tuolumne/SW_M
c7c7d63996,"{""config"": {""instance_level"": {""0"": {""match_policy"": ""first"", ""queue_depth"": 32, ""queue_policy"": ""fcfs"", ""reservation_depth"": 64}, ""1"": {""job_request_cores_per_task"": 24, ""job_request_gpus_per_task"": 1, ""job_request_nodes"": 1, ""job_request_ntasks_per_node"": 1, ""job_request_time"": ""30s"", ""match_policy"": ""first"", ""n_jobs"": 20, ""problem_class"": ""B"", ""queue_depth"": 32, ""queue_policy"": ""fcfs"", ""reservation_depth"": 64, ""workload"": ""raja-perf%Polybench_GEMM%Base_HIP""}, ""2"": {""job_request_cores_per_task"": 24, ""job_request_gpus_per_task"": 1, ""job_request_nodes"": 1, ""job_request_ntasks_per_node"": 1, ""job_request_time"": ""30s"", ""match_policy"": ""low"", ""n_jobs"": 20, ""problem_class"": ""B"", ""queue_depth"": 32, ""queue_policy"": ""fcfs"", ""reservation_depth"": 64, ""workload"": ""raja-perf%Polybench_GEMM%Base_HIP""}}}, ""system"": {""cpu_affinity"": true, ""flux_time_limit"": ""6m"", ""max_cores_per_node"": 96, ""max_gpus_per_node"": 4, ""queue"": ""pbatch"", ""slurm_time_limit"": ""00:06:00"", ""sys_nodes"": 1}}",3,tuolumne/SW_M
c7c7d63996,"{""config"": {""instance_level"": {""0"": {""match_policy"": ""first"", ""queue_depth"": 32, ""queue_policy"": ""fcfs"", ""reservation_depth"": 64}, ""1"": {""job_request_cores_per_task"": 24, ""job_request_gpus_per_task"": 1, ""job_request_nodes"": 1, ""job_request_ntasks_per_node"": 1, ""job_request_time"": ""30s"", ""match_policy"": ""first"", ""n_jobs"": 20, ""problem_class"": ""B"", ""queue_depth"": 32, ""queue_policy"": ""fcfs"", ""reservation_depth"": 64, ""workload"": ""raja-perf%Polybench_GEMM%Base_HIP""}, ""2"": {""job_request_cores_per_task"": 24, ""job_request_gpus_per_task"": 1, ""job_request_nodes"": 1, ""job_request_ntasks_per_node"": 1, ""job_request_time"": ""30s"", ""match_policy"": ""low"", ""n_jobs"": 20, ""problem_class"": ""B"", ""queue_depth"": 32, ""queue_policy"": ""fcfs"", ""reservation_depth"": 64, ""workload"": ""raja-perf%Polybench_GEMM%Base_HIP""}}}, ""system"": {""cpu_affinity"": true, ""flux_time_limit"": ""6m"", ""max_cores_per_node"": 96, ""max_gpus_per_node"": 4, ""queue"": ""pbatch"", ""slurm_time_limit"": ""00:06:00"", ""sys_nodes"": 1}}",4,tuolumne/SW_M
c7c7d63996,"{""config"": {""instance_level"": {""0"": {""match_policy"": ""first"", ""queue_depth"": 32, ""queue_policy"": ""fcfs"", ""reservation_depth"": 64}, ""1"": {""job_request_cores_per_task"": 24, ""job_request_gpus_per_task"": 1, ""job_request_nodes"": 1, ""job_request_ntasks_per_node"": 1, ""job_request_time"": ""30s"", ""match_policy"": ""first"", ""n_jobs"": 20, ""problem_class"": ""B"", ""queue_depth"": 32, ""queue_policy"": ""fcfs"", ""reservation_depth"": 64, ""workload"": ""raja-perf%Polybench_GEMM%Base_HIP""}, ""2"": {""job_request_cores_per_task"": 24, ""job_request_gpus_per_task"": 1, ""job_request_nodes"": 1, ""job_request_ntasks_per_node"": 1, ""job_request_time"": ""30s"", ""match_policy"": ""low"", ""n_jobs"": 20, ""problem_class"": ""B"", ""queue_depth"": 32, ""queue_policy"": ""fcfs"", ""reservation_depth"": 64, ""workload"": ""raja-perf%Polybench_GEMM%Base_HIP""}}}, ""system"": {""cpu_affinity"": true, ""flux_time_limit"": ""6m"", ""max_cores_per_node"": 96, ""max_gpus_per_node"": 4, ""queue"": ""pbatch"", ""slurm_time_limit"": ""00:06:00"", ""sys_nodes"": 1}}",5,tuolumne/SW_M
de1b17d25e,"{""config"": {""instance_level"": {""0"": {""match_policy"": ""first"", ""queue_depth"": 32, ""queue_policy"": ""fcfs"", ""reservation_depth"": 64}, ""1"": {""job_request_cores_per_task"": 24, ""job_request_gpus_per_task"": 1, ""job_request_nodes"": 1, ""job_request_ntasks_per_node"": 1, ""job_request_time"": ""30s"", ""match_policy"": ""first"", ""n_jobs"": 20, ""problem_class"": ""B"", ""queue_depth"": 32, ""queue_policy"": ""fcfs"", ""reservation_depth"": 64, ""workload"": ""raja-perf%Polybench_GEMM%Base_HIP""}, ""2"": {""job_request_cores_per_task"": 24, ""job_request_gpus_per_task"": 1, ""job_request_nodes"": 1, ""job_request_ntasks_per_node"": 1, ""job_request_time"": ""30s"", ""match_policy"": ""low"", ""n_jobs"": 20, ""problem_class"": ""B"", ""queue_depth"": 32, ""queue_policy"": ""hybrid"", ""reservation_depth"": 64, ""workload"": ""raja-perf%Polybench_GEMM%Base_HIP""}}}, ""system"": {""cpu_affinity"": true, ""flux_time_limit"": ""6m"", ""max_cores_per_node"": 96, ""max_gpus_per_node"": 4, ""queue"": ""pbatch"", ""slurm_time_limit"": ""00:06:00"", ""sys_nodes"": 1}}",1,tuolumne/SW_M
de1b17d25e,"{""config"": {""instance_level"": {""0"": {""match_policy"": ""first"", ""queue_depth"": 32, ""queue_policy"": ""fcfs"", ""reservation_depth"": 64}, ""1"": {""job_request_cores_per_task"": 24, ""job_request_gpus_per_task"": 1, ""job_request_nodes"": 1, ""job_request_ntasks_per_node"": 1, ""job_request_time"": ""30s"", ""match_policy"": ""first"", ""n_jobs"": 20, ""problem_class"": ""B"", ""queue_depth"": 32, ""queue_policy"": ""fcfs"", ""reservation_depth"": 64, ""workload"": ""raja-perf%Polybench_GEMM%Base_HIP""}, ""2"": {""job_request_cores_per_task"": 24, ""job_request_gpus_per_task"": 1, ""job_request_nodes"": 1, ""job_request_ntasks_per_node"": 1, ""job_request_time"": ""30s"", ""match_policy"": ""low"", ""n_jobs"": 20, ""problem_class"": ""B"", ""queue_depth"": 32, ""queue_policy"": ""hybrid"", ""reservation_depth"": 64, ""workload"": ""raja-perf%Polybench_GEMM%Base_HIP""}}}, ""system"": {""cpu_affinity"": true, ""flux_time_limit"": ""6m"", ""max_cores_per_node"": 96, ""max_gpus_per_node"": 4, ""queue"": ""pbatch"", ""slurm_time_limit"": ""00:06:00"", ""sys_nodes"": 1}}",2,tuolumne/SW_M
de1b17d25e,"{""config"": {""instance_level"": {""0"": {""match_policy"": ""first"", ""queue_depth"": 32, ""queue_policy"": ""fcfs"", ""reservation_depth"": 64}, ""1"": {""job_request_cores_per_task"": 24, ""job_request_gpus_per_task"": 1, ""job_request_nodes"": 1, ""job_request_ntasks_per_node"": 1, ""job_request_time"": ""30s"", ""match_policy"": ""first"", ""n_jobs"": 20, ""problem_class"": ""B"", ""queue_depth"": 32, ""queue_policy"": ""fcfs"", ""reservation_depth"": 64, ""workload"": ""raja-perf%Polybench_GEMM%Base_HIP""}, ""2"": {""job_request_cores_per_task"": 24, ""job_request_gpus_per_task"": 1, ""job_request_nodes"": 1, ""job_request_ntasks_per_node"": 1, ""job_request_time"": ""30s"", ""match_policy"": ""low"", ""n_jobs"": 20, ""problem_class"": ""B"", ""queue_depth"": 32, ""queue_policy"": ""hybrid"", ""reservation_depth"": 64, ""workload"": ""raja-perf%Polybench_GEMM%Base_HIP""}}}, ""system"": {""cpu_affinity"": true, ""flux_time_limit"": ""6m"", ""max_cores_per_node"": 96, ""max_gpus_per_node"": 4, ""queue"": ""pbatch"", ""slurm_time_limit"": ""00:06:00"", ""sys_nodes"": 1}}",3,tuolumne/SW_M
de1b17d25e,"{""config"": {""instance_level"": {""0"": {""match_policy"": ""first"", ""queue_depth"": 32, ""queue_policy"": ""fcfs"", ""reservation_depth"": 64}, ""1"": {""job_request_cores_per_task"": 24, ""job_request_gpus_per_task"": 1, ""job_request_nodes"": 1, ""job_request_ntasks_per_node"": 1, ""job_request_time"": ""30s"", ""match_policy"": ""first"", ""n_jobs"": 20, ""problem_class"": ""B"", ""queue_depth"": 32, ""queue_policy"": ""fcfs"", ""reservation_depth"": 64, ""workload"": ""raja-perf%Polybench_GEMM%Base_HIP""}, ""2"": {""job_request_cores_per_task"": 24, ""job_request_gpus_per_task"": 1, ""job_request_nodes"": 1, ""job_request_ntasks_per_node"": 1, ""job_request_time"": ""30s"", ""match_policy"": ""low"", ""n_jobs"": 20, ""problem_class"": ""B"", ""queue_depth"": 32, ""queue_policy"": ""hybrid"", ""reservation_depth"": 64, ""workload"": ""raja-perf%Polybench_GEMM%Base_HIP""}}}, ""system"": {""cpu_affinity"": true, ""flux_time_limit"": ""6m"", ""max_cores_per_node"": 96, ""max_gpus_per_node"": 4, ""queue"": ""pbatch"", ""slurm_time_limit"": ""00:06:00"", ""sys_nodes"": 1}}",4,tuolumne/SW_M
de1b17d25e,"{""config"": {""instance_level"": {""0"": {""match_policy"": ""first"", ""queue_depth"": 32, ""queue_policy"": ""fcfs"", ""reservation_depth"": 64}, ""1"": {""job_request_cores_per_task"": 24, ""job_request_gpus_per_task"": 1, ""job_request_nodes"": 1, ""job_request_ntasks_per_node"": 1, ""job_request_time"": ""30s"", ""match_policy"": ""first"", ""n_jobs"": 20, ""problem_class"": ""B"", ""queue_depth"": 32, ""queue_policy"": ""fcfs"", ""reservation_depth"": 64, ""workload"": ""raja-perf%Polybench_GEMM%Base_HIP""}, ""2"": {""job_request_cores_per_task"": 24, ""job_request_gpus_per_task"": 1, ""job_request_nodes"": 1, ""job_request_ntasks_per_node"": 1, ""job_request_time"": ""30s"", ""match_policy"": ""low"", ""n_jobs"": 20, ""problem_class"": ""B"", ""queue_depth"": 32, ""queue_policy"": ""hybrid"", ""reservation_depth"": 64, ""workload"": ""raja-perf%Polybench_GEMM%Base_HIP""}}}, ""system"": {""cpu_affinity"": true, ""flux_time_limit"": ""6m"", ""max_cores_per_node"": 96, ""max_gpus_per_node"": 4, ""queue"": ""pbatch"", ""slurm_time_limit"": ""00:06:00"", ""sys_nodes"": 1}}",5,tuolumne/SW_M
fb84d5474d,"{""config"": {""instance_level"": {""0"": {""match_policy"": ""first"", ""queue_depth"": 32, ""queue_policy"": ""fcfs"", ""reservation_depth"": 64}, ""1"": {""job_request_cores_per_task"": 24, ""job_request_gpus_per_task"": 1, ""job_request_nodes"": 1, ""job_request_ntasks_per_node"": 1, ""job_request_time"": ""30s"", ""match_policy"": ""first"", ""n_jobs"": 20, ""problem_class"": ""B"", ""queue_depth"": 32, ""queue_policy"": ""hybrid"", ""reservation_depth"": 64, ""workload"": ""babelstream""}, ""2"": {""job_request_cores_per_task"": 24, ""job_request_gpus_per_task"": 1, ""job_request_nodes"": 1, ""job_request_ntasks_per_node"": 1, ""job_request_time"": ""30s"", ""match_policy"": ""first"", ""n_jobs"": 20, ""problem_class"": ""B"", ""queue_depth"": 32, ""queue_policy"": ""fcfs"", ""reservation_depth"": 64, ""workload"": ""babelstream""}}}, ""system"": {""cpu_affinity"": true, ""flux_time_limit"": ""6m"", ""max_cores_per_node"": 96, ""max_gpus_per_node"": 4, ""queue"": ""pbatch"", ""slurm_time_limit"": ""00:06:00"", ""sys_nodes"": 1}}",1,tuolumne/SW_M
fb84d5474d,"{""config"": {""instance_level"": {""0"": {""match_policy"": ""first"", ""queue_depth"": 32, ""queue_policy"": ""fcfs"", ""reservation_depth"": 64}, ""1"": {""job_request_cores_per_task"": 24, ""job_request_gpus_per_task"": 1, ""job_request_nodes"": 1, ""job_request_ntasks_per_node"": 1, ""job_request_time"": ""30s"", ""match_policy"": ""first"", ""n_jobs"": 20, ""problem_class"": ""B"", ""queue_depth"": 32, ""queue_policy"": ""hybrid"", ""reservation_depth"": 64, ""workload"": ""babelstream""}, ""2"": {""job_request_cores_per_task"": 24, ""job_request_gpus_per_task"": 1, ""job_request_nodes"": 1, ""job_request_ntasks_per_node"": 1, ""job_request_time"": ""30s"", ""match_policy"": ""first"", ""n_jobs"": 20, ""problem_class"": ""B"", ""queue_depth"": 32, ""queue_policy"": ""fcfs"", ""reservation_depth"": 64, ""workload"": ""babelstream""}}}, ""system"": {""cpu_affinity"": true, ""flux_time_limit"": ""6m"", ""max_cores_per_node"": 96, ""max_gpus_per_node"": 4, ""queue"": ""pbatch"", ""slurm_time_limit"": ""00:06:00"", ""sys_nodes"": 1}}",2,tuolumne/SW_M
fb84d5474d,"{""config"": {""instance_level"": {""0"": {""match_policy"": ""first"", ""queue_depth"": 32, ""queue_policy"": ""fcfs"", ""reservation_depth"": 64}, ""1"": {""job_request_cores_per_task"": 24, ""job_request_gpus_per_task"": 1, ""job_request_nodes"": 1, ""job_request_ntasks_per_node"": 1, ""job_request_time"": ""30s"", ""match_policy"": ""first"", ""n_jobs"": 20, ""problem_class"": ""B"", ""queue_depth"": 32, ""queue_policy"": ""hybrid"", ""reservation_depth"": 64, ""workload"": ""babelstream""}, ""2"": {""job_request_cores_per_task"": 24, ""job_request_gpus_per_task"": 1, ""job_request_nodes"": 1, ""job_request_ntasks_per_node"": 1, ""job_request_time"": ""30s"", ""match_policy"": ""first"", ""n_jobs"": 20, ""problem_class"": ""B"", ""queue_depth"": 32, ""queue_policy"": ""fcfs"", ""reservation_depth"": 64, ""workload"": ""babelstream""}}}, ""system"": {""cpu_affinity"": true, ""flux_time_limit"": ""6m"", ""max_cores_per_node"": 96, ""max_gpus_per_node"": 4, ""queue"": ""pbatch"", ""slurm_time_limit"": ""00:06:00"", ""sys_nodes"": 1}}",3,tuolumne/SW_M
fb84d5474d,"{""config"": {""instance_level"": {""0"": {""match_policy"": ""first"", ""queue_depth"": 32, ""queue_policy"": ""fcfs"", ""reservation_depth"": 64}, ""1"": {""job_request_cores_per_task"": 24, ""job_request_gpus_per_task"": 1, ""job_request_nodes"": 1, ""job_request_ntasks_per_node"": 1, ""job_request_time"": ""30s"", ""match_policy"": ""first"", ""n_jobs"": 20, ""problem_class"": ""B"", ""queue_depth"": 32, ""queue_policy"": ""hybrid"", ""reservation_depth"": 64, ""workload"": ""babelstream""}, ""2"": {""job_request_cores_per_task"": 24, ""job_request_gpus_per_task"": 1, ""job_request_nodes"": 1, ""job_request_ntasks_per_node"": 1, ""job_request_time"": ""30s"", ""match_policy"": ""first"", ""n_jobs"": 20, ""problem_class"": ""B"", ""queue_depth"": 32, ""queue_policy"": ""fcfs"", ""reservation_depth"": 64, ""workload"": ""babelstream""}}}, ""system"": {""cpu_affinity"": true, ""flux_time_limit"": ""6m"", ""max_cores_per_node"": 96, ""max_gpus_per_node"": 4, ""queue"": ""pbatch"", ""slurm_time_limit"": ""00:06:00"", ""sys_nodes"": 1}}",4,tuolumne/SW_M
fb84d5474d,"{""config"": {""instance_level"": {""0"": {""match_policy"": ""first"", ""queue_depth"": 32, ""queue_policy"": ""fcfs"", ""reservation_depth"": 64}, ""1"": {""job_request_cores_per_task"": 24, ""job_request_gpus_per_task"": 1, ""job_request_nodes"": 1, ""job_request_ntasks_per_node"": 1, ""job_request_time"": ""30s"", ""match_policy"": ""first"", ""n_jobs"": 20, ""problem_class"": ""B"", ""queue_depth"": 32, ""queue_policy"": ""hybrid"", ""reservation_depth"": 64, ""workload"": ""babelstream""}, ""2"": {""job_request_cores_per_task"": 24, ""job_request_gpus_per_task"": 1, ""job_request_nodes"": 1, ""job_request_ntasks_per_node"": 1, ""job_request_time"": ""30s"", ""match_policy"": ""first"", ""n_jobs"": 20, ""problem_class"": ""B"", ""queue_depth"": 32, ""queue_policy"": ""fcfs"", ""reservation_depth"": 64, ""workload"": ""babelstream""}}}, ""system"": {""cpu_affinity"": true, ""flux_time_limit"": ""6m"", ""max_cores_per_node"": 96, ""max_gpus_per_node"": 4, ""queue"": ""pbatch"", ""slurm_time_limit"": ""00:06:00"", ""sys_nodes"": 1}}",5,tuolumne/SW_M
48111b0a3b,"{""config"": {""instance_level"": {""0"": {""match_policy"": ""first"", ""queue_depth"": 32, ""queue_policy"": ""fcfs"", ""reservation_depth"": 64}, ""1"": {""job_request_cores_per_task"": 24, ""job_request_gpus_per_task"": 1, ""job_request_nodes"": 1, ""job_request_ntasks_per_node"": 1, ""job_request_time"": ""30s"", ""match_policy"": ""first"", ""n_jobs"": 20, ""problem_class"": ""B"", ""queue_depth"": 32, ""queue_policy"": ""hybrid"", ""reservation_depth"": 64, ""workload"": ""babelstream""}, ""2"": {""job_request_cores_per_task"": 24, ""job_request_gpus_per_task"": 1, ""job_request_nodes"": 1, ""job_request_ntasks_per_node"": 1, ""job_request_time"": ""30s"", ""match_policy"": ""first"", ""n_jobs"": 20, ""problem_class"": ""B"", ""queue_depth"": 32, ""queue_policy"": ""hybrid"", ""reservation_depth"": 64, ""workload"": ""babelstream""}}}, ""system"": {""cpu_affinity"": true, ""flux_time_limit"": ""6m"", ""max_cores_per_node"": 96, ""max_gpus_per_node"": 4, ""queue"": ""pbatch"", ""slurm_time_limit"": ""00:06:00"", ""sys_nodes"": 1}}",1,tuolumne/SW_M
48111b0a3b,"{""config"": {""instance_level"": {""0"": {""match_policy"": ""first"", ""queue_depth"": 32, ""queue_policy"": ""fcfs"", ""reservation_depth"": 64}, ""1"": {""job_request_cores_per_task"": 24, ""job_request_gpus_per_task"": 1, ""job_request_nodes"": 1, ""job_request_ntasks_per_node"": 1, ""job_request_time"": ""30s"", ""match_policy"": ""first"", ""n_jobs"": 20, ""problem_class"": ""B"", ""queue_depth"": 32, ""queue_policy"": ""hybrid"", ""reservation_depth"": 64, ""workload"": ""babelstream""}, ""2"": {""job_request_cores_per_task"": 24, ""job_request_gpus_per_task"": 1, ""job_request_nodes"": 1, ""job_request_ntasks_per_node"": 1, ""job_request_time"": ""30s"", ""match_policy"": ""first"", ""n_jobs"": 20, ""problem_class"": ""B"", ""queue_depth"": 32, ""queue_policy"": ""hybrid"", ""reservation_depth"": 64, ""workload"": ""babelstream""}}}, ""system"": {""cpu_affinity"": true, ""flux_time_limit"": ""6m"", ""max_cores_per_node"": 96, ""max_gpus_per_node"": 4, ""queue"": ""pbatch"", ""slurm_time_limit"": ""00:06:00"", ""sys_nodes"": 1}}",2,tuolumne/SW_M
48111b0a3b,"{""config"": {""instance_level"": {""0"": {""match_policy"": ""first"", ""queue_depth"": 32, ""queue_policy"": ""fcfs"", ""reservation_depth"": 64}, ""1"": {""job_request_cores_per_task"": 24, ""job_request_gpus_per_task"": 1, ""job_request_nodes"": 1, ""job_request_ntasks_per_node"": 1, ""job_request_time"": ""30s"", ""match_policy"": ""first"", ""n_jobs"": 20, ""problem_class"": ""B"", ""queue_depth"": 32, ""queue_policy"": ""hybrid"", ""reservation_depth"": 64, ""workload"": ""babelstream""}, ""2"": {""job_request_cores_per_task"": 24, ""job_request_gpus_per_task"": 1, ""job_request_nodes"": 1, ""job_request_ntasks_per_node"": 1, ""job_request_time"": ""30s"", ""match_policy"": ""first"", ""n_jobs"": 20, ""problem_class"": ""B"", ""queue_depth"": 32, ""queue_policy"": ""hybrid"", ""reservation_depth"": 64, ""workload"": ""babelstream""}}}, ""system"": {""cpu_affinity"": true, ""flux_time_limit"": ""6m"", ""max_cores_per_node"": 96, ""max_gpus_per_node"": 4, ""queue"": ""pbatch"", ""slurm_time_limit"": ""00:06:00"", ""sys_nodes"": 1}}",3,tuolumne/SW_M
48111b0a3b,"{""config"": {""instance_level"": {""0"": {""match_policy"": ""first"", ""queue_depth"": 32, ""queue_policy"": ""fcfs"", ""reservation_depth"": 64}, ""1"": {""job_request_cores_per_task"": 24, ""job_request_gpus_per_task"": 1, ""job_request_nodes"": 1, ""job_request_ntasks_per_node"": 1, ""job_request_time"": ""30s"", ""match_policy"": ""first"", ""n_jobs"": 20, ""problem_class"": ""B"", ""queue_depth"": 32, ""queue_policy"": ""hybrid"", ""reservation_depth"": 64, ""workload"": ""babelstream""}, ""2"": {""job_request_cores_per_task"": 24, ""job_request_gpus_per_task"": 1, ""job_request_nodes"": 1, ""job_request_ntasks_per_node"": 1, ""job_request_time"": ""30s"", ""match_policy"": ""first"", ""n_jobs"": 20, ""problem_class"": ""B"", ""queue_depth"": 32, ""queue_policy"": ""hybrid"", ""reservation_depth"": 64, ""workload"": ""babelstream""}}}, ""system"": {""cpu_affinity"": true, ""flux_time_limit"": ""6m"", ""max_cores_per_node"": 96, ""max_gpus_per_node"": 4, ""queue"": ""pbatch"", ""slurm_time_limit"": ""00:06:00"", ""sys_nodes"": 1}}",4,tuolumne/SW_M
48111b0a3b,"{""config"": {""instance_level"": {""0"": {""match_policy"": ""first"", ""queue_depth"": 32, ""queue_policy"": ""fcfs"", ""reservation_depth"": 64}, ""1"": {""job_request_cores_per_task"": 24, ""job_request_gpus_per_task"": 1, ""job_request_nodes"": 1, ""job_request_ntasks_per_node"": 1, ""job_request_time"": ""30s"", ""match_policy"": ""first"", ""n_jobs"": 20, ""problem_class"": ""B"", ""queue_depth"": 32, ""queue_policy"": ""hybrid"", ""reservation_depth"": 64, ""workload"": ""babelstream""}, ""2"": {""job_request_cores_per_task"": 24, ""job_request_gpus_per_task"": 1, ""job_request_nodes"": 1, ""job_request_ntasks_per_node"": 1, ""job_request_time"": ""30s"", ""match_policy"": ""first"", ""n_jobs"": 20, ""problem_class"": ""B"", ""queue_depth"": 32, ""queue_policy"": ""hybrid"", ""reservation_depth"": 64, ""workload"": ""babelstream""}}}, ""system"": {""cpu_affinity"": true, ""flux_time_limit"": ""6m"", ""max_cores_per_node"": 96, ""max_gpus_per_node"": 4, ""queue"": ""pbatch"", ""slurm_time_limit"": ""00:06:00"", ""sys_nodes"": 1}}",5,tuolumne/SW_M
84e69bd096,"{""config"": {""instance_level"": {""0"": {""match_policy"": ""first"", ""queue_depth"": 32, ""queue_policy"": ""fcfs"", ""reservation_depth"": 64}, ""1"": {""job_request_cores_per_task"": 24, ""job_request_gpus_per_task"": 1, ""job_request_nodes"": 1, ""job_request_ntasks_per_node"": 1, ""job_request_time"": ""30s"", ""match_policy"": ""first"", ""n_jobs"": 20, ""problem_class"": ""B"", ""queue_depth"": 32, ""queue_policy"": ""hybrid"", ""reservation_depth"": 64, ""workload"": ""babelstream""}, ""2"": {""job_request_cores_per_task"": 24, ""job_request_gpus_per_task"": 1, ""job_request_nodes"": 1, ""job_request_ntasks_per_node"": 1, ""job_request_time"": ""30s"", ""match_policy"": ""low"", ""n_jobs"": 20, ""problem_class"": ""B"", ""queue_depth"": 32, ""queue_policy"": ""fcfs"", ""reservation_depth"": 64, ""workload"": ""babelstream""}}}, ""system"": {""cpu_affinity"": true, ""flux_time_limit"": ""6m"", ""max_cores_per_node"": 96, ""max_gpus_per_node"": 4, ""queue"": ""pbatch"", ""slurm_time_limit"": ""00:06:00"", ""sys_nodes"": 1}}",1,tuolumne/SW_M
84e69bd096,"{""config"": {""instance_level"": {""0"": {""match_policy"": ""first"", ""queue_depth"": 32, ""queue_policy"": ""fcfs"", ""reservation_depth"": 64}, ""1"": {""job_request_cores_per_task"": 24, ""job_request_gpus_per_task"": 1, ""job_request_nodes"": 1, ""job_request_ntasks_per_node"": 1, ""job_request_time"": ""30s"", ""match_policy"": ""first"", ""n_jobs"": 20, ""problem_class"": ""B"", ""queue_depth"": 32, ""queue_policy"": ""hybrid"", ""reservation_depth"": 64, ""workload"": ""babelstream""}, ""2"": {""job_request_cores_per_task"": 24, ""job_request_gpus_per_task"": 1, ""job_request_nodes"": 1, ""job_request_ntasks_per_node"": 1, ""job_request_time"": ""30s"", ""match_policy"": ""low"", ""n_jobs"": 20, ""problem_class"": ""B"", ""queue_depth"": 32, ""queue_policy"": ""fcfs"", ""reservation_depth"": 64, ""workload"": ""babelstream""}}}, ""system"": {""cpu_affinity"": true, ""flux_time_limit"": ""6m"", ""max_cores_per_node"": 96, ""max_gpus_per_node"": 4, ""queue"": ""pbatch"", ""slurm_time_limit"": ""00:06:00"", ""sys_nodes"": 1}}",2,tuolumne/SW_M
84e69bd096,"{""config"": {""instance_level"": {""0"": {""match_policy"": ""first"", ""queue_depth"": 32, ""queue_policy"": ""fcfs"", ""reservation_depth"": 64}, ""1"": {""job_request_cores_per_task"": 24, ""job_request_gpus_per_task"": 1, ""job_request_nodes"": 1, ""job_request_ntasks_per_node"": 1, ""job_request_time"": ""30s"", ""match_policy"": ""first"", ""n_jobs"": 20, ""problem_class"": ""B"", ""queue_depth"": 32, ""queue_policy"": ""hybrid"", ""reservation_depth"": 64, ""workload"": ""babelstream""}, ""2"": {""job_request_cores_per_task"": 24, ""job_request_gpus_per_task"": 1, ""job_request_nodes"": 1, ""job_request_ntasks_per_node"": 1, ""job_request_time"": ""30s"", ""match_policy"": ""low"", ""n_jobs"": 20, ""problem_class"": ""B"", ""queue_depth"": 32, ""queue_policy"": ""fcfs"", ""reservation_depth"": 64, ""workload"": ""babelstream""}}}, ""system"": {""cpu_affinity"": true, ""flux_time_limit"": ""6m"", ""max_cores_per_node"": 96, ""max_gpus_per_node"": 4, ""queue"": ""pbatch"", ""slurm_time_limit"": ""00:06:00"", ""sys_nodes"": 1}}",3,tuolumne/SW_M
84e69bd096,"{""config"": {""instance_level"": {""0"": {""match_policy"": ""first"", ""queue_depth"": 32, ""queue_policy"": ""fcfs"", ""reservation_depth"": 64}, ""1"": {""job_request_cores_per_task"": 24, ""job_request_gpus_per_task"": 1, ""job_request_nodes"": 1, ""job_request_ntasks_per_node"": 1, ""job_request_time"": ""30s"", ""match_policy"": ""first"", ""n_jobs"": 20, ""problem_class"": ""B"", ""queue_depth"": 32, ""queue_policy"": ""hybrid"", ""reservation_depth"": 64, ""workload"": ""babelstream""}, ""2"": {""job_request_cores_per_task"": 24, ""job_request_gpus_per_task"": 1, ""job_request_nodes"": 1, ""job_request_ntasks_per_node"": 1, ""job_request_time"": ""30s"", ""match_policy"": ""low"", ""n_jobs"": 20, ""problem_class"": ""B"", ""queue_depth"": 32, ""queue_policy"": ""fcfs"", ""reservation_depth"": 64, ""workload"": ""babelstream""}}}, ""system"": {""cpu_affinity"": true, ""flux_time_limit"": ""6m"", ""max_cores_per_node"": 96, ""max_gpus_per_node"": 4, ""queue"": ""pbatch"", ""slurm_time_limit"": ""00:06:00"", ""sys_nodes"": 1}}",4,tuolumne/SW_M
84e69bd096,"{""config"": {""instance_level"": {""0"": {""match_policy"": ""first"", ""queue_depth"": 32, ""queue_policy"": ""fcfs"", ""reservation_depth"": 64}, ""1"": {""job_request_cores_per_task"": 24, ""job_request_gpus_per_task"": 1, ""job_request_nodes"": 1, ""job_request_ntasks_per_node"": 1, ""job_request_time"": ""30s"", ""match_policy"": ""first"", ""n_jobs"": 20, ""problem_class"": ""B"", ""queue_depth"": 32, ""queue_policy"": ""hybrid"", ""reservation_depth"": 64, ""workload"": ""babelstream""}, ""2"": {""job_request_cores_per_task"": 24, ""job_request_gpus_per_task"": 1, ""job_request_nodes"": 1, ""job_request_ntasks_per_node"": 1, ""job_request_time"": ""30s"", ""match_policy"": ""low"", ""n_jobs"": 20, ""problem_class"": ""B"", ""queue_depth"": 32, ""queue_policy"": ""fcfs"", ""reservation_depth"": 64, ""workload"": ""babelstream""}}}, ""system"": {""cpu_affinity"": true, ""flux_time_limit"": ""6m"", ""max_cores_per_node"": 96, ""max_gpus_per_node"": 4, ""queue"": ""pbatch"", ""slurm_time_limit"": ""00:06:00"", ""sys_nodes"": 1}}",5,tuolumne/SW_M
80bc5ab019,"{""config"": {""instance_level"": {""0"": {""match_policy"": ""first"", ""queue_depth"": 32, ""queue_policy"": ""fcfs"", ""reservation_depth"": 64}, ""1"": {""job_request_cores_per_task"": 24, ""job_request_gpus_per_task"": 1, ""job_request_nodes"": 1, ""job_request_ntasks_per_node"": 1, ""job_request_time"": ""30s"", ""match_policy"": ""first"", ""n_jobs"": 20, ""problem_class"": ""B"", ""queue_depth"": 32, ""queue_policy"": ""hybrid"", ""reservation_depth"": 64, ""workload"": ""babelstream""}, ""2"": {""job_request_cores_per_task"": 24, ""job_request_gpus_per_task"": 1, ""job_request_nodes"": 1, ""job_request_ntasks_per_node"": 1, ""job_request_time"": ""30s"", ""match_policy"": ""low"", ""n_jobs"": 20, ""problem_class"": ""B"", ""queue_depth"": 32, ""queue_policy"": ""hybrid"", ""reservation_depth"": 64, ""workload"": ""babelstream""}}}, ""system"": {""cpu_affinity"": true, ""flux_time_limit"": ""6m"", ""max_cores_per_node"": 96, ""max_gpus_per_node"": 4, ""queue"": ""pbatch"", ""slurm_time_limit"": ""00:06:00"", ""sys_nodes"": 1}}",1,tuolumne/SW_M
80bc5ab019,"{""config"": {""instance_level"": {""0"": {""match_policy"": ""first"", ""queue_depth"": 32, ""queue_policy"": ""fcfs"", ""reservation_depth"": 64}, ""1"": {""job_request_cores_per_task"": 24, ""job_request_gpus_per_task"": 1, ""job_request_nodes"": 1, ""job_request_ntasks_per_node"": 1, ""job_request_time"": ""30s"", ""match_policy"": ""first"", ""n_jobs"": 20, ""problem_class"": ""B"", ""queue_depth"": 32, ""queue_policy"": ""hybrid"", ""reservation_depth"": 64, ""workload"": ""babelstream""}, ""2"": {""job_request_cores_per_task"": 24, ""job_request_gpus_per_task"": 1, ""job_request_nodes"": 1, ""job_request_ntasks_per_node"": 1, ""job_request_time"": ""30s"", ""match_policy"": ""low"", ""n_jobs"": 20, ""problem_class"": ""B"", ""queue_depth"": 32, ""queue_policy"": ""hybrid"", ""reservation_depth"": 64, ""workload"": ""babelstream""}}}, ""system"": {""cpu_affinity"": true, ""flux_time_limit"": ""6m"", ""max_cores_per_node"": 96, ""max_gpus_per_node"": 4, ""queue"": ""pbatch"", ""slurm_time_limit"": ""00:06:00"", ""sys_nodes"": 1}}",2,tuolumne/SW_M
80bc5ab019,"{""config"": {""instance_level"": {""0"": {""match_policy"": ""first"", ""queue_depth"": 32, ""queue_policy"": ""fcfs"", ""reservation_depth"": 64}, ""1"": {""job_request_cores_per_task"": 24, ""job_request_gpus_per_task"": 1, ""job_request_nodes"": 1, ""job_request_ntasks_per_node"": 1, ""job_request_time"": ""30s"", ""match_policy"": ""first"", ""n_jobs"": 20, ""problem_class"": ""B"", ""queue_depth"": 32, ""queue_policy"": ""hybrid"", ""reservation_depth"": 64, ""workload"": ""babelstream""}, ""2"": {""job_request_cores_per_task"": 24, ""job_request_gpus_per_task"": 1, ""job_request_nodes"": 1, ""job_request_ntasks_per_node"": 1, ""job_request_time"": ""30s"", ""match_policy"": ""low"", ""n_jobs"": 20, ""problem_class"": ""B"", ""queue_depth"": 32, ""queue_policy"": ""hybrid"", ""reservation_depth"": 64, ""workload"": ""babelstream""}}}, ""system"": {""cpu_affinity"": true, ""flux_time_limit"": ""6m"", ""max_cores_per_node"": 96, ""max_gpus_per_node"": 4, ""queue"": ""pbatch"", ""slurm_time_limit"": ""00:06:00"", ""sys_nodes"": 1}}",3,tuolumne/SW_M
80bc5ab019,"{""config"": {""instance_level"": {""0"": {""match_policy"": ""first"", ""queue_depth"": 32, ""queue_policy"": ""fcfs"", ""reservation_depth"": 64}, ""1"": {""job_request_cores_per_task"": 24, ""job_request_gpus_per_task"": 1, ""job_request_nodes"": 1, ""job_request_ntasks_per_node"": 1, ""job_request_time"": ""30s"", ""match_policy"": ""first"", ""n_jobs"": 20, ""problem_class"": ""B"", ""queue_depth"": 32, ""queue_policy"": ""hybrid"", ""reservation_depth"": 64, ""workload"": ""babelstream""}, ""2"": {""job_request_cores_per_task"": 24, ""job_request_gpus_per_task"": 1, ""job_request_nodes"": 1, ""job_request_ntasks_per_node"": 1, ""job_request_time"": ""30s"", ""match_policy"": ""low"", ""n_jobs"": 20, ""problem_class"": ""B"", ""queue_depth"": 32, ""queue_policy"": ""hybrid"", ""reservation_depth"": 64, ""workload"": ""babelstream""}}}, ""system"": {""cpu_affinity"": true, ""flux_time_limit"": ""6m"", ""max_cores_per_node"": 96, ""max_gpus_per_node"": 4, ""queue"": ""pbatch"", ""slurm_time_limit"": ""00:06:00"", ""sys_nodes"": 1}}",4,tuolumne/SW_M
80bc5ab019,"{""config"": {""instance_level"": {""0"": {""match_policy"": ""first"", ""queue_depth"": 32, ""queue_policy"": ""fcfs"", ""reservation_depth"": 64}, ""1"": {""job_request_cores_per_task"": 24, ""job_request_gpus_per_task"": 1, ""job_request_nodes"": 1, ""job_request_ntasks_per_node"": 1, ""job_request_time"": ""30s"", ""match_policy"": ""first"", ""n_jobs"": 20, ""problem_class"": ""B"", ""queue_depth"": 32, ""queue_policy"": ""hybrid"", ""reservation_depth"": 64, ""workload"": ""babelstream""}, ""2"": {""job_request_cores_per_task"": 24, ""job_request_gpus_per_task"": 1, ""job_request_nodes"": 1, ""job_request_ntasks_per_node"": 1, ""job_request_time"": ""30s"", ""match_policy"": ""low"", ""n_jobs"": 20, ""problem_class"": ""B"", ""queue_depth"": 32, ""queue_policy"": ""hybrid"", ""reservation_depth"": 64, ""workload"": ""babelstream""}}}, ""system"": {""cpu_affinity"": true, ""flux_time_limit"": ""6m"", ""max_cores_per_node"": 96, ""max_gpus_per_node"": 4, ""queue"": ""pbatch"", ""slurm_time_limit"": ""00:06:00"", ""sys_nodes"": 1}}",5,tuolumne/SW_M
77e4cc4b90,"{""config"": {""instance_level"": {""0"": {""match_policy"": ""first"", ""queue_depth"": 32, ""queue_policy"": ""fcfs"", ""reservation_depth"": 64}, ""1"": {""job_request_cores_per_task"": 24, ""job_request_gpus_per_task"": 1, ""job_request_nodes"": 1, ""job_request_ntasks_per_node"": 1, ""job_request_time"": ""30s"", ""match_policy"": ""first"", ""n_jobs"": 20, ""problem_class"": ""B"", ""queue_depth"": 32, ""queue_policy"": ""hybrid"", ""reservation_depth"": 64, ""workload"": ""raja-perf%Polybench_GEMM%Base_HIP""}, ""2"": {""job_request_cores_per_task"": 24, ""job_request_gpus_per_task"": 1, ""job_request_nodes"": 1, ""job_request_ntasks_per_node"": 1, ""job_request_time"": ""30s"", ""match_policy"": ""first"", ""n_jobs"": 20, ""problem_class"": ""B"", ""queue_depth"": 32, ""queue_policy"": ""fcfs"", ""reservation_depth"": 64, ""workload"": ""raja-perf%Polybench_GEMM%Base_HIP""}}}, ""system"": {""cpu_affinity"": true, ""flux_time_limit"": ""6m"", ""max_cores_per_node"": 96, ""max_gpus_per_node"": 4, ""queue"": ""pbatch"", ""slurm_time_limit"": ""00:06:00"", ""sys_nodes"": 1}}",1,tuolumne/SW_M
77e4cc4b90,"{""config"": {""instance_level"": {""0"": {""match_policy"": ""first"", ""queue_depth"": 32, ""queue_policy"": ""fcfs"", ""reservation_depth"": 64}, ""1"": {""job_request_cores_per_task"": 24, ""job_request_gpus_per_task"": 1, ""job_request_nodes"": 1, ""job_request_ntasks_per_node"": 1, ""job_request_time"": ""30s"", ""match_policy"": ""first"", ""n_jobs"": 20, ""problem_class"": ""B"", ""queue_depth"": 32, ""queue_policy"": ""hybrid"", ""reservation_depth"": 64, ""workload"": ""raja-perf%Polybench_GEMM%Base_HIP""}, ""2"": {""job_request_cores_per_task"": 24, ""job_request_gpus_per_task"": 1, ""job_request_nodes"": 1, ""job_request_ntasks_per_node"": 1, ""job_request_time"": ""30s"", ""match_policy"": ""first"", ""n_jobs"": 20, ""problem_class"": ""B"", ""queue_depth"": 32, ""queue_policy"": ""fcfs"", ""reservation_depth"": 64, ""workload"": ""raja-perf%Polybench_GEMM%Base_HIP""}}}, ""system"": {""cpu_affinity"": true, ""flux_time_limit"": ""6m"", ""max_cores_per_node"": 96, ""max_gpus_per_node"": 4, ""queue"": ""pbatch"", ""slurm_time_limit"": ""00:06:00"", ""sys_nodes"": 1}}",2,tuolumne/SW_M
77e4cc4b90,"{""config"": {""instance_level"": {""0"": {""match_policy"": ""first"", ""queue_depth"": 32, ""queue_policy"": ""fcfs"", ""reservation_depth"": 64}, ""1"": {""job_request_cores_per_task"": 24, ""job_request_gpus_per_task"": 1, ""job_request_nodes"": 1, ""job_request_ntasks_per_node"": 1, ""job_request_time"": ""30s"", ""match_policy"": ""first"", ""n_jobs"": 20, ""problem_class"": ""B"", ""queue_depth"": 32, ""queue_policy"": ""hybrid"", ""reservation_depth"": 64, ""workload"": ""raja-perf%Polybench_GEMM%Base_HIP""}, ""2"": {""job_request_cores_per_task"": 24, ""job_request_gpus_per_task"": 1, ""job_request_nodes"": 1, ""job_request_ntasks_per_node"": 1, ""job_request_time"": ""30s"", ""match_policy"": ""first"", ""n_jobs"": 20, ""problem_class"": ""B"", ""queue_depth"": 32, ""queue_policy"": ""fcfs"", ""reservation_depth"": 64, ""workload"": ""raja-perf%Polybench_GEMM%Base_HIP""}}}, ""system"": {""cpu_affinity"": true, ""flux_time_limit"": ""6m"", ""max_cores_per_node"": 96, ""max_gpus_per_node"": 4, ""queue"": ""pbatch"", ""slurm_time_limit"": ""00:06:00"", ""sys_nodes"": 1}}",3,tuolumne/SW_M
77e4cc4b90,"{""config"": {""instance_level"": {""0"": {""match_policy"": ""first"", ""queue_depth"": 32, ""queue_policy"": ""fcfs"", ""reservation_depth"": 64}, ""1"": {""job_request_cores_per_task"": 24, ""job_request_gpus_per_task"": 1, ""job_request_nodes"": 1, ""job_request_ntasks_per_node"": 1, ""job_request_time"": ""30s"", ""match_policy"": ""first"", ""n_jobs"": 20, ""problem_class"": ""B"", ""queue_depth"": 32, ""queue_policy"": ""hybrid"", ""reservation_depth"": 64, ""workload"": ""raja-perf%Polybench_GEMM%Base_HIP""}, ""2"": {""job_request_cores_per_task"": 24, ""job_request_gpus_per_task"": 1, ""job_request_nodes"": 1, ""job_request_ntasks_per_node"": 1, ""job_request_time"": ""30s"", ""match_policy"": ""first"", ""n_jobs"": 20, ""problem_class"": ""B"", ""queue_depth"": 32, ""queue_policy"": ""fcfs"", ""reservation_depth"": 64, ""workload"": ""raja-perf%Polybench_GEMM%Base_HIP""}}}, ""system"": {""cpu_affinity"": true, ""flux_time_limit"": ""6m"", ""max_cores_per_node"": 96, ""max_gpus_per_node"": 4, ""queue"": ""pbatch"", ""slurm_time_limit"": ""00:06:00"", ""sys_nodes"": 1}}",4,tuolumne/SW_M
77e4cc4b90,"{""config"": {""instance_level"": {""0"": {""match_policy"": ""first"", ""queue_depth"": 32, ""queue_policy"": ""fcfs"", ""reservation_depth"": 64}, ""1"": {""job_request_cores_per_task"": 24, ""job_request_gpus_per_task"": 1, ""job_request_nodes"": 1, ""job_request_ntasks_per_node"": 1, ""job_request_time"": ""30s"", ""match_policy"": ""first"", ""n_jobs"": 20, ""problem_class"": ""B"", ""queue_depth"": 32, ""queue_policy"": ""hybrid"", ""reservation_depth"": 64, ""workload"": ""raja-perf%Polybench_GEMM%Base_HIP""}, ""2"": {""job_request_cores_per_task"": 24, ""job_request_gpus_per_task"": 1, ""job_request_nodes"": 1, ""job_request_ntasks_per_node"": 1, ""job_request_time"": ""30s"", ""match_policy"": ""first"", ""n_jobs"": 20, ""problem_class"": ""B"", ""queue_depth"": 32, ""queue_policy"": ""fcfs"", ""reservation_depth"": 64, ""workload"": ""raja-perf%Polybench_GEMM%Base_HIP""}}}, ""system"": {""cpu_affinity"": true, ""flux_time_limit"": ""6m"", ""max_cores_per_node"": 96, ""max_gpus_per_node"": 4, ""queue"": ""pbatch"", ""slurm_time_limit"": ""00:06:00"", ""sys_nodes"": 1}}",5,tuolumne/SW_M
ea6e787572,"{""config"": {""instance_level"": {""0"": {""match_policy"": ""first"", ""queue_depth"": 32, ""queue_policy"": ""fcfs"", ""reservation_depth"": 64}, ""1"": {""job_request_cores_per_task"": 24, ""job_request_gpus_per_task"": 1, ""job_request_nodes"": 1, ""job_request_ntasks_per_node"": 1, ""job_request_time"": ""30s"", ""match_policy"": ""first"", ""n_jobs"": 20, ""problem_class"": ""B"", ""queue_depth"": 32, ""queue_policy"": ""hybrid"", ""reservation_depth"": 64, ""workload"": ""raja-perf%Polybench_GEMM%Base_HIP""}, ""2"": {""job_request_cores_per_task"": 24, ""job_request_gpus_per_task"": 1, ""job_request_nodes"": 1, ""job_request_ntasks_per_node"": 1, ""job_request_time"": ""30s"", ""match_policy"": ""first"", ""n_jobs"": 20, ""problem_class"": ""B"", ""queue_depth"": 32, ""queue_policy"": ""hybrid"", ""reservation_depth"": 64, ""workload"": ""raja-perf%Polybench_GEMM%Base_HIP""}}}, ""system"": {""cpu_affinity"": true, ""flux_time_limit"": ""6m"", ""max_cores_per_node"": 96, ""max_gpus_per_node"": 4, ""queue"": ""pbatch"", ""slurm_time_limit"": ""00:06:00"", ""sys_nodes"": 1}}",1,tuolumne/SW_M
ea6e787572,"{""config"": {""instance_level"": {""0"": {""match_policy"": ""first"", ""queue_depth"": 32, ""queue_policy"": ""fcfs"", ""reservation_depth"": 64}, ""1"": {""job_request_cores_per_task"": 24, ""job_request_gpus_per_task"": 1, ""job_request_nodes"": 1, ""job_request_ntasks_per_node"": 1, ""job_request_time"": ""30s"", ""match_policy"": ""first"", ""n_jobs"": 20, ""problem_class"": ""B"", ""queue_depth"": 32, ""queue_policy"": ""hybrid"", ""reservation_depth"": 64, ""workload"": ""raja-perf%Polybench_GEMM%Base_HIP""}, ""2"": {""job_request_cores_per_task"": 24, ""job_request_gpus_per_task"": 1, ""job_request_nodes"": 1, ""job_request_ntasks_per_node"": 1, ""job_request_time"": ""30s"", ""match_policy"": ""first"", ""n_jobs"": 20, ""problem_class"": ""B"", ""queue_depth"": 32, ""queue_policy"": ""hybrid"", ""reservation_depth"": 64, ""workload"": ""raja-perf%Polybench_GEMM%Base_HIP""}}}, ""system"": {""cpu_affinity"": true, ""flux_time_limit"": ""6m"", ""max_cores_per_node"": 96, ""max_gpus_per_node"": 4, ""queue"": ""pbatch"", ""slurm_time_limit"": ""00:06:00"", ""sys_nodes"": 1}}",2,tuolumne/SW_M
ea6e787572,"{""config"": {""instance_level"": {""0"": {""match_policy"": ""first"", ""queue_depth"": 32, ""queue_policy"": ""fcfs"", ""reservation_depth"": 64}, ""1"": {""job_request_cores_per_task"": 24, ""job_request_gpus_per_task"": 1, ""job_request_nodes"": 1, ""job_request_ntasks_per_node"": 1, ""job_request_time"": ""30s"", ""match_policy"": ""first"", ""n_jobs"": 20, ""problem_class"": ""B"", ""queue_depth"": 32, ""queue_policy"": ""hybrid"", ""reservation_depth"": 64, ""workload"": ""raja-perf%Polybench_GEMM%Base_HIP""}, ""2"": {""job_request_cores_per_task"": 24, ""job_request_gpus_per_task"": 1, ""job_request_nodes"": 1, ""job_request_ntasks_per_node"": 1, ""job_request_time"": ""30s"", ""match_policy"": ""first"", ""n_jobs"": 20, ""problem_class"": ""B"", ""queue_depth"": 32, ""queue_policy"": ""hybrid"", ""reservation_depth"": 64, ""workload"": ""raja-perf%Polybench_GEMM%Base_HIP""}}}, ""system"": {""cpu_affinity"": true, ""flux_time_limit"": ""6m"", ""max_cores_per_node"": 96, ""max_gpus_per_node"": 4, ""queue"": ""pbatch"", ""slurm_time_limit"": ""00:06:00"", ""sys_nodes"": 1}}",3,tuolumne/SW_M
ea6e787572,"{""config"": {""instance_level"": {""0"": {""match_policy"": ""first"", ""queue_depth"": 32, ""queue_policy"": ""fcfs"", ""reservation_depth"": 64}, ""1"": {""job_request_cores_per_task"": 24, ""job_request_gpus_per_task"": 1, ""job_request_nodes"": 1, ""job_request_ntasks_per_node"": 1, ""job_request_time"": ""30s"", ""match_policy"": ""first"", ""n_jobs"": 20, ""problem_class"": ""B"", ""queue_depth"": 32, ""queue_policy"": ""hybrid"", ""reservation_depth"": 64, ""workload"": ""raja-perf%Polybench_GEMM%Base_HIP""}, ""2"": {""job_request_cores_per_task"": 24, ""job_request_gpus_per_task"": 1, ""job_request_nodes"": 1, ""job_request_ntasks_per_node"": 1, ""job_request_time"": ""30s"", ""match_policy"": ""first"", ""n_jobs"": 20, ""problem_class"": ""B"", ""queue_depth"": 32, ""queue_policy"": ""hybrid"", ""reservation_depth"": 64, ""workload"": ""raja-perf%Polybench_GEMM%Base_HIP""}}}, ""system"": {""cpu_affinity"": true, ""flux_time_limit"": ""6m"", ""max_cores_per_node"": 96, ""max_gpus_per_node"": 4, ""queue"": ""pbatch"", ""slurm_time_limit"": ""00:06:00"", ""sys_nodes"": 1}}",4,tuolumne/SW_M
ea6e787572,"{""config"": {""instance_level"": {""0"": {""match_policy"": ""first"", ""queue_depth"": 32, ""queue_policy"": ""fcfs"", ""reservation_depth"": 64}, ""1"": {""job_request_cores_per_task"": 24, ""job_request_gpus_per_task"": 1, ""job_request_nodes"": 1, ""job_request_ntasks_per_node"": 1, ""job_request_time"": ""30s"", ""match_policy"": ""first"", ""n_jobs"": 20, ""problem_class"": ""B"", ""queue_depth"": 32, ""queue_policy"": ""hybrid"", ""reservation_depth"": 64, ""workload"": ""raja-perf%Polybench_GEMM%Base_HIP""}, ""2"": {""job_request_cores_per_task"": 24, ""job_request_gpus_per_task"": 1, ""job_request_nodes"": 1, ""job_request_ntasks_per_node"": 1, ""job_request_time"": ""30s"", ""match_policy"": ""first"", ""n_jobs"": 20, ""problem_class"": ""B"", ""queue_depth"": 32, ""queue_policy"": ""hybrid"", ""reservation_depth"": 64, ""workload"": ""raja-perf%Polybench_GEMM%Base_HIP""}}}, ""system"": {""cpu_affinity"": true, ""flux_time_limit"": ""6m"", ""max_cores_per_node"": 96, ""max_gpus_per_node"": 4, ""queue"": ""pbatch"", ""slurm_time_limit"": ""00:06:00"", ""sys_nodes"": 1}}",5,tuolumne/SW_M
0dce9d9923,"{""config"": {""instance_level"": {""0"": {""match_policy"": ""first"", ""queue_depth"": 32, ""queue_policy"": ""fcfs"", ""reservation_depth"": 64}, ""1"": {""job_request_cores_per_task"": 24, ""job_request_gpus_per_task"": 1, ""job_request_nodes"": 1, ""job_request_ntasks_per_node"": 1, ""job_request_time"": ""30s"", ""match_policy"": ""first"", ""n_jobs"": 20, ""problem_class"": ""B"", ""queue_depth"": 32, ""queue_policy"": ""hybrid"", ""reservation_depth"": 64, ""workload"": ""raja-perf%Polybench_GEMM%Base_HIP""}, ""2"": {""job_request_cores_per_task"": 24, ""job_request_gpus_per_task"": 1, ""job_request_nodes"": 1, ""job_request_ntasks_per_node"": 1, ""job_request_time"": ""30s"", ""match_policy"": ""low"", ""n_jobs"": 20, ""problem_class"": ""B"", ""queue_depth"": 32, ""queue_policy"": ""fcfs"", ""reservation_depth"": 64, ""workload"": ""raja-perf%Polybench_GEMM%Base_HIP""}}}, ""system"": {""cpu_affinity"": true, ""flux_time_limit"": ""6m"", ""max_cores_per_node"": 96, ""max_gpus_per_node"": 4, ""queue"": ""pbatch"", ""slurm_time_limit"": ""00:06:00"", ""sys_nodes"": 1}}",1,tuolumne/SW_M
0dce9d9923,"{""config"": {""instance_level"": {""0"": {""match_policy"": ""first"", ""queue_depth"": 32, ""queue_policy"": ""fcfs"", ""reservation_depth"": 64}, ""1"": {""job_request_cores_per_task"": 24, ""job_request_gpus_per_task"": 1, ""job_request_nodes"": 1, ""job_request_ntasks_per_node"": 1, ""job_request_time"": ""30s"", ""match_policy"": ""first"", ""n_jobs"": 20, ""problem_class"": ""B"", ""queue_depth"": 32, ""queue_policy"": ""hybrid"", ""reservation_depth"": 64, ""workload"": ""raja-perf%Polybench_GEMM%Base_HIP""}, ""2"": {""job_request_cores_per_task"": 24, ""job_request_gpus_per_task"": 1, ""job_request_nodes"": 1, ""job_request_ntasks_per_node"": 1, ""job_request_time"": ""30s"", ""match_policy"": ""low"", ""n_jobs"": 20, ""problem_class"": ""B"", ""queue_depth"": 32, ""queue_policy"": ""fcfs"", ""reservation_depth"": 64, ""workload"": ""raja-perf%Polybench_GEMM%Base_HIP""}}}, ""system"": {""cpu_affinity"": true, ""flux_time_limit"": ""6m"", ""max_cores_per_node"": 96, ""max_gpus_per_node"": 4, ""queue"": ""pbatch"", ""slurm_time_limit"": ""00:06:00"", ""sys_nodes"": 1}}",2,tuolumne/SW_M
0dce9d9923,"{""config"": {""instance_level"": {""0"": {""match_policy"": ""first"", ""queue_depth"": 32, ""queue_policy"": ""fcfs"", ""reservation_depth"": 64}, ""1"": {""job_request_cores_per_task"": 24, ""job_request_gpus_per_task"": 1, ""job_request_nodes"": 1, ""job_request_ntasks_per_node"": 1, ""job_request_time"": ""30s"", ""match_policy"": ""first"", ""n_jobs"": 20, ""problem_class"": ""B"", ""queue_depth"": 32, ""queue_policy"": ""hybrid"", ""reservation_depth"": 64, ""workload"": ""raja-perf%Polybench_GEMM%Base_HIP""}, ""2"": {""job_request_cores_per_task"": 24, ""job_request_gpus_per_task"": 1, ""job_request_nodes"": 1, ""job_request_ntasks_per_node"": 1, ""job_request_time"": ""30s"", ""match_policy"": ""low"", ""n_jobs"": 20, ""problem_class"": ""B"", ""queue_depth"": 32, ""queue_policy"": ""fcfs"", ""reservation_depth"": 64, ""workload"": ""raja-perf%Polybench_GEMM%Base_HIP""}}}, ""system"": {""cpu_affinity"": true, ""flux_time_limit"": ""6m"", ""max_cores_per_node"": 96, ""max_gpus_per_node"": 4, ""queue"": ""pbatch"", ""slurm_time_limit"": ""00:06:00"", ""sys_nodes"": 1}}",3,tuolumne/SW_M
0dce9d9923,"{""config"": {""instance_level"": {""0"": {""match_policy"": ""first"", ""queue_depth"": 32, ""queue_policy"": ""fcfs"", ""reservation_depth"": 64}, ""1"": {""job_request_cores_per_task"": 24, ""job_request_gpus_per_task"": 1, ""job_request_nodes"": 1, ""job_request_ntasks_per_node"": 1, ""job_request_time"": ""30s"", ""match_policy"": ""first"", ""n_jobs"": 20, ""problem_class"": ""B"", ""queue_depth"": 32, ""queue_policy"": ""hybrid"", ""reservation_depth"": 64, ""workload"": ""raja-perf%Polybench_GEMM%Base_HIP""}, ""2"": {""job_request_cores_per_task"": 24, ""job_request_gpus_per_task"": 1, ""job_request_nodes"": 1, ""job_request_ntasks_per_node"": 1, ""job_request_time"": ""30s"", ""match_policy"": ""low"", ""n_jobs"": 20, ""problem_class"": ""B"", ""queue_depth"": 32, ""queue_policy"": ""fcfs"", ""reservation_depth"": 64, ""workload"": ""raja-perf%Polybench_GEMM%Base_HIP""}}}, ""system"": {""cpu_affinity"": true, ""flux_time_limit"": ""6m"", ""max_cores_per_node"": 96, ""max_gpus_per_node"": 4, ""queue"": ""pbatch"", ""slurm_time_limit"": ""00:06:00"", ""sys_nodes"": 1}}",4,tuolumne/SW_M
0dce9d9923,"{""config"": {""instance_level"": {""0"": {""match_policy"": ""first"", ""queue_depth"": 32, ""queue_policy"": ""fcfs"", ""reservation_depth"": 64}, ""1"": {""job_request_cores_per_task"": 24, ""job_request_gpus_per_task"": 1, ""job_request_nodes"": 1, ""job_request_ntasks_per_node"": 1, ""job_request_time"": ""30s"", ""match_policy"": ""first"", ""n_jobs"": 20, ""problem_class"": ""B"", ""queue_depth"": 32, ""queue_policy"": ""hybrid"", ""reservation_depth"": 64, ""workload"": ""raja-perf%Polybench_GEMM%Base_HIP""}, ""2"": {""job_request_cores_per_task"": 24, ""job_request_gpus_per_task"": 1, ""job_request_nodes"": 1, ""job_request_ntasks_per_node"": 1, ""job_request_time"": ""30s"", ""match_policy"": ""low"", ""n_jobs"": 20, ""problem_class"": ""B"", ""queue_depth"": 32, ""queue_policy"": ""fcfs"", ""reservation_depth"": 64, ""workload"": ""raja-perf%Polybench_GEMM%Base_HIP""}}}, ""system"": {""cpu_affinity"": true, ""flux_time_limit"": ""6m"", ""max_cores_per_node"": 96, ""max_gpus_per_node"": 4, ""queue"": ""pbatch"", ""slurm_time_limit"": ""00:06:00"", ""sys_nodes"": 1}}",5,tuolumne/SW_M
bc1bba4d54,"{""config"": {""instance_level"": {""0"": {""match_policy"": ""first"", ""queue_depth"": 32, ""queue_policy"": ""fcfs"", ""reservation_depth"": 64}, ""1"": {""job_request_cores_per_task"": 24, ""job_request_gpus_per_task"": 1, ""job_request_nodes"": 1, ""job_request_ntasks_per_node"": 1, ""job_request_time"": ""30s"", ""match_policy"": ""first"", ""n_jobs"": 20, ""problem_class"": ""B"", ""queue_depth"": 32, ""queue_policy"": ""hybrid"", ""reservation_depth"": 64, ""workload"": ""raja-perf%Polybench_GEMM%Base_HIP""}, ""2"": {""job_request_cores_per_task"": 24, ""job_request_gpus_per_task"": 1, ""job_request_nodes"": 1, ""job_request_ntasks_per_node"": 1, ""job_request_time"": ""30s"", ""match_policy"": ""low"", ""n_jobs"": 20, ""problem_class"": ""B"", ""queue_depth"": 32, ""queue_policy"": ""hybrid"", ""reservation_depth"": 64, ""workload"": ""raja-perf%Polybench_GEMM%Base_HIP""}}}, ""system"": {""cpu_affinity"": true, ""flux_time_limit"": ""6m"", ""max_cores_per_node"": 96, ""max_gpus_per_node"": 4, ""queue"": ""pbatch"", ""slurm_time_limit"": ""00:06:00"", ""sys_nodes"": 1}}",1,tuolumne/SW_M
bc1bba4d54,"{""config"": {""instance_level"": {""0"": {""match_policy"": ""first"", ""queue_depth"": 32, ""queue_policy"": ""fcfs"", ""reservation_depth"": 64}, ""1"": {""job_request_cores_per_task"": 24, ""job_request_gpus_per_task"": 1, ""job_request_nodes"": 1, ""job_request_ntasks_per_node"": 1, ""job_request_time"": ""30s"", ""match_policy"": ""first"", ""n_jobs"": 20, ""problem_class"": ""B"", ""queue_depth"": 32, ""queue_policy"": ""hybrid"", ""reservation_depth"": 64, ""workload"": ""raja-perf%Polybench_GEMM%Base_HIP""}, ""2"": {""job_request_cores_per_task"": 24, ""job_request_gpus_per_task"": 1, ""job_request_nodes"": 1, ""job_request_ntasks_per_node"": 1, ""job_request_time"": ""30s"", ""match_policy"": ""low"", ""n_jobs"": 20, ""problem_class"": ""B"", ""queue_depth"": 32, ""queue_policy"": ""hybrid"", ""reservation_depth"": 64, ""workload"": ""raja-perf%Polybench_GEMM%Base_HIP""}}}, ""system"": {""cpu_affinity"": true, ""flux_time_limit"": ""6m"", ""max_cores_per_node"": 96, ""max_gpus_per_node"": 4, ""queue"": ""pbatch"", ""slurm_time_limit"": ""00:06:00"", ""sys_nodes"": 1}}",2,tuolumne/SW_M
bc1bba4d54,"{""config"": {""instance_level"": {""0"": {""match_policy"": ""first"", ""queue_depth"": 32, ""queue_policy"": ""fcfs"", ""reservation_depth"": 64}, ""1"": {""job_request_cores_per_task"": 24, ""job_request_gpus_per_task"": 1, ""job_request_nodes"": 1, ""job_request_ntasks_per_node"": 1, ""job_request_time"": ""30s"", ""match_policy"": ""first"", ""n_jobs"": 20, ""problem_class"": ""B"", ""queue_depth"": 32, ""queue_policy"": ""hybrid"", ""reservation_depth"": 64, ""workload"": ""raja-perf%Polybench_GEMM%Base_HIP""}, ""2"": {""job_request_cores_per_task"": 24, ""job_request_gpus_per_task"": 1, ""job_request_nodes"": 1, ""job_request_ntasks_per_node"": 1, ""job_request_time"": ""30s"", ""match_policy"": ""low"", ""n_jobs"": 20, ""problem_class"": ""B"", ""queue_depth"": 32, ""queue_policy"": ""hybrid"", ""reservation_depth"": 64, ""workload"": ""raja-perf%Polybench_GEMM%Base_HIP""}}}, ""system"": {""cpu_affinity"": true, ""flux_time_limit"": ""6m"", ""max_cores_per_node"": 96, ""max_gpus_per_node"": 4, ""queue"": ""pbatch"", ""slurm_time_limit"": ""00:06:00"", ""sys_nodes"": 1}}",3,tuolumne/SW_M
bc1bba4d54,"{""config"": {""instance_level"": {""0"": {""match_policy"": ""first"", ""queue_depth"": 32, ""queue_policy"": ""fcfs"", ""reservation_depth"": 64}, ""1"": {""job_request_cores_per_task"": 24, ""job_request_gpus_per_task"": 1, ""job_request_nodes"": 1, ""job_request_ntasks_per_node"": 1, ""job_request_time"": ""30s"", ""match_policy"": ""first"", ""n_jobs"": 20, ""problem_class"": ""B"", ""queue_depth"": 32, ""queue_policy"": ""hybrid"", ""reservation_depth"": 64, ""workload"": ""raja-perf%Polybench_GEMM%Base_HIP""}, ""2"": {""job_request_cores_per_task"": 24, ""job_request_gpus_per_task"": 1, ""job_request_nodes"": 1, ""job_request_ntasks_per_node"": 1, ""job_request_time"": ""30s"", ""match_policy"": ""low"", ""n_jobs"": 20, ""problem_class"": ""B"", ""queue_depth"": 32, ""queue_policy"": ""hybrid"", ""reservation_depth"": 64, ""workload"": ""raja-perf%Polybench_GEMM%Base_HIP""}}}, ""system"": {""cpu_affinity"": true, ""flux_time_limit"": ""6m"", ""max_cores_per_node"": 96, ""max_gpus_per_node"": 4, ""queue"": ""pbatch"", ""slurm_time_limit"": ""00:06:00"", ""sys_nodes"": 1}}",4,tuolumne/SW_M
bc1bba4d54,"{""config"": {""instance_level"": {""0"": {""match_policy"": ""first"", ""queue_depth"": 32, ""queue_policy"": ""fcfs"", ""reservation_depth"": 64}, ""1"": {""job_request_cores_per_task"": 24, ""job_request_gpus_per_task"": 1, ""job_request_nodes"": 1, ""job_request_ntasks_per_node"": 1, ""job_request_time"": ""30s"", ""match_policy"": ""first"", ""n_jobs"": 20, ""problem_class"": ""B"", ""queue_depth"": 32, ""queue_policy"": ""hybrid"", ""reservation_depth"": 64, ""workload"": ""raja-perf%Polybench_GEMM%Base_HIP""}, ""2"": {""job_request_cores_per_task"": 24, ""job_request_gpus_per_task"": 1, ""job_request_nodes"": 1, ""job_request_ntasks_per_node"": 1, ""job_request_time"": ""30s"", ""match_policy"": ""low"", ""n_jobs"": 20, ""problem_class"": ""B"", ""queue_depth"": 32, ""queue_policy"": ""hybrid"", ""reservation_depth"": 64, ""workload"": ""raja-perf%Polybench_GEMM%Base_HIP""}}}, ""system"": {""cpu_affinity"": true, ""flux_time_limit"": ""6m"", ""max_cores_per_node"": 96, ""max_gpus_per_node"": 4, ""queue"": ""pbatch"", ""slurm_time_limit"": ""00:06:00"", ""sys_nodes"": 1}}",5,tuolumne/SW_M
1cd37152a8,"{""config"": {""instance_level"": {""0"": {""match_policy"": ""first"", ""queue_depth"": 32, ""queue_policy"": ""fcfs"", ""reservation_depth"": 64}, ""1"": {""job_request_cores_per_task"": 24, ""job_request_gpus_per_task"": 1, ""job_request_nodes"": 1, ""job_request_ntasks_per_node"": 1, ""job_request_time"": ""30s"", ""match_policy"": ""low"", ""n_jobs"": 20, ""problem_class"": ""B"", ""queue_depth"": 32, ""queue_policy"": ""fcfs"", ""reservation_depth"": 64, ""workload"": ""babelstream""}, ""2"": {""job_request_cores_per_task"": 24, ""job_request_gpus_per_task"": 1, ""job_request_nodes"": 1, ""job_request_ntasks_per_node"": 1, ""job_request_time"": ""30s"", ""match_policy"": ""first"", ""n_jobs"": 20, ""problem_class"": ""B"", ""queue_depth"": 32, ""queue_policy"": ""fcfs"", ""reservation_depth"": 64, ""workload"": ""babelstream""}}}, ""system"": {""cpu_affinity"": true, ""flux_time_limit"": ""6m"", ""max_cores_per_node"": 96, ""max_gpus_per_node"": 4, ""queue"": ""pbatch"", ""slurm_time_limit"": ""00:06:00"", ""sys_nodes"": 1}}",1,tuolumne/SW_M
1cd37152a8,"{""config"": {""instance_level"": {""0"": {""match_policy"": ""first"", ""queue_depth"": 32, ""queue_policy"": ""fcfs"", ""reservation_depth"": 64}, ""1"": {""job_request_cores_per_task"": 24, ""job_request_gpus_per_task"": 1, ""job_request_nodes"": 1, ""job_request_ntasks_per_node"": 1, ""job_request_time"": ""30s"", ""match_policy"": ""low"", ""n_jobs"": 20, ""problem_class"": ""B"", ""queue_depth"": 32, ""queue_policy"": ""fcfs"", ""reservation_depth"": 64, ""workload"": ""babelstream""}, ""2"": {""job_request_cores_per_task"": 24, ""job_request_gpus_per_task"": 1, ""job_request_nodes"": 1, ""job_request_ntasks_per_node"": 1, ""job_request_time"": ""30s"", ""match_policy"": ""first"", ""n_jobs"": 20, ""problem_class"": ""B"", ""queue_depth"": 32, ""queue_policy"": ""fcfs"", ""reservation_depth"": 64, ""workload"": ""babelstream""}}}, ""system"": {""cpu_affinity"": true, ""flux_time_limit"": ""6m"", ""max_cores_per_node"": 96, ""max_gpus_per_node"": 4, ""queue"": ""pbatch"", ""slurm_time_limit"": ""00:06:00"", ""sys_nodes"": 1}}",2,tuolumne/SW_M
1cd37152a8,"{""config"": {""instance_level"": {""0"": {""match_policy"": ""first"", ""queue_depth"": 32, ""queue_policy"": ""fcfs"", ""reservation_depth"": 64}, ""1"": {""job_request_cores_per_task"": 24, ""job_request_gpus_per_task"": 1, ""job_request_nodes"": 1, ""job_request_ntasks_per_node"": 1, ""job_request_time"": ""30s"", ""match_policy"": ""low"", ""n_jobs"": 20, ""problem_class"": ""B"", ""queue_depth"": 32, ""queue_policy"": ""fcfs"", ""reservation_depth"": 64, ""workload"": ""babelstream""}, ""2"": {""job_request_cores_per_task"": 24, ""job_request_gpus_per_task"": 1, ""job_request_nodes"": 1, ""job_request_ntasks_per_node"": 1, ""job_request_time"": ""30s"", ""match_policy"": ""first"", ""n_jobs"": 20, ""problem_class"": ""B"", ""queue_depth"": 32, ""queue_policy"": ""fcfs"", ""reservation_depth"": 64, ""workload"": ""babelstream""}}}, ""system"": {""cpu_affinity"": true, ""flux_time_limit"": ""6m"", ""max_cores_per_node"": 96, ""max_gpus_per_node"": 4, ""queue"": ""pbatch"", ""slurm_time_limit"": ""00:06:00"", ""sys_nodes"": 1}}",3,tuolumne/SW_M
1cd37152a8,"{""config"": {""instance_level"": {""0"": {""match_policy"": ""first"", ""queue_depth"": 32, ""queue_policy"": ""fcfs"", ""reservation_depth"": 64}, ""1"": {""job_request_cores_per_task"": 24, ""job_request_gpus_per_task"": 1, ""job_request_nodes"": 1, ""job_request_ntasks_per_node"": 1, ""job_request_time"": ""30s"", ""match_policy"": ""low"", ""n_jobs"": 20, ""problem_class"": ""B"", ""queue_depth"": 32, ""queue_policy"": ""fcfs"", ""reservation_depth"": 64, ""workload"": ""babelstream""}, ""2"": {""job_request_cores_per_task"": 24, ""job_request_gpus_per_task"": 1, ""job_request_nodes"": 1, ""job_request_ntasks_per_node"": 1, ""job_request_time"": ""30s"", ""match_policy"": ""first"", ""n_jobs"": 20, ""problem_class"": ""B"", ""queue_depth"": 32, ""queue_policy"": ""fcfs"", ""reservation_depth"": 64, ""workload"": ""babelstream""}}}, ""system"": {""cpu_affinity"": true, ""flux_time_limit"": ""6m"", ""max_cores_per_node"": 96, ""max_gpus_per_node"": 4, ""queue"": ""pbatch"", ""slurm_time_limit"": ""00:06:00"", ""sys_nodes"": 1}}",4,tuolumne/SW_M
1cd37152a8,"{""config"": {""instance_level"": {""0"": {""match_policy"": ""first"", ""queue_depth"": 32, ""queue_policy"": ""fcfs"", ""reservation_depth"": 64}, ""1"": {""job_request_cores_per_task"": 24, ""job_request_gpus_per_task"": 1, ""job_request_nodes"": 1, ""job_request_ntasks_per_node"": 1, ""job_request_time"": ""30s"", ""match_policy"": ""low"", ""n_jobs"": 20, ""problem_class"": ""B"", ""queue_depth"": 32, ""queue_policy"": ""fcfs"", ""reservation_depth"": 64, ""workload"": ""babelstream""}, ""2"": {""job_request_cores_per_task"": 24, ""job_request_gpus_per_task"": 1, ""job_request_nodes"": 1, ""job_request_ntasks_per_node"": 1, ""job_request_time"": ""30s"", ""match_policy"": ""first"", ""n_jobs"": 20, ""problem_class"": ""B"", ""queue_depth"": 32, ""queue_policy"": ""fcfs"", ""reservation_depth"": 64, ""workload"": ""babelstream""}}}, ""system"": {""cpu_affinity"": true, ""flux_time_limit"": ""6m"", ""max_cores_per_node"": 96, ""max_gpus_per_node"": 4, ""queue"": ""pbatch"", ""slurm_time_limit"": ""00:06:00"", ""sys_nodes"": 1}}",5,tuolumne/SW_M
ecdf31c246,"{""config"": {""instance_level"": {""0"": {""match_policy"": ""first"", ""queue_depth"": 32, ""queue_policy"": ""fcfs"", ""reservation_depth"": 64}, ""1"": {""job_request_cores_per_task"": 24, ""job_request_gpus_per_task"": 1, ""job_request_nodes"": 1, ""job_request_ntasks_per_node"": 1, ""job_request_time"": ""30s"", ""match_policy"": ""low"", ""n_jobs"": 20, ""problem_class"": ""B"", ""queue_depth"": 32, ""queue_policy"": ""fcfs"", ""reservation_depth"": 64, ""workload"": ""babelstream""}, ""2"": {""job_request_cores_per_task"": 24, ""job_request_gpus_per_task"": 1, ""job_request_nodes"": 1, ""job_request_ntasks_per_node"": 1, ""job_request_time"": ""30s"", ""match_policy"": ""first"", ""n_jobs"": 20, ""problem_class"": ""B"", ""queue_depth"": 32, ""queue_policy"": ""hybrid"", ""reservation_depth"": 64, ""workload"": ""babelstream""}}}, ""system"": {""cpu_affinity"": true, ""flux_time_limit"": ""6m"", ""max_cores_per_node"": 96, ""max_gpus_per_node"": 4, ""queue"": ""pbatch"", ""slurm_time_limit"": ""00:06:00"", ""sys_nodes"": 1}}",1,tuolumne/SW_M
ecdf31c246,"{""config"": {""instance_level"": {""0"": {""match_policy"": ""first"", ""queue_depth"": 32, ""queue_policy"": ""fcfs"", ""reservation_depth"": 64}, ""1"": {""job_request_cores_per_task"": 24, ""job_request_gpus_per_task"": 1, ""job_request_nodes"": 1, ""job_request_ntasks_per_node"": 1, ""job_request_time"": ""30s"", ""match_policy"": ""low"", ""n_jobs"": 20, ""problem_class"": ""B"", ""queue_depth"": 32, ""queue_policy"": ""fcfs"", ""reservation_depth"": 64, ""workload"": ""babelstream""}, ""2"": {""job_request_cores_per_task"": 24, ""job_request_gpus_per_task"": 1, ""job_request_nodes"": 1, ""job_request_ntasks_per_node"": 1, ""job_request_time"": ""30s"", ""match_policy"": ""first"", ""n_jobs"": 20, ""problem_class"": ""B"", ""queue_depth"": 32, ""queue_policy"": ""hybrid"", ""reservation_depth"": 64, ""workload"": ""babelstream""}}}, ""system"": {""cpu_affinity"": true, ""flux_time_limit"": ""6m"", ""max_cores_per_node"": 96, ""max_gpus_per_node"": 4, ""queue"": ""pbatch"", ""slurm_time_limit"": ""00:06:00"", ""sys_nodes"": 1}}",2,tuolumne/SW_M
ecdf31c246,"{""config"": {""instance_level"": {""0"": {""match_policy"": ""first"", ""queue_depth"": 32, ""queue_policy"": ""fcfs"", ""reservation_depth"": 64}, ""1"": {""job_request_cores_per_task"": 24, ""job_request_gpus_per_task"": 1, ""job_request_nodes"": 1, ""job_request_ntasks_per_node"": 1, ""job_request_time"": ""30s"", ""match_policy"": ""low"", ""n_jobs"": 20, ""problem_class"": ""B"", ""queue_depth"": 32, ""queue_policy"": ""fcfs"", ""reservation_depth"": 64, ""workload"": ""babelstream""}, ""2"": {""job_request_cores_per_task"": 24, ""job_request_gpus_per_task"": 1, ""job_request_nodes"": 1, ""job_request_ntasks_per_node"": 1, ""job_request_time"": ""30s"", ""match_policy"": ""first"", ""n_jobs"": 20, ""problem_class"": ""B"", ""queue_depth"": 32, ""queue_policy"": ""hybrid"", ""reservation_depth"": 64, ""workload"": ""babelstream""}}}, ""system"": {""cpu_affinity"": true, ""flux_time_limit"": ""6m"", ""max_cores_per_node"": 96, ""max_gpus_per_node"": 4, ""queue"": ""pbatch"", ""slurm_time_limit"": ""00:06:00"", ""sys_nodes"": 1}}",3,tuolumne/SW_M
ecdf31c246,"{""config"": {""instance_level"": {""0"": {""match_policy"": ""first"", ""queue_depth"": 32, ""queue_policy"": ""fcfs"", ""reservation_depth"": 64}, ""1"": {""job_request_cores_per_task"": 24, ""job_request_gpus_per_task"": 1, ""job_request_nodes"": 1, ""job_request_ntasks_per_node"": 1, ""job_request_time"": ""30s"", ""match_policy"": ""low"", ""n_jobs"": 20, ""problem_class"": ""B"", ""queue_depth"": 32, ""queue_policy"": ""fcfs"", ""reservation_depth"": 64, ""workload"": ""babelstream""}, ""2"": {""job_request_cores_per_task"": 24, ""job_request_gpus_per_task"": 1, ""job_request_nodes"": 1, ""job_request_ntasks_per_node"": 1, ""job_request_time"": ""30s"", ""match_policy"": ""first"", ""n_jobs"": 20, ""problem_class"": ""B"", ""queue_depth"": 32, ""queue_policy"": ""hybrid"", ""reservation_depth"": 64, ""workload"": ""babelstream""}}}, ""system"": {""cpu_affinity"": true, ""flux_time_limit"": ""6m"", ""max_cores_per_node"": 96, ""max_gpus_per_node"": 4, ""queue"": ""pbatch"", ""slurm_time_limit"": ""00:06:00"", ""sys_nodes"": 1}}",4,tuolumne/SW_M
ecdf31c246,"{""config"": {""instance_level"": {""0"": {""match_policy"": ""first"", ""queue_depth"": 32, ""queue_policy"": ""fcfs"", ""reservation_depth"": 64}, ""1"": {""job_request_cores_per_task"": 24, ""job_request_gpus_per_task"": 1, ""job_request_nodes"": 1, ""job_request_ntasks_per_node"": 1, ""job_request_time"": ""30s"", ""match_policy"": ""low"", ""n_jobs"": 20, ""problem_class"": ""B"", ""queue_depth"": 32, ""queue_policy"": ""fcfs"", ""reservation_depth"": 64, ""workload"": ""babelstream""}, ""2"": {""job_request_cores_per_task"": 24, ""job_request_gpus_per_task"": 1, ""job_request_nodes"": 1, ""job_request_ntasks_per_node"": 1, ""job_request_time"": ""30s"", ""match_policy"": ""first"", ""n_jobs"": 20, ""problem_class"": ""B"", ""queue_depth"": 32, ""queue_policy"": ""hybrid"", ""reservation_depth"": 64, ""workload"": ""babelstream""}}}, ""system"": {""cpu_affinity"": true, ""flux_time_limit"": ""6m"", ""max_cores_per_node"": 96, ""max_gpus_per_node"": 4, ""queue"": ""pbatch"", ""slurm_time_limit"": ""00:06:00"", ""sys_nodes"": 1}}",5,tuolumne/SW_M
1366b9ca61,"{""config"": {""instance_level"": {""0"": {""match_policy"": ""first"", ""queue_depth"": 32, ""queue_policy"": ""fcfs"", ""reservation_depth"": 64}, ""1"": {""job_request_cores_per_task"": 24, ""job_request_gpus_per_task"": 1, ""job_request_nodes"": 1, ""job_request_ntasks_per_node"": 1, ""job_request_time"": ""30s"", ""match_policy"": ""low"", ""n_jobs"": 20, ""problem_class"": ""B"", ""queue_depth"": 32, ""queue_policy"": ""fcfs"", ""reservation_depth"": 64, ""workload"": ""babelstream""}, ""2"": {""job_request_cores_per_task"": 24, ""job_request_gpus_per_task"": 1, ""job_request_nodes"": 1, ""job_request_ntasks_per_node"": 1, ""job_request_time"": ""30s"", ""match_policy"": ""low"", ""n_jobs"": 20, ""problem_class"": ""B"", ""queue_depth"": 32, ""queue_policy"": ""fcfs"", ""reservation_depth"": 64, ""workload"": ""babelstream""}}}, ""system"": {""cpu_affinity"": true, ""flux_time_limit"": ""6m"", ""max_cores_per_node"": 96, ""max_gpus_per_node"": 4, ""queue"": ""pbatch"", ""slurm_time_limit"": ""00:06:00"", ""sys_nodes"": 1}}",1,tuolumne/SW_M
1366b9ca61,"{""config"": {""instance_level"": {""0"": {""match_policy"": ""first"", ""queue_depth"": 32, ""queue_policy"": ""fcfs"", ""reservation_depth"": 64}, ""1"": {""job_request_cores_per_task"": 24, ""job_request_gpus_per_task"": 1, ""job_request_nodes"": 1, ""job_request_ntasks_per_node"": 1, ""job_request_time"": ""30s"", ""match_policy"": ""low"", ""n_jobs"": 20, ""problem_class"": ""B"", ""queue_depth"": 32, ""queue_policy"": ""fcfs"", ""reservation_depth"": 64, ""workload"": ""babelstream""}, ""2"": {""job_request_cores_per_task"": 24, ""job_request_gpus_per_task"": 1, ""job_request_nodes"": 1, ""job_request_ntasks_per_node"": 1, ""job_request_time"": ""30s"", ""match_policy"": ""low"", ""n_jobs"": 20, ""problem_class"": ""B"", ""queue_depth"": 32, ""queue_policy"": ""fcfs"", ""reservation_depth"": 64, ""workload"": ""babelstream""}}}, ""system"": {""cpu_affinity"": true, ""flux_time_limit"": ""6m"", ""max_cores_per_node"": 96, ""max_gpus_per_node"": 4, ""queue"": ""pbatch"", ""slurm_time_limit"": ""00:06:00"", ""sys_nodes"": 1}}",2,tuolumne/SW_M
1366b9ca61,"{""config"": {""instance_level"": {""0"": {""match_policy"": ""first"", ""queue_depth"": 32, ""queue_policy"": ""fcfs"", ""reservation_depth"": 64}, ""1"": {""job_request_cores_per_task"": 24, ""job_request_gpus_per_task"": 1, ""job_request_nodes"": 1, ""job_request_ntasks_per_node"": 1, ""job_request_time"": ""30s"", ""match_policy"": ""low"", ""n_jobs"": 20, ""problem_class"": ""B"", ""queue_depth"": 32, ""queue_policy"": ""fcfs"", ""reservation_depth"": 64, ""workload"": ""babelstream""}, ""2"": {""job_request_cores_per_task"": 24, ""job_request_gpus_per_task"": 1, ""job_request_nodes"": 1, ""job_request_ntasks_per_node"": 1, ""job_request_time"": ""30s"", ""match_policy"": ""low"", ""n_jobs"": 20, ""problem_class"": ""B"", ""queue_depth"": 32, ""queue_policy"": ""fcfs"", ""reservation_depth"": 64, ""workload"": ""babelstream""}}}, ""system"": {""cpu_affinity"": true, ""flux_time_limit"": ""6m"", ""max_cores_per_node"": 96, ""max_gpus_per_node"": 4, ""queue"": ""pbatch"", ""slurm_time_limit"": ""00:06:00"", ""sys_nodes"": 1}}",3,tuolumne/SW_M
1366b9ca61,"{""config"": {""instance_level"": {""0"": {""match_policy"": ""first"", ""queue_depth"": 32, ""queue_policy"": ""fcfs"", ""reservation_depth"": 64}, ""1"": {""job_request_cores_per_task"": 24, ""job_request_gpus_per_task"": 1, ""job_request_nodes"": 1, ""job_request_ntasks_per_node"": 1, ""job_request_time"": ""30s"", ""match_policy"": ""low"", ""n_jobs"": 20, ""problem_class"": ""B"", ""queue_depth"": 32, ""queue_policy"": ""fcfs"", ""reservation_depth"": 64, ""workload"": ""babelstream""}, ""2"": {""job_request_cores_per_task"": 24, ""job_request_gpus_per_task"": 1, ""job_request_nodes"": 1, ""job_request_ntasks_per_node"": 1, ""job_request_time"": ""30s"", ""match_policy"": ""low"", ""n_jobs"": 20, ""problem_class"": ""B"", ""queue_depth"": 32, ""queue_policy"": ""fcfs"", ""reservation_depth"": 64, ""workload"": ""babelstream""}}}, ""system"": {""cpu_affinity"": true, ""flux_time_limit"": ""6m"", ""max_cores_per_node"": 96, ""max_gpus_per_node"": 4, ""queue"": ""pbatch"", ""slurm_time_limit"": ""00:06:00"", ""sys_nodes"": 1}}",4,tuolumne/SW_M
1366b9ca61,"{""config"": {""instance_level"": {""0"": {""match_policy"": ""first"", ""queue_depth"": 32, ""queue_policy"": ""fcfs"", ""reservation_depth"": 64}, ""1"": {""job_request_cores_per_task"": 24, ""job_request_gpus_per_task"": 1, ""job_request_nodes"": 1, ""job_request_ntasks_per_node"": 1, ""job_request_time"": ""30s"", ""match_policy"": ""low"", ""n_jobs"": 20, ""problem_class"": ""B"", ""queue_depth"": 32, ""queue_policy"": ""fcfs"", ""reservation_depth"": 64, ""workload"": ""babelstream""}, ""2"": {""job_request_cores_per_task"": 24, ""job_request_gpus_per_task"": 1, ""job_request_nodes"": 1, ""job_request_ntasks_per_node"": 1, ""job_request_time"": ""30s"", ""match_policy"": ""low"", ""n_jobs"": 20, ""problem_class"": ""B"", ""queue_depth"": 32, ""queue_policy"": ""fcfs"", ""reservation_depth"": 64, ""workload"": ""babelstream""}}}, ""system"": {""cpu_affinity"": true, ""flux_time_limit"": ""6m"", ""max_cores_per_node"": 96, ""max_gpus_per_node"": 4, ""queue"": ""pbatch"", ""slurm_time_limit"": ""00:06:00"", ""sys_nodes"": 1}}",5,tuolumne/SW_M
8c489444e1,"{""config"": {""instance_level"": {""0"": {""match_policy"": ""first"", ""queue_depth"": 32, ""queue_policy"": ""fcfs"", ""reservation_depth"": 64}, ""1"": {""job_request_cores_per_task"": 24, ""job_request_gpus_per_task"": 1, ""job_request_nodes"": 1, ""job_request_ntasks_per_node"": 1, ""job_request_time"": ""30s"", ""match_policy"": ""low"", ""n_jobs"": 20, ""problem_class"": ""B"", ""queue_depth"": 32, ""queue_policy"": ""fcfs"", ""reservation_depth"": 64, ""workload"": ""babelstream""}, ""2"": {""job_request_cores_per_task"": 24, ""job_request_gpus_per_task"": 1, ""job_request_nodes"": 1, ""job_request_ntasks_per_node"": 1, ""job_request_time"": ""30s"", ""match_policy"": ""low"", ""n_jobs"": 20, ""problem_class"": ""B"", ""queue_depth"": 32, ""queue_policy"": ""hybrid"", ""reservation_depth"": 64, ""workload"": ""babelstream""}}}, ""system"": {""cpu_affinity"": true, ""flux_time_limit"": ""6m"", ""max_cores_per_node"": 96, ""max_gpus_per_node"": 4, ""queue"": ""pbatch"", ""slurm_time_limit"": ""00:06:00"", ""sys_nodes"": 1}}",1,tuolumne/SW_M
8c489444e1,"{""config"": {""instance_level"": {""0"": {""match_policy"": ""first"", ""queue_depth"": 32, ""queue_policy"": ""fcfs"", ""reservation_depth"": 64}, ""1"": {""job_request_cores_per_task"": 24, ""job_request_gpus_per_task"": 1, ""job_request_nodes"": 1, ""job_request_ntasks_per_node"": 1, ""job_request_time"": ""30s"", ""match_policy"": ""low"", ""n_jobs"": 20, ""problem_class"": ""B"", ""queue_depth"": 32, ""queue_policy"": ""fcfs"", ""reservation_depth"": 64, ""workload"": ""babelstream""}, ""2"": {""job_request_cores_per_task"": 24, ""job_request_gpus_per_task"": 1, ""job_request_nodes"": 1, ""job_request_ntasks_per_node"": 1, ""job_request_time"": ""30s"", ""match_policy"": ""low"", ""n_jobs"": 20, ""problem_class"": ""B"", ""queue_depth"": 32, ""queue_policy"": ""hybrid"", ""reservation_depth"": 64, ""workload"": ""babelstream""}}}, ""system"": {""cpu_affinity"": true, ""flux_time_limit"": ""6m"", ""max_cores_per_node"": 96, ""max_gpus_per_node"": 4, ""queue"": ""pbatch"", ""slurm_time_limit"": ""00:06:00"", ""sys_nodes"": 1}}",2,tuolumne/SW_M
8c489444e1,"{""config"": {""instance_level"": {""0"": {""match_policy"": ""first"", ""queue_depth"": 32, ""queue_policy"": ""fcfs"", ""reservation_depth"": 64}, ""1"": {""job_request_cores_per_task"": 24, ""job_request_gpus_per_task"": 1, ""job_request_nodes"": 1, ""job_request_ntasks_per_node"": 1, ""job_request_time"": ""30s"", ""match_policy"": ""low"", ""n_jobs"": 20, ""problem_class"": ""B"", ""queue_depth"": 32, ""queue_policy"": ""fcfs"", ""reservation_depth"": 64, ""workload"": ""babelstream""}, ""2"": {""job_request_cores_per_task"": 24, ""job_request_gpus_per_task"": 1, ""job_request_nodes"": 1, ""job_request_ntasks_per_node"": 1, ""job_request_time"": ""30s"", ""match_policy"": ""low"", ""n_jobs"": 20, ""problem_class"": ""B"", ""queue_depth"": 32, ""queue_policy"": ""hybrid"", ""reservation_depth"": 64, ""workload"": ""babelstream""}}}, ""system"": {""cpu_affinity"": true, ""flux_time_limit"": ""6m"", ""max_cores_per_node"": 96, ""max_gpus_per_node"": 4, ""queue"": ""pbatch"", ""slurm_time_limit"": ""00:06:00"", ""sys_nodes"": 1}}",3,tuolumne/SW_M
8c489444e1,"{""config"": {""instance_level"": {""0"": {""match_policy"": ""first"", ""queue_depth"": 32, ""queue_policy"": ""fcfs"", ""reservation_depth"": 64}, ""1"": {""job_request_cores_per_task"": 24, ""job_request_gpus_per_task"": 1, ""job_request_nodes"": 1, ""job_request_ntasks_per_node"": 1, ""job_request_time"": ""30s"", ""match_policy"": ""low"", ""n_jobs"": 20, ""problem_class"": ""B"", ""queue_depth"": 32, ""queue_policy"": ""fcfs"", ""reservation_depth"": 64, ""workload"": ""babelstream""}, ""2"": {""job_request_cores_per_task"": 24, ""job_request_gpus_per_task"": 1, ""job_request_nodes"": 1, ""job_request_ntasks_per_node"": 1, ""job_request_time"": ""30s"", ""match_policy"": ""low"", ""n_jobs"": 20, ""problem_class"": ""B"", ""queue_depth"": 32, ""queue_policy"": ""hybrid"", ""reservation_depth"": 64, ""workload"": ""babelstream""}}}, ""system"": {""cpu_affinity"": true, ""flux_time_limit"": ""6m"", ""max_cores_per_node"": 96, ""max_gpus_per_node"": 4, ""queue"": ""pbatch"", ""slurm_time_limit"": ""00:06:00"", ""sys_nodes"": 1}}",4,tuolumne/SW_M
8c489444e1,"{""config"": {""instance_level"": {""0"": {""match_policy"": ""first"", ""queue_depth"": 32, ""queue_policy"": ""fcfs"", ""reservation_depth"": 64}, ""1"": {""job_request_cores_per_task"": 24, ""job_request_gpus_per_task"": 1, ""job_request_nodes"": 1, ""job_request_ntasks_per_node"": 1, ""job_request_time"": ""30s"", ""match_policy"": ""low"", ""n_jobs"": 20, ""problem_class"": ""B"", ""queue_depth"": 32, ""queue_policy"": ""fcfs"", ""reservation_depth"": 64, ""workload"": ""babelstream""}, ""2"": {""job_request_cores_per_task"": 24, ""job_request_gpus_per_task"": 1, ""job_request_nodes"": 1, ""job_request_ntasks_per_node"": 1, ""job_request_time"": ""30s"", ""match_policy"": ""low"", ""n_jobs"": 20, ""problem_class"": ""B"", ""queue_depth"": 32, ""queue_policy"": ""hybrid"", ""reservation_depth"": 64, ""workload"": ""babelstream""}}}, ""system"": {""cpu_affinity"": true, ""flux_time_limit"": ""6m"", ""max_cores_per_node"": 96, ""max_gpus_per_node"": 4, ""queue"": ""pbatch"", ""slurm_time_limit"": ""00:06:00"", ""sys_nodes"": 1}}",5,tuolumne/SW_M
a6c68cac60,"{""config"": {""instance_level"": {""0"": {""match_policy"": ""first"", ""queue_depth"": 32, ""queue_policy"": ""fcfs"", ""reservation_depth"": 64}, ""1"": {""job_request_cores_per_task"": 24, ""job_request_gpus_per_task"": 1, ""job_request_nodes"": 1, ""job_request_ntasks_per_node"": 1, ""job_request_time"": ""30s"", ""match_policy"": ""low"", ""n_jobs"": 20, ""problem_class"": ""B"", ""queue_depth"": 32, ""queue_policy"": ""fcfs"", ""reservation_depth"": 64, ""workload"": ""raja-perf%Polybench_GEMM%Base_HIP""}, ""2"": {""job_request_cores_per_task"": 24, ""job_request_gpus_per_task"": 1, ""job_request_nodes"": 1, ""job_request_ntasks_per_node"": 1, ""job_request_time"": ""30s"", ""match_policy"": ""first"", ""n_jobs"": 20, ""problem_class"": ""B"", ""queue_depth"": 32, ""queue_policy"": ""fcfs"", ""reservation_depth"": 64, ""workload"": ""raja-perf%Polybench_GEMM%Base_HIP""}}}, ""system"": {""cpu_affinity"": true, ""flux_time_limit"": ""6m"", ""max_cores_per_node"": 96, ""max_gpus_per_node"": 4, ""queue"": ""pbatch"", ""slurm_time_limit"": ""00:06:00"", ""sys_nodes"": 1}}",1,tuolumne/SW_M
a6c68cac60,"{""config"": {""instance_level"": {""0"": {""match_policy"": ""first"", ""queue_depth"": 32, ""queue_policy"": ""fcfs"", ""reservation_depth"": 64}, ""1"": {""job_request_cores_per_task"": 24, ""job_request_gpus_per_task"": 1, ""job_request_nodes"": 1, ""job_request_ntasks_per_node"": 1, ""job_request_time"": ""30s"", ""match_policy"": ""low"", ""n_jobs"": 20, ""problem_class"": ""B"", ""queue_depth"": 32, ""queue_policy"": ""fcfs"", ""reservation_depth"": 64, ""workload"": ""raja-perf%Polybench_GEMM%Base_HIP""}, ""2"": {""job_request_cores_per_task"": 24, ""job_request_gpus_per_task"": 1, ""job_request_nodes"": 1, ""job_request_ntasks_per_node"": 1, ""job_request_time"": ""30s"", ""match_policy"": ""first"", ""n_jobs"": 20, ""problem_class"": ""B"", ""queue_depth"": 32, ""queue_policy"": ""fcfs"", ""reservation_depth"": 64, ""workload"": ""raja-perf%Polybench_GEMM%Base_HIP""}}}, ""system"": {""cpu_affinity"": true, ""flux_time_limit"": ""6m"", ""max_cores_per_node"": 96, ""max_gpus_per_node"": 4, ""queue"": ""pbatch"", ""slurm_time_limit"": ""00:06:00"", ""sys_nodes"": 1}}",2,tuolumne/SW_M
a6c68cac60,"{""config"": {""instance_level"": {""0"": {""match_policy"": ""first"", ""queue_depth"": 32, ""queue_policy"": ""fcfs"", ""reservation_depth"": 64}, ""1"": {""job_request_cores_per_task"": 24, ""job_request_gpus_per_task"": 1, ""job_request_nodes"": 1, ""job_request_ntasks_per_node"": 1, ""job_request_time"": ""30s"", ""match_policy"": ""low"", ""n_jobs"": 20, ""problem_class"": ""B"", ""queue_depth"": 32, ""queue_policy"": ""fcfs"", ""reservation_depth"": 64, ""workload"": ""raja-perf%Polybench_GEMM%Base_HIP""}, ""2"": {""job_request_cores_per_task"": 24, ""job_request_gpus_per_task"": 1, ""job_request_nodes"": 1, ""job_request_ntasks_per_node"": 1, ""job_request_time"": ""30s"", ""match_policy"": ""first"", ""n_jobs"": 20, ""problem_class"": ""B"", ""queue_depth"": 32, ""queue_policy"": ""fcfs"", ""reservation_depth"": 64, ""workload"": ""raja-perf%Polybench_GEMM%Base_HIP""}}}, ""system"": {""cpu_affinity"": true, ""flux_time_limit"": ""6m"", ""max_cores_per_node"": 96, ""max_gpus_per_node"": 4, ""queue"": ""pbatch"", ""slurm_time_limit"": ""00:06:00"", ""sys_nodes"": 1}}",3,tuolumne/SW_M
a6c68cac60,"{""config"": {""instance_level"": {""0"": {""match_policy"": ""first"", ""queue_depth"": 32, ""queue_policy"": ""fcfs"", ""reservation_depth"": 64}, ""1"": {""job_request_cores_per_task"": 24, ""job_request_gpus_per_task"": 1, ""job_request_nodes"": 1, ""job_request_ntasks_per_node"": 1, ""job_request_time"": ""30s"", ""match_policy"": ""low"", ""n_jobs"": 20, ""problem_class"": ""B"", ""queue_depth"": 32, ""queue_policy"": ""fcfs"", ""reservation_depth"": 64, ""workload"": ""raja-perf%Polybench_GEMM%Base_HIP""}, ""2"": {""job_request_cores_per_task"": 24, ""job_request_gpus_per_task"": 1, ""job_request_nodes"": 1, ""job_request_ntasks_per_node"": 1, ""job_request_time"": ""30s"", ""match_policy"": ""first"", ""n_jobs"": 20, ""problem_class"": ""B"", ""queue_depth"": 32, ""queue_policy"": ""fcfs"", ""reservation_depth"": 64, ""workload"": ""raja-perf%Polybench_GEMM%Base_HIP""}}}, ""system"": {""cpu_affinity"": true, ""flux_time_limit"": ""6m"", ""max_cores_per_node"": 96, ""max_gpus_per_node"": 4, ""queue"": ""pbatch"", ""slurm_time_limit"": ""00:06:00"", ""sys_nodes"": 1}}",4,tuolumne/SW_M
a6c68cac60,"{""config"": {""instance_level"": {""0"": {""match_policy"": ""first"", ""queue_depth"": 32, ""queue_policy"": ""fcfs"", ""reservation_depth"": 64}, ""1"": {""job_request_cores_per_task"": 24, ""job_request_gpus_per_task"": 1, ""job_request_nodes"": 1, ""job_request_ntasks_per_node"": 1, ""job_request_time"": ""30s"", ""match_policy"": ""low"", ""n_jobs"": 20, ""problem_class"": ""B"", ""queue_depth"": 32, ""queue_policy"": ""fcfs"", ""reservation_depth"": 64, ""workload"": ""raja-perf%Polybench_GEMM%Base_HIP""}, ""2"": {""job_request_cores_per_task"": 24, ""job_request_gpus_per_task"": 1, ""job_request_nodes"": 1, ""job_request_ntasks_per_node"": 1, ""job_request_time"": ""30s"", ""match_policy"": ""first"", ""n_jobs"": 20, ""problem_class"": ""B"", ""queue_depth"": 32, ""queue_policy"": ""fcfs"", ""reservation_depth"": 64, ""workload"": ""raja-perf%Polybench_GEMM%Base_HIP""}}}, ""system"": {""cpu_affinity"": true, ""flux_time_limit"": ""6m"", ""max_cores_per_node"": 96, ""max_gpus_per_node"": 4, ""queue"": ""pbatch"", ""slurm_time_limit"": ""00:06:00"", ""sys_nodes"": 1}}",5,tuolumne/SW_M
7caf1b45c1,"{""config"": {""instance_level"": {""0"": {""match_policy"": ""first"", ""queue_depth"": 32, ""queue_policy"": ""fcfs"", ""reservation_depth"": 64}, ""1"": {""job_request_cores_per_task"": 24, ""job_request_gpus_per_task"": 1, ""job_request_nodes"": 1, ""job_request_ntasks_per_node"": 1, ""job_request_time"": ""30s"", ""match_policy"": ""low"", ""n_jobs"": 20, ""problem_class"": ""B"", ""queue_depth"": 32, ""queue_policy"": ""fcfs"", ""reservation_depth"": 64, ""workload"": ""raja-perf%Polybench_GEMM%Base_HIP""}, ""2"": {""job_request_cores_per_task"": 24, ""job_request_gpus_per_task"": 1, ""job_request_nodes"": 1, ""job_request_ntasks_per_node"": 1, ""job_request_time"": ""30s"", ""match_policy"": ""first"", ""n_jobs"": 20, ""problem_class"": ""B"", ""queue_depth"": 32, ""queue_policy"": ""hybrid"", ""reservation_depth"": 64, ""workload"": ""raja-perf%Polybench_GEMM%Base_HIP""}}}, ""system"": {""cpu_affinity"": true, ""flux_time_limit"": ""6m"", ""max_cores_per_node"": 96, ""max_gpus_per_node"": 4, ""queue"": ""pbatch"", ""slurm_time_limit"": ""00:06:00"", ""sys_nodes"": 1}}",1,tuolumne/SW_M
7caf1b45c1,"{""config"": {""instance_level"": {""0"": {""match_policy"": ""first"", ""queue_depth"": 32, ""queue_policy"": ""fcfs"", ""reservation_depth"": 64}, ""1"": {""job_request_cores_per_task"": 24, ""job_request_gpus_per_task"": 1, ""job_request_nodes"": 1, ""job_request_ntasks_per_node"": 1, ""job_request_time"": ""30s"", ""match_policy"": ""low"", ""n_jobs"": 20, ""problem_class"": ""B"", ""queue_depth"": 32, ""queue_policy"": ""fcfs"", ""reservation_depth"": 64, ""workload"": ""raja-perf%Polybench_GEMM%Base_HIP""}, ""2"": {""job_request_cores_per_task"": 24, ""job_request_gpus_per_task"": 1, ""job_request_nodes"": 1, ""job_request_ntasks_per_node"": 1, ""job_request_time"": ""30s"", ""match_policy"": ""first"", ""n_jobs"": 20, ""problem_class"": ""B"", ""queue_depth"": 32, ""queue_policy"": ""hybrid"", ""reservation_depth"": 64, ""workload"": ""raja-perf%Polybench_GEMM%Base_HIP""}}}, ""system"": {""cpu_affinity"": true, ""flux_time_limit"": ""6m"", ""max_cores_per_node"": 96, ""max_gpus_per_node"": 4, ""queue"": ""pbatch"", ""slurm_time_limit"": ""00:06:00"", ""sys_nodes"": 1}}",2,tuolumne/SW_M
7caf1b45c1,"{""config"": {""instance_level"": {""0"": {""match_policy"": ""first"", ""queue_depth"": 32, ""queue_policy"": ""fcfs"", ""reservation_depth"": 64}, ""1"": {""job_request_cores_per_task"": 24, ""job_request_gpus_per_task"": 1, ""job_request_nodes"": 1, ""job_request_ntasks_per_node"": 1, ""job_request_time"": ""30s"", ""match_policy"": ""low"", ""n_jobs"": 20, ""problem_class"": ""B"", ""queue_depth"": 32, ""queue_policy"": ""fcfs"", ""reservation_depth"": 64, ""workload"": ""raja-perf%Polybench_GEMM%Base_HIP""}, ""2"": {""job_request_cores_per_task"": 24, ""job_request_gpus_per_task"": 1, ""job_request_nodes"": 1, ""job_request_ntasks_per_node"": 1, ""job_request_time"": ""30s"", ""match_policy"": ""first"", ""n_jobs"": 20, ""problem_class"": ""B"", ""queue_depth"": 32, ""queue_policy"": ""hybrid"", ""reservation_depth"": 64, ""workload"": ""raja-perf%Polybench_GEMM%Base_HIP""}}}, ""system"": {""cpu_affinity"": true, ""flux_time_limit"": ""6m"", ""max_cores_per_node"": 96, ""max_gpus_per_node"": 4, ""queue"": ""pbatch"", ""slurm_time_limit"": ""00:06:00"", ""sys_nodes"": 1}}",3,tuolumne/SW_M
7caf1b45c1,"{""config"": {""instance_level"": {""0"": {""match_policy"": ""first"", ""queue_depth"": 32, ""queue_policy"": ""fcfs"", ""reservation_depth"": 64}, ""1"": {""job_request_cores_per_task"": 24, ""job_request_gpus_per_task"": 1, ""job_request_nodes"": 1, ""job_request_ntasks_per_node"": 1, ""job_request_time"": ""30s"", ""match_policy"": ""low"", ""n_jobs"": 20, ""problem_class"": ""B"", ""queue_depth"": 32, ""queue_policy"": ""fcfs"", ""reservation_depth"": 64, ""workload"": ""raja-perf%Polybench_GEMM%Base_HIP""}, ""2"": {""job_request_cores_per_task"": 24, ""job_request_gpus_per_task"": 1, ""job_request_nodes"": 1, ""job_request_ntasks_per_node"": 1, ""job_request_time"": ""30s"", ""match_policy"": ""first"", ""n_jobs"": 20, ""problem_class"": ""B"", ""queue_depth"": 32, ""queue_policy"": ""hybrid"", ""reservation_depth"": 64, ""workload"": ""raja-perf%Polybench_GEMM%Base_HIP""}}}, ""system"": {""cpu_affinity"": true, ""flux_time_limit"": ""6m"", ""max_cores_per_node"": 96, ""max_gpus_per_node"": 4, ""queue"": ""pbatch"", ""slurm_time_limit"": ""00:06:00"", ""sys_nodes"": 1}}",4,tuolumne/SW_M
7caf1b45c1,"{""config"": {""instance_level"": {""0"": {""match_policy"": ""first"", ""queue_depth"": 32, ""queue_policy"": ""fcfs"", ""reservation_depth"": 64}, ""1"": {""job_request_cores_per_task"": 24, ""job_request_gpus_per_task"": 1, ""job_request_nodes"": 1, ""job_request_ntasks_per_node"": 1, ""job_request_time"": ""30s"", ""match_policy"": ""low"", ""n_jobs"": 20, ""problem_class"": ""B"", ""queue_depth"": 32, ""queue_policy"": ""fcfs"", ""reservation_depth"": 64, ""workload"": ""raja-perf%Polybench_GEMM%Base_HIP""}, ""2"": {""job_request_cores_per_task"": 24, ""job_request_gpus_per_task"": 1, ""job_request_nodes"": 1, ""job_request_ntasks_per_node"": 1, ""job_request_time"": ""30s"", ""match_policy"": ""first"", ""n_jobs"": 20, ""problem_class"": ""B"", ""queue_depth"": 32, ""queue_policy"": ""hybrid"", ""reservation_depth"": 64, ""workload"": ""raja-perf%Polybench_GEMM%Base_HIP""}}}, ""system"": {""cpu_affinity"": true, ""flux_time_limit"": ""6m"", ""max_cores_per_node"": 96, ""max_gpus_per_node"": 4, ""queue"": ""pbatch"", ""slurm_time_limit"": ""00:06:00"", ""sys_nodes"": 1}}",5,tuolumne/SW_M
db8c45e7e3,"{""config"": {""instance_level"": {""0"": {""match_policy"": ""first"", ""queue_depth"": 32, ""queue_policy"": ""fcfs"", ""reservation_depth"": 64}, ""1"": {""job_request_cores_per_task"": 24, ""job_request_gpus_per_task"": 1, ""job_request_nodes"": 1, ""job_request_ntasks_per_node"": 1, ""job_request_time"": ""30s"", ""match_policy"": ""low"", ""n_jobs"": 20, ""problem_class"": ""B"", ""queue_depth"": 32, ""queue_policy"": ""fcfs"", ""reservation_depth"": 64, ""workload"": ""raja-perf%Polybench_GEMM%Base_HIP""}, ""2"": {""job_request_cores_per_task"": 24, ""job_request_gpus_per_task"": 1, ""job_request_nodes"": 1, ""job_request_ntasks_per_node"": 1, ""job_request_time"": ""30s"", ""match_policy"": ""low"", ""n_jobs"": 20, ""problem_class"": ""B"", ""queue_depth"": 32, ""queue_policy"": ""fcfs"", ""reservation_depth"": 64, ""workload"": ""raja-perf%Polybench_GEMM%Base_HIP""}}}, ""system"": {""cpu_affinity"": true, ""flux_time_limit"": ""6m"", ""max_cores_per_node"": 96, ""max_gpus_per_node"": 4, ""queue"": ""pbatch"", ""slurm_time_limit"": ""00:06:00"", ""sys_nodes"": 1}}",1,tuolumne/SW_M
db8c45e7e3,"{""config"": {""instance_level"": {""0"": {""match_policy"": ""first"", ""queue_depth"": 32, ""queue_policy"": ""fcfs"", ""reservation_depth"": 64}, ""1"": {""job_request_cores_per_task"": 24, ""job_request_gpus_per_task"": 1, ""job_request_nodes"": 1, ""job_request_ntasks_per_node"": 1, ""job_request_time"": ""30s"", ""match_policy"": ""low"", ""n_jobs"": 20, ""problem_class"": ""B"", ""queue_depth"": 32, ""queue_policy"": ""fcfs"", ""reservation_depth"": 64, ""workload"": ""raja-perf%Polybench_GEMM%Base_HIP""}, ""2"": {""job_request_cores_per_task"": 24, ""job_request_gpus_per_task"": 1, ""job_request_nodes"": 1, ""job_request_ntasks_per_node"": 1, ""job_request_time"": ""30s"", ""match_policy"": ""low"", ""n_jobs"": 20, ""problem_class"": ""B"", ""queue_depth"": 32, ""queue_policy"": ""fcfs"", ""reservation_depth"": 64, ""workload"": ""raja-perf%Polybench_GEMM%Base_HIP""}}}, ""system"": {""cpu_affinity"": true, ""flux_time_limit"": ""6m"", ""max_cores_per_node"": 96, ""max_gpus_per_node"": 4, ""queue"": ""pbatch"", ""slurm_time_limit"": ""00:06:00"", ""sys_nodes"": 1}}",2,tuolumne/SW_M
db8c45e7e3,"{""config"": {""instance_level"": {""0"": {""match_policy"": ""first"", ""queue_depth"": 32, ""queue_policy"": ""fcfs"", ""reservation_depth"": 64}, ""1"": {""job_request_cores_per_task"": 24, ""job_request_gpus_per_task"": 1, ""job_request_nodes"": 1, ""job_request_ntasks_per_node"": 1, ""job_request_time"": ""30s"", ""match_policy"": ""low"", ""n_jobs"": 20, ""problem_class"": ""B"", ""queue_depth"": 32, ""queue_policy"": ""fcfs"", ""reservation_depth"": 64, ""workload"": ""raja-perf%Polybench_GEMM%Base_HIP""}, ""2"": {""job_request_cores_per_task"": 24, ""job_request_gpus_per_task"": 1, ""job_request_nodes"": 1, ""job_request_ntasks_per_node"": 1, ""job_request_time"": ""30s"", ""match_policy"": ""low"", ""n_jobs"": 20, ""problem_class"": ""B"", ""queue_depth"": 32, ""queue_policy"": ""fcfs"", ""reservation_depth"": 64, ""workload"": ""raja-perf%Polybench_GEMM%Base_HIP""}}}, ""system"": {""cpu_affinity"": true, ""flux_time_limit"": ""6m"", ""max_cores_per_node"": 96, ""max_gpus_per_node"": 4, ""queue"": ""pbatch"", ""slurm_time_limit"": ""00:06:00"", ""sys_nodes"": 1}}",3,tuolumne/SW_M
db8c45e7e3,"{""config"": {""instance_level"": {""0"": {""match_policy"": ""first"", ""queue_depth"": 32, ""queue_policy"": ""fcfs"", ""reservation_depth"": 64}, ""1"": {""job_request_cores_per_task"": 24, ""job_request_gpus_per_task"": 1, ""job_request_nodes"": 1, ""job_request_ntasks_per_node"": 1, ""job_request_time"": ""30s"", ""match_policy"": ""low"", ""n_jobs"": 20, ""problem_class"": ""B"", ""queue_depth"": 32, ""queue_policy"": ""fcfs"", ""reservation_depth"": 64, ""workload"": ""raja-perf%Polybench_GEMM%Base_HIP""}, ""2"": {""job_request_cores_per_task"": 24, ""job_request_gpus_per_task"": 1, ""job_request_nodes"": 1, ""job_request_ntasks_per_node"": 1, ""job_request_time"": ""30s"", ""match_policy"": ""low"", ""n_jobs"": 20, ""problem_class"": ""B"", ""queue_depth"": 32, ""queue_policy"": ""fcfs"", ""reservation_depth"": 64, ""workload"": ""raja-perf%Polybench_GEMM%Base_HIP""}}}, ""system"": {""cpu_affinity"": true, ""flux_time_limit"": ""6m"", ""max_cores_per_node"": 96, ""max_gpus_per_node"": 4, ""queue"": ""pbatch"", ""slurm_time_limit"": ""00:06:00"", ""sys_nodes"": 1}}",4,tuolumne/SW_M
db8c45e7e3,"{""config"": {""instance_level"": {""0"": {""match_policy"": ""first"", ""queue_depth"": 32, ""queue_policy"": ""fcfs"", ""reservation_depth"": 64}, ""1"": {""job_request_cores_per_task"": 24, ""job_request_gpus_per_task"": 1, ""job_request_nodes"": 1, ""job_request_ntasks_per_node"": 1, ""job_request_time"": ""30s"", ""match_policy"": ""low"", ""n_jobs"": 20, ""problem_class"": ""B"", ""queue_depth"": 32, ""queue_policy"": ""fcfs"", ""reservation_depth"": 64, ""workload"": ""raja-perf%Polybench_GEMM%Base_HIP""}, ""2"": {""job_request_cores_per_task"": 24, ""job_request_gpus_per_task"": 1, ""job_request_nodes"": 1, ""job_request_ntasks_per_node"": 1, ""job_request_time"": ""30s"", ""match_policy"": ""low"", ""n_jobs"": 20, ""problem_class"": ""B"", ""queue_depth"": 32, ""queue_policy"": ""fcfs"", ""reservation_depth"": 64, ""workload"": ""raja-perf%Polybench_GEMM%Base_HIP""}}}, ""system"": {""cpu_affinity"": true, ""flux_time_limit"": ""6m"", ""max_cores_per_node"": 96, ""max_gpus_per_node"": 4, ""queue"": ""pbatch"", ""slurm_time_limit"": ""00:06:00"", ""sys_nodes"": 1}}",5,tuolumne/SW_M
4fcee66014,"{""config"": {""instance_level"": {""0"": {""match_policy"": ""first"", ""queue_depth"": 32, ""queue_policy"": ""fcfs"", ""reservation_depth"": 64}, ""1"": {""job_request_cores_per_task"": 24, ""job_request_gpus_per_task"": 1, ""job_request_nodes"": 1, ""job_request_ntasks_per_node"": 1, ""job_request_time"": ""30s"", ""match_policy"": ""low"", ""n_jobs"": 20, ""problem_class"": ""B"", ""queue_depth"": 32, ""queue_policy"": ""fcfs"", ""reservation_depth"": 64, ""workload"": ""raja-perf%Polybench_GEMM%Base_HIP""}, ""2"": {""job_request_cores_per_task"": 24, ""job_request_gpus_per_task"": 1, ""job_request_nodes"": 1, ""job_request_ntasks_per_node"": 1, ""job_request_time"": ""30s"", ""match_policy"": ""low"", ""n_jobs"": 20, ""problem_class"": ""B"", ""queue_depth"": 32, ""queue_policy"": ""hybrid"", ""reservation_depth"": 64, ""workload"": ""raja-perf%Polybench_GEMM%Base_HIP""}}}, ""system"": {""cpu_affinity"": true, ""flux_time_limit"": ""6m"", ""max_cores_per_node"": 96, ""max_gpus_per_node"": 4, ""queue"": ""pbatch"", ""slurm_time_limit"": ""00:06:00"", ""sys_nodes"": 1}}",1,tuolumne/SW_M
4fcee66014,"{""config"": {""instance_level"": {""0"": {""match_policy"": ""first"", ""queue_depth"": 32, ""queue_policy"": ""fcfs"", ""reservation_depth"": 64}, ""1"": {""job_request_cores_per_task"": 24, ""job_request_gpus_per_task"": 1, ""job_request_nodes"": 1, ""job_request_ntasks_per_node"": 1, ""job_request_time"": ""30s"", ""match_policy"": ""low"", ""n_jobs"": 20, ""problem_class"": ""B"", ""queue_depth"": 32, ""queue_policy"": ""fcfs"", ""reservation_depth"": 64, ""workload"": ""raja-perf%Polybench_GEMM%Base_HIP""}, ""2"": {""job_request_cores_per_task"": 24, ""job_request_gpus_per_task"": 1, ""job_request_nodes"": 1, ""job_request_ntasks_per_node"": 1, ""job_request_time"": ""30s"", ""match_policy"": ""low"", ""n_jobs"": 20, ""problem_class"": ""B"", ""queue_depth"": 32, ""queue_policy"": ""hybrid"", ""reservation_depth"": 64, ""workload"": ""raja-perf%Polybench_GEMM%Base_HIP""}}}, ""system"": {""cpu_affinity"": true, ""flux_time_limit"": ""6m"", ""max_cores_per_node"": 96, ""max_gpus_per_node"": 4, ""queue"": ""pbatch"", ""slurm_time_limit"": ""00:06:00"", ""sys_nodes"": 1}}",2,tuolumne/SW_M
4fcee66014,"{""config"": {""instance_level"": {""0"": {""match_policy"": ""first"", ""queue_depth"": 32, ""queue_policy"": ""fcfs"", ""reservation_depth"": 64}, ""1"": {""job_request_cores_per_task"": 24, ""job_request_gpus_per_task"": 1, ""job_request_nodes"": 1, ""job_request_ntasks_per_node"": 1, ""job_request_time"": ""30s"", ""match_policy"": ""low"", ""n_jobs"": 20, ""problem_class"": ""B"", ""queue_depth"": 32, ""queue_policy"": ""fcfs"", ""reservation_depth"": 64, ""workload"": ""raja-perf%Polybench_GEMM%Base_HIP""}, ""2"": {""job_request_cores_per_task"": 24, ""job_request_gpus_per_task"": 1, ""job_request_nodes"": 1, ""job_request_ntasks_per_node"": 1, ""job_request_time"": ""30s"", ""match_policy"": ""low"", ""n_jobs"": 20, ""problem_class"": ""B"", ""queue_depth"": 32, ""queue_policy"": ""hybrid"", ""reservation_depth"": 64, ""workload"": ""raja-perf%Polybench_GEMM%Base_HIP""}}}, ""system"": {""cpu_affinity"": true, ""flux_time_limit"": ""6m"", ""max_cores_per_node"": 96, ""max_gpus_per_node"": 4, ""queue"": ""pbatch"", ""slurm_time_limit"": ""00:06:00"", ""sys_nodes"": 1}}",3,tuolumne/SW_M
4fcee66014,"{""config"": {""instance_level"": {""0"": {""match_policy"": ""first"", ""queue_depth"": 32, ""queue_policy"": ""fcfs"", ""reservation_depth"": 64}, ""1"": {""job_request_cores_per_task"": 24, ""job_request_gpus_per_task"": 1, ""job_request_nodes"": 1, ""job_request_ntasks_per_node"": 1, ""job_request_time"": ""30s"", ""match_policy"": ""low"", ""n_jobs"": 20, ""problem_class"": ""B"", ""queue_depth"": 32, ""queue_policy"": ""fcfs"", ""reservation_depth"": 64, ""workload"": ""raja-perf%Polybench_GEMM%Base_HIP""}, ""2"": {""job_request_cores_per_task"": 24, ""job_request_gpus_per_task"": 1, ""job_request_nodes"": 1, ""job_request_ntasks_per_node"": 1, ""job_request_time"": ""30s"", ""match_policy"": ""low"", ""n_jobs"": 20, ""problem_class"": ""B"", ""queue_depth"": 32, ""queue_policy"": ""hybrid"", ""reservation_depth"": 64, ""workload"": ""raja-perf%Polybench_GEMM%Base_HIP""}}}, ""system"": {""cpu_affinity"": true, ""flux_time_limit"": ""6m"", ""max_cores_per_node"": 96, ""max_gpus_per_node"": 4, ""queue"": ""pbatch"", ""slurm_time_limit"": ""00:06:00"", ""sys_nodes"": 1}}",4,tuolumne/SW_M
4fcee66014,"{""config"": {""instance_level"": {""0"": {""match_policy"": ""first"", ""queue_depth"": 32, ""queue_policy"": ""fcfs"", ""reservation_depth"": 64}, ""1"": {""job_request_cores_per_task"": 24, ""job_request_gpus_per_task"": 1, ""job_request_nodes"": 1, ""job_request_ntasks_per_node"": 1, ""job_request_time"": ""30s"", ""match_policy"": ""low"", ""n_jobs"": 20, ""problem_class"": ""B"", ""queue_depth"": 32, ""queue_policy"": ""fcfs"", ""reservation_depth"": 64, ""workload"": ""raja-perf%Polybench_GEMM%Base_HIP""}, ""2"": {""job_request_cores_per_task"": 24, ""job_request_gpus_per_task"": 1, ""job_request_nodes"": 1, ""job_request_ntasks_per_node"": 1, ""job_request_time"": ""30s"", ""match_policy"": ""low"", ""n_jobs"": 20, ""problem_class"": ""B"", ""queue_depth"": 32, ""queue_policy"": ""hybrid"", ""reservation_depth"": 64, ""workload"": ""raja-perf%Polybench_GEMM%Base_HIP""}}}, ""system"": {""cpu_affinity"": true, ""flux_time_limit"": ""6m"", ""max_cores_per_node"": 96, ""max_gpus_per_node"": 4, ""queue"": ""pbatch"", ""slurm_time_limit"": ""00:06:00"", ""sys_nodes"": 1}}",5,tuolumne/SW_M
5d5904ac21,"{""config"": {""instance_level"": {""0"": {""match_policy"": ""first"", ""queue_depth"": 32, ""queue_policy"": ""fcfs"", ""reservation_depth"": 64}, ""1"": {""job_request_cores_per_task"": 24, ""job_request_gpus_per_task"": 1, ""job_request_nodes"": 1, ""job_request_ntasks_per_node"": 1, ""job_request_time"": ""30s"", ""match_policy"": ""low"", ""n_jobs"": 20, ""problem_class"": ""B"", ""queue_depth"": 32, ""queue_policy"": ""hybrid"", ""reservation_depth"": 64, ""workload"": ""babelstream""}, ""2"": {""job_request_cores_per_task"": 24, ""job_request_gpus_per_task"": 1, ""job_request_nodes"": 1, ""job_request_ntasks_per_node"": 1, ""job_request_time"": ""30s"", ""match_policy"": ""first"", ""n_jobs"": 20, ""problem_class"": ""B"", ""queue_depth"": 32, ""queue_policy"": ""fcfs"", ""reservation_depth"": 64, ""workload"": ""babelstream""}}}, ""system"": {""cpu_affinity"": true, ""flux_time_limit"": ""6m"", ""max_cores_per_node"": 96, ""max_gpus_per_node"": 4, ""queue"": ""pbatch"", ""slurm_time_limit"": ""00:06:00"", ""sys_nodes"": 1}}",1,tuolumne/SW_M
5d5904ac21,"{""config"": {""instance_level"": {""0"": {""match_policy"": ""first"", ""queue_depth"": 32, ""queue_policy"": ""fcfs"", ""reservation_depth"": 64}, ""1"": {""job_request_cores_per_task"": 24, ""job_request_gpus_per_task"": 1, ""job_request_nodes"": 1, ""job_request_ntasks_per_node"": 1, ""job_request_time"": ""30s"", ""match_policy"": ""low"", ""n_jobs"": 20, ""problem_class"": ""B"", ""queue_depth"": 32, ""queue_policy"": ""hybrid"", ""reservation_depth"": 64, ""workload"": ""babelstream""}, ""2"": {""job_request_cores_per_task"": 24, ""job_request_gpus_per_task"": 1, ""job_request_nodes"": 1, ""job_request_ntasks_per_node"": 1, ""job_request_time"": ""30s"", ""match_policy"": ""first"", ""n_jobs"": 20, ""problem_class"": ""B"", ""queue_depth"": 32, ""queue_policy"": ""fcfs"", ""reservation_depth"": 64, ""workload"": ""babelstream""}}}, ""system"": {""cpu_affinity"": true, ""flux_time_limit"": ""6m"", ""max_cores_per_node"": 96, ""max_gpus_per_node"": 4, ""queue"": ""pbatch"", ""slurm_time_limit"": ""00:06:00"", ""sys_nodes"": 1}}",2,tuolumne/SW_M
5d5904ac21,"{""config"": {""instance_level"": {""0"": {""match_policy"": ""first"", ""queue_depth"": 32, ""queue_policy"": ""fcfs"", ""reservation_depth"": 64}, ""1"": {""job_request_cores_per_task"": 24, ""job_request_gpus_per_task"": 1, ""job_request_nodes"": 1, ""job_request_ntasks_per_node"": 1, ""job_request_time"": ""30s"", ""match_policy"": ""low"", ""n_jobs"": 20, ""problem_class"": ""B"", ""queue_depth"": 32, ""queue_policy"": ""hybrid"", ""reservation_depth"": 64, ""workload"": ""babelstream""}, ""2"": {""job_request_cores_per_task"": 24, ""job_request_gpus_per_task"": 1, ""job_request_nodes"": 1, ""job_request_ntasks_per_node"": 1, ""job_request_time"": ""30s"", ""match_policy"": ""first"", ""n_jobs"": 20, ""problem_class"": ""B"", ""queue_depth"": 32, ""queue_policy"": ""fcfs"", ""reservation_depth"": 64, ""workload"": ""babelstream""}}}, ""system"": {""cpu_affinity"": true, ""flux_time_limit"": ""6m"", ""max_cores_per_node"": 96, ""max_gpus_per_node"": 4, ""queue"": ""pbatch"", ""slurm_time_limit"": ""00:06:00"", ""sys_nodes"": 1}}",3,tuolumne/SW_M
5d5904ac21,"{""config"": {""instance_level"": {""0"": {""match_policy"": ""first"", ""queue_depth"": 32, ""queue_policy"": ""fcfs"", ""reservation_depth"": 64}, ""1"": {""job_request_cores_per_task"": 24, ""job_request_gpus_per_task"": 1, ""job_request_nodes"": 1, ""job_request_ntasks_per_node"": 1, ""job_request_time"": ""30s"", ""match_policy"": ""low"", ""n_jobs"": 20, ""problem_class"": ""B"", ""queue_depth"": 32, ""queue_policy"": ""hybrid"", ""reservation_depth"": 64, ""workload"": ""babelstream""}, ""2"": {""job_request_cores_per_task"": 24, ""job_request_gpus_per_task"": 1, ""job_request_nodes"": 1, ""job_request_ntasks_per_node"": 1, ""job_request_time"": ""30s"", ""match_policy"": ""first"", ""n_jobs"": 20, ""problem_class"": ""B"", ""queue_depth"": 32, ""queue_policy"": ""fcfs"", ""reservation_depth"": 64, ""workload"": ""babelstream""}}}, ""system"": {""cpu_affinity"": true, ""flux_time_limit"": ""6m"", ""max_cores_per_node"": 96, ""max_gpus_per_node"": 4, ""queue"": ""pbatch"", ""slurm_time_limit"": ""00:06:00"", ""sys_nodes"": 1}}",4,tuolumne/SW_M
5d5904ac21,"{""config"": {""instance_level"": {""0"": {""match_policy"": ""first"", ""queue_depth"": 32, ""queue_policy"": ""fcfs"", ""reservation_depth"": 64}, ""1"": {""job_request_cores_per_task"": 24, ""job_request_gpus_per_task"": 1, ""job_request_nodes"": 1, ""job_request_ntasks_per_node"": 1, ""job_request_time"": ""30s"", ""match_policy"": ""low"", ""n_jobs"": 20, ""problem_class"": ""B"", ""queue_depth"": 32, ""queue_policy"": ""hybrid"", ""reservation_depth"": 64, ""workload"": ""babelstream""}, ""2"": {""job_request_cores_per_task"": 24, ""job_request_gpus_per_task"": 1, ""job_request_nodes"": 1, ""job_request_ntasks_per_node"": 1, ""job_request_time"": ""30s"", ""match_policy"": ""first"", ""n_jobs"": 20, ""problem_class"": ""B"", ""queue_depth"": 32, ""queue_policy"": ""fcfs"", ""reservation_depth"": 64, ""workload"": ""babelstream""}}}, ""system"": {""cpu_affinity"": true, ""flux_time_limit"": ""6m"", ""max_cores_per_node"": 96, ""max_gpus_per_node"": 4, ""queue"": ""pbatch"", ""slurm_time_limit"": ""00:06:00"", ""sys_nodes"": 1}}",5,tuolumne/SW_M
16f870fb4c,"{""config"": {""instance_level"": {""0"": {""match_policy"": ""first"", ""queue_depth"": 32, ""queue_policy"": ""fcfs"", ""reservation_depth"": 64}, ""1"": {""job_request_cores_per_task"": 24, ""job_request_gpus_per_task"": 1, ""job_request_nodes"": 1, ""job_request_ntasks_per_node"": 1, ""job_request_time"": ""30s"", ""match_policy"": ""low"", ""n_jobs"": 20, ""problem_class"": ""B"", ""queue_depth"": 32, ""queue_policy"": ""hybrid"", ""reservation_depth"": 64, ""workload"": ""babelstream""}, ""2"": {""job_request_cores_per_task"": 24, ""job_request_gpus_per_task"": 1, ""job_request_nodes"": 1, ""job_request_ntasks_per_node"": 1, ""job_request_time"": ""30s"", ""match_policy"": ""first"", ""n_jobs"": 20, ""problem_class"": ""B"", ""queue_depth"": 32, ""queue_policy"": ""hybrid"", ""reservation_depth"": 64, ""workload"": ""babelstream""}}}, ""system"": {""cpu_affinity"": true, ""flux_time_limit"": ""6m"", ""max_cores_per_node"": 96, ""max_gpus_per_node"": 4, ""queue"": ""pbatch"", ""slurm_time_limit"": ""00:06:00"", ""sys_nodes"": 1}}",1,tuolumne/SW_M
16f870fb4c,"{""config"": {""instance_level"": {""0"": {""match_policy"": ""first"", ""queue_depth"": 32, ""queue_policy"": ""fcfs"", ""reservation_depth"": 64}, ""1"": {""job_request_cores_per_task"": 24, ""job_request_gpus_per_task"": 1, ""job_request_nodes"": 1, ""job_request_ntasks_per_node"": 1, ""job_request_time"": ""30s"", ""match_policy"": ""low"", ""n_jobs"": 20, ""problem_class"": ""B"", ""queue_depth"": 32, ""queue_policy"": ""hybrid"", ""reservation_depth"": 64, ""workload"": ""babelstream""}, ""2"": {""job_request_cores_per_task"": 24, ""job_request_gpus_per_task"": 1, ""job_request_nodes"": 1, ""job_request_ntasks_per_node"": 1, ""job_request_time"": ""30s"", ""match_policy"": ""first"", ""n_jobs"": 20, ""problem_class"": ""B"", ""queue_depth"": 32, ""queue_policy"": ""hybrid"", ""reservation_depth"": 64, ""workload"": ""babelstream""}}}, ""system"": {""cpu_affinity"": true, ""flux_time_limit"": ""6m"", ""max_cores_per_node"": 96, ""max_gpus_per_node"": 4, ""queue"": ""pbatch"", ""slurm_time_limit"": ""00:06:00"", ""sys_nodes"": 1}}",2,tuolumne/SW_M
16f870fb4c,"{""config"": {""instance_level"": {""0"": {""match_policy"": ""first"", ""queue_depth"": 32, ""queue_policy"": ""fcfs"", ""reservation_depth"": 64}, ""1"": {""job_request_cores_per_task"": 24, ""job_request_gpus_per_task"": 1, ""job_request_nodes"": 1, ""job_request_ntasks_per_node"": 1, ""job_request_time"": ""30s"", ""match_policy"": ""low"", ""n_jobs"": 20, ""problem_class"": ""B"", ""queue_depth"": 32, ""queue_policy"": ""hybrid"", ""reservation_depth"": 64, ""workload"": ""babelstream""}, ""2"": {""job_request_cores_per_task"": 24, ""job_request_gpus_per_task"": 1, ""job_request_nodes"": 1, ""job_request_ntasks_per_node"": 1, ""job_request_time"": ""30s"", ""match_policy"": ""first"", ""n_jobs"": 20, ""problem_class"": ""B"", ""queue_depth"": 32, ""queue_policy"": ""hybrid"", ""reservation_depth"": 64, ""workload"": ""babelstream""}}}, ""system"": {""cpu_affinity"": true, ""flux_time_limit"": ""6m"", ""max_cores_per_node"": 96, ""max_gpus_per_node"": 4, ""queue"": ""pbatch"", ""slurm_time_limit"": ""00:06:00"", ""sys_nodes"": 1}}",3,tuolumne/SW_M
16f870fb4c,"{""config"": {""instance_level"": {""0"": {""match_policy"": ""first"", ""queue_depth"": 32, ""queue_policy"": ""fcfs"", ""reservation_depth"": 64}, ""1"": {""job_request_cores_per_task"": 24, ""job_request_gpus_per_task"": 1, ""job_request_nodes"": 1, ""job_request_ntasks_per_node"": 1, ""job_request_time"": ""30s"", ""match_policy"": ""low"", ""n_jobs"": 20, ""problem_class"": ""B"", ""queue_depth"": 32, ""queue_policy"": ""hybrid"", ""reservation_depth"": 64, ""workload"": ""babelstream""}, ""2"": {""job_request_cores_per_task"": 24, ""job_request_gpus_per_task"": 1, ""job_request_nodes"": 1, ""job_request_ntasks_per_node"": 1, ""job_request_time"": ""30s"", ""match_policy"": ""first"", ""n_jobs"": 20, ""problem_class"": ""B"", ""queue_depth"": 32, ""queue_policy"": ""hybrid"", ""reservation_depth"": 64, ""workload"": ""babelstream""}}}, ""system"": {""cpu_affinity"": true, ""flux_time_limit"": ""6m"", ""max_cores_per_node"": 96, ""max_gpus_per_node"": 4, ""queue"": ""pbatch"", ""slurm_time_limit"": ""00:06:00"", ""sys_nodes"": 1}}",4,tuolumne/SW_M
16f870fb4c,"{""config"": {""instance_level"": {""0"": {""match_policy"": ""first"", ""queue_depth"": 32, ""queue_policy"": ""fcfs"", ""reservation_depth"": 64}, ""1"": {""job_request_cores_per_task"": 24, ""job_request_gpus_per_task"": 1, ""job_request_nodes"": 1, ""job_request_ntasks_per_node"": 1, ""job_request_time"": ""30s"", ""match_policy"": ""low"", ""n_jobs"": 20, ""problem_class"": ""B"", ""queue_depth"": 32, ""queue_policy"": ""hybrid"", ""reservation_depth"": 64, ""workload"": ""babelstream""}, ""2"": {""job_request_cores_per_task"": 24, ""job_request_gpus_per_task"": 1, ""job_request_nodes"": 1, ""job_request_ntasks_per_node"": 1, ""job_request_time"": ""30s"", ""match_policy"": ""first"", ""n_jobs"": 20, ""problem_class"": ""B"", ""queue_depth"": 32, ""queue_policy"": ""hybrid"", ""reservation_depth"": 64, ""workload"": ""babelstream""}}}, ""system"": {""cpu_affinity"": true, ""flux_time_limit"": ""6m"", ""max_cores_per_node"": 96, ""max_gpus_per_node"": 4, ""queue"": ""pbatch"", ""slurm_time_limit"": ""00:06:00"", ""sys_nodes"": 1}}",5,tuolumne/SW_M
e8abc7d3a2,"{""config"": {""instance_level"": {""0"": {""match_policy"": ""first"", ""queue_depth"": 32, ""queue_policy"": ""fcfs"", ""reservation_depth"": 64}, ""1"": {""job_request_cores_per_task"": 24, ""job_request_gpus_per_task"": 1, ""job_request_nodes"": 1, ""job_request_ntasks_per_node"": 1, ""job_request_time"": ""30s"", ""match_policy"": ""low"", ""n_jobs"": 20, ""problem_class"": ""B"", ""queue_depth"": 32, ""queue_policy"": ""hybrid"", ""reservation_depth"": 64, ""workload"": ""babelstream""}, ""2"": {""job_request_cores_per_task"": 24, ""job_request_gpus_per_task"": 1, ""job_request_nodes"": 1, ""job_request_ntasks_per_node"": 1, ""job_request_time"": ""30s"", ""match_policy"": ""low"", ""n_jobs"": 20, ""problem_class"": ""B"", ""queue_depth"": 32, ""queue_policy"": ""fcfs"", ""reservation_depth"": 64, ""workload"": ""babelstream""}}}, ""system"": {""cpu_affinity"": true, ""flux_time_limit"": ""6m"", ""max_cores_per_node"": 96, ""max_gpus_per_node"": 4, ""queue"": ""pbatch"", ""slurm_time_limit"": ""00:06:00"", ""sys_nodes"": 1}}",1,tuolumne/SW_M
e8abc7d3a2,"{""config"": {""instance_level"": {""0"": {""match_policy"": ""first"", ""queue_depth"": 32, ""queue_policy"": ""fcfs"", ""reservation_depth"": 64}, ""1"": {""job_request_cores_per_task"": 24, ""job_request_gpus_per_task"": 1, ""job_request_nodes"": 1, ""job_request_ntasks_per_node"": 1, ""job_request_time"": ""30s"", ""match_policy"": ""low"", ""n_jobs"": 20, ""problem_class"": ""B"", ""queue_depth"": 32, ""queue_policy"": ""hybrid"", ""reservation_depth"": 64, ""workload"": ""babelstream""}, ""2"": {""job_request_cores_per_task"": 24, ""job_request_gpus_per_task"": 1, ""job_request_nodes"": 1, ""job_request_ntasks_per_node"": 1, ""job_request_time"": ""30s"", ""match_policy"": ""low"", ""n_jobs"": 20, ""problem_class"": ""B"", ""queue_depth"": 32, ""queue_policy"": ""fcfs"", ""reservation_depth"": 64, ""workload"": ""babelstream""}}}, ""system"": {""cpu_affinity"": true, ""flux_time_limit"": ""6m"", ""max_cores_per_node"": 96, ""max_gpus_per_node"": 4, ""queue"": ""pbatch"", ""slurm_time_limit"": ""00:06:00"", ""sys_nodes"": 1}}",2,tuolumne/SW_M
e8abc7d3a2,"{""config"": {""instance_level"": {""0"": {""match_policy"": ""first"", ""queue_depth"": 32, ""queue_policy"": ""fcfs"", ""reservation_depth"": 64}, ""1"": {""job_request_cores_per_task"": 24, ""job_request_gpus_per_task"": 1, ""job_request_nodes"": 1, ""job_request_ntasks_per_node"": 1, ""job_request_time"": ""30s"", ""match_policy"": ""low"", ""n_jobs"": 20, ""problem_class"": ""B"", ""queue_depth"": 32, ""queue_policy"": ""hybrid"", ""reservation_depth"": 64, ""workload"": ""babelstream""}, ""2"": {""job_request_cores_per_task"": 24, ""job_request_gpus_per_task"": 1, ""job_request_nodes"": 1, ""job_request_ntasks_per_node"": 1, ""job_request_time"": ""30s"", ""match_policy"": ""low"", ""n_jobs"": 20, ""problem_class"": ""B"", ""queue_depth"": 32, ""queue_policy"": ""fcfs"", ""reservation_depth"": 64, ""workload"": ""babelstream""}}}, ""system"": {""cpu_affinity"": true, ""flux_time_limit"": ""6m"", ""max_cores_per_node"": 96, ""max_gpus_per_node"": 4, ""queue"": ""pbatch"", ""slurm_time_limit"": ""00:06:00"", ""sys_nodes"": 1}}",3,tuolumne/SW_M
e8abc7d3a2,"{""config"": {""instance_level"": {""0"": {""match_policy"": ""first"", ""queue_depth"": 32, ""queue_policy"": ""fcfs"", ""reservation_depth"": 64}, ""1"": {""job_request_cores_per_task"": 24, ""job_request_gpus_per_task"": 1, ""job_request_nodes"": 1, ""job_request_ntasks_per_node"": 1, ""job_request_time"": ""30s"", ""match_policy"": ""low"", ""n_jobs"": 20, ""problem_class"": ""B"", ""queue_depth"": 32, ""queue_policy"": ""hybrid"", ""reservation_depth"": 64, ""workload"": ""babelstream""}, ""2"": {""job_request_cores_per_task"": 24, ""job_request_gpus_per_task"": 1, ""job_request_nodes"": 1, ""job_request_ntasks_per_node"": 1, ""job_request_time"": ""30s"", ""match_policy"": ""low"", ""n_jobs"": 20, ""problem_class"": ""B"", ""queue_depth"": 32, ""queue_policy"": ""fcfs"", ""reservation_depth"": 64, ""workload"": ""babelstream""}}}, ""system"": {""cpu_affinity"": true, ""flux_time_limit"": ""6m"", ""max_cores_per_node"": 96, ""max_gpus_per_node"": 4, ""queue"": ""pbatch"", ""slurm_time_limit"": ""00:06:00"", ""sys_nodes"": 1}}",4,tuolumne/SW_M
e8abc7d3a2,"{""config"": {""instance_level"": {""0"": {""match_policy"": ""first"", ""queue_depth"": 32, ""queue_policy"": ""fcfs"", ""reservation_depth"": 64}, ""1"": {""job_request_cores_per_task"": 24, ""job_request_gpus_per_task"": 1, ""job_request_nodes"": 1, ""job_request_ntasks_per_node"": 1, ""job_request_time"": ""30s"", ""match_policy"": ""low"", ""n_jobs"": 20, ""problem_class"": ""B"", ""queue_depth"": 32, ""queue_policy"": ""hybrid"", ""reservation_depth"": 64, ""workload"": ""babelstream""}, ""2"": {""job_request_cores_per_task"": 24, ""job_request_gpus_per_task"": 1, ""job_request_nodes"": 1, ""job_request_ntasks_per_node"": 1, ""job_request_time"": ""30s"", ""match_policy"": ""low"", ""n_jobs"": 20, ""problem_class"": ""B"", ""queue_depth"": 32, ""queue_policy"": ""fcfs"", ""reservation_depth"": 64, ""workload"": ""babelstream""}}}, ""system"": {""cpu_affinity"": true, ""flux_time_limit"": ""6m"", ""max_cores_per_node"": 96, ""max_gpus_per_node"": 4, ""queue"": ""pbatch"", ""slurm_time_limit"": ""00:06:00"", ""sys_nodes"": 1}}",5,tuolumne/SW_M
81162e6592,"{""config"": {""instance_level"": {""0"": {""match_policy"": ""first"", ""queue_depth"": 32, ""queue_policy"": ""fcfs"", ""reservation_depth"": 64}, ""1"": {""job_request_cores_per_task"": 24, ""job_request_gpus_per_task"": 1, ""job_request_nodes"": 1, ""job_request_ntasks_per_node"": 1, ""job_request_time"": ""30s"", ""match_policy"": ""low"", ""n_jobs"": 20, ""problem_class"": ""B"", ""queue_depth"": 32, ""queue_policy"": ""hybrid"", ""reservation_depth"": 64, ""workload"": ""babelstream""}, ""2"": {""job_request_cores_per_task"": 24, ""job_request_gpus_per_task"": 1, ""job_request_nodes"": 1, ""job_request_ntasks_per_node"": 1, ""job_request_time"": ""30s"", ""match_policy"": ""low"", ""n_jobs"": 20, ""problem_class"": ""B"", ""queue_depth"": 32, ""queue_policy"": ""hybrid"", ""reservation_depth"": 64, ""workload"": ""babelstream""}}}, ""system"": {""cpu_affinity"": true, ""flux_time_limit"": ""6m"", ""max_cores_per_node"": 96, ""max_gpus_per_node"": 4, ""queue"": ""pbatch"", ""slurm_time_limit"": ""00:06:00"", ""sys_nodes"": 1}}",1,tuolumne/SW_M
81162e6592,"{""config"": {""instance_level"": {""0"": {""match_policy"": ""first"", ""queue_depth"": 32, ""queue_policy"": ""fcfs"", ""reservation_depth"": 64}, ""1"": {""job_request_cores_per_task"": 24, ""job_request_gpus_per_task"": 1, ""job_request_nodes"": 1, ""job_request_ntasks_per_node"": 1, ""job_request_time"": ""30s"", ""match_policy"": ""low"", ""n_jobs"": 20, ""problem_class"": ""B"", ""queue_depth"": 32, ""queue_policy"": ""hybrid"", ""reservation_depth"": 64, ""workload"": ""babelstream""}, ""2"": {""job_request_cores_per_task"": 24, ""job_request_gpus_per_task"": 1, ""job_request_nodes"": 1, ""job_request_ntasks_per_node"": 1, ""job_request_time"": ""30s"", ""match_policy"": ""low"", ""n_jobs"": 20, ""problem_class"": ""B"", ""queue_depth"": 32, ""queue_policy"": ""hybrid"", ""reservation_depth"": 64, ""workload"": ""babelstream""}}}, ""system"": {""cpu_affinity"": true, ""flux_time_limit"": ""6m"", ""max_cores_per_node"": 96, ""max_gpus_per_node"": 4, ""queue"": ""pbatch"", ""slurm_time_limit"": ""00:06:00"", ""sys_nodes"": 1}}",2,tuolumne/SW_M
81162e6592,"{""config"": {""instance_level"": {""0"": {""match_policy"": ""first"", ""queue_depth"": 32, ""queue_policy"": ""fcfs"", ""reservation_depth"": 64}, ""1"": {""job_request_cores_per_task"": 24, ""job_request_gpus_per_task"": 1, ""job_request_nodes"": 1, ""job_request_ntasks_per_node"": 1, ""job_request_time"": ""30s"", ""match_policy"": ""low"", ""n_jobs"": 20, ""problem_class"": ""B"", ""queue_depth"": 32, ""queue_policy"": ""hybrid"", ""reservation_depth"": 64, ""workload"": ""babelstream""}, ""2"": {""job_request_cores_per_task"": 24, ""job_request_gpus_per_task"": 1, ""job_request_nodes"": 1, ""job_request_ntasks_per_node"": 1, ""job_request_time"": ""30s"", ""match_policy"": ""low"", ""n_jobs"": 20, ""problem_class"": ""B"", ""queue_depth"": 32, ""queue_policy"": ""hybrid"", ""reservation_depth"": 64, ""workload"": ""babelstream""}}}, ""system"": {""cpu_affinity"": true, ""flux_time_limit"": ""6m"", ""max_cores_per_node"": 96, ""max_gpus_per_node"": 4, ""queue"": ""pbatch"", ""slurm_time_limit"": ""00:06:00"", ""sys_nodes"": 1}}",3,tuolumne/SW_M
81162e6592,"{""config"": {""instance_level"": {""0"": {""match_policy"": ""first"", ""queue_depth"": 32, ""queue_policy"": ""fcfs"", ""reservation_depth"": 64}, ""1"": {""job_request_cores_per_task"": 24, ""job_request_gpus_per_task"": 1, ""job_request_nodes"": 1, ""job_request_ntasks_per_node"": 1, ""job_request_time"": ""30s"", ""match_policy"": ""low"", ""n_jobs"": 20, ""problem_class"": ""B"", ""queue_depth"": 32, ""queue_policy"": ""hybrid"", ""reservation_depth"": 64, ""workload"": ""babelstream""}, ""2"": {""job_request_cores_per_task"": 24, ""job_request_gpus_per_task"": 1, ""job_request_nodes"": 1, ""job_request_ntasks_per_node"": 1, ""job_request_time"": ""30s"", ""match_policy"": ""low"", ""n_jobs"": 20, ""problem_class"": ""B"", ""queue_depth"": 32, ""queue_policy"": ""hybrid"", ""reservation_depth"": 64, ""workload"": ""babelstream""}}}, ""system"": {""cpu_affinity"": true, ""flux_time_limit"": ""6m"", ""max_cores_per_node"": 96, ""max_gpus_per_node"": 4, ""queue"": ""pbatch"", ""slurm_time_limit"": ""00:06:00"", ""sys_nodes"": 1}}",4,tuolumne/SW_M
81162e6592,"{""config"": {""instance_level"": {""0"": {""match_policy"": ""first"", ""queue_depth"": 32, ""queue_policy"": ""fcfs"", ""reservation_depth"": 64}, ""1"": {""job_request_cores_per_task"": 24, ""job_request_gpus_per_task"": 1, ""job_request_nodes"": 1, ""job_request_ntasks_per_node"": 1, ""job_request_time"": ""30s"", ""match_policy"": ""low"", ""n_jobs"": 20, ""problem_class"": ""B"", ""queue_depth"": 32, ""queue_policy"": ""hybrid"", ""reservation_depth"": 64, ""workload"": ""babelstream""}, ""2"": {""job_request_cores_per_task"": 24, ""job_request_gpus_per_task"": 1, ""job_request_nodes"": 1, ""job_request_ntasks_per_node"": 1, ""job_request_time"": ""30s"", ""match_policy"": ""low"", ""n_jobs"": 20, ""problem_class"": ""B"", ""queue_depth"": 32, ""queue_policy"": ""hybrid"", ""reservation_depth"": 64, ""workload"": ""babelstream""}}}, ""system"": {""cpu_affinity"": true, ""flux_time_limit"": ""6m"", ""max_cores_per_node"": 96, ""max_gpus_per_node"": 4, ""queue"": ""pbatch"", ""slurm_time_limit"": ""00:06:00"", ""sys_nodes"": 1}}",5,tuolumne/SW_M
14a782fdc5,"{""config"": {""instance_level"": {""0"": {""match_policy"": ""first"", ""queue_depth"": 32, ""queue_policy"": ""fcfs"", ""reservation_depth"": 64}, ""1"": {""job_request_cores_per_task"": 24, ""job_request_gpus_per_task"": 1, ""job_request_nodes"": 1, ""job_request_ntasks_per_node"": 1, ""job_request_time"": ""30s"", ""match_policy"": ""low"", ""n_jobs"": 20, ""problem_class"": ""B"", ""queue_depth"": 32, ""queue_policy"": ""hybrid"", ""reservation_depth"": 64, ""workload"": ""raja-perf%Polybench_GEMM%Base_HIP""}, ""2"": {""job_request_cores_per_task"": 24, ""job_request_gpus_per_task"": 1, ""job_request_nodes"": 1, ""job_request_ntasks_per_node"": 1, ""job_request_time"": ""30s"", ""match_policy"": ""first"", ""n_jobs"": 20, ""problem_class"": ""B"", ""queue_depth"": 32, ""queue_policy"": ""fcfs"", ""reservation_depth"": 64, ""workload"": ""raja-perf%Polybench_GEMM%Base_HIP""}}}, ""system"": {""cpu_affinity"": true, ""flux_time_limit"": ""6m"", ""max_cores_per_node"": 96, ""max_gpus_per_node"": 4, ""queue"": ""pbatch"", ""slurm_time_limit"": ""00:06:00"", ""sys_nodes"": 1}}",1,tuolumne/SW_M
14a782fdc5,"{""config"": {""instance_level"": {""0"": {""match_policy"": ""first"", ""queue_depth"": 32, ""queue_policy"": ""fcfs"", ""reservation_depth"": 64}, ""1"": {""job_request_cores_per_task"": 24, ""job_request_gpus_per_task"": 1, ""job_request_nodes"": 1, ""job_request_ntasks_per_node"": 1, ""job_request_time"": ""30s"", ""match_policy"": ""low"", ""n_jobs"": 20, ""problem_class"": ""B"", ""queue_depth"": 32, ""queue_policy"": ""hybrid"", ""reservation_depth"": 64, ""workload"": ""raja-perf%Polybench_GEMM%Base_HIP""}, ""2"": {""job_request_cores_per_task"": 24, ""job_request_gpus_per_task"": 1, ""job_request_nodes"": 1, ""job_request_ntasks_per_node"": 1, ""job_request_time"": ""30s"", ""match_policy"": ""first"", ""n_jobs"": 20, ""problem_class"": ""B"", ""queue_depth"": 32, ""queue_policy"": ""fcfs"", ""reservation_depth"": 64, ""workload"": ""raja-perf%Polybench_GEMM%Base_HIP""}}}, ""system"": {""cpu_affinity"": true, ""flux_time_limit"": ""6m"", ""max_cores_per_node"": 96, ""max_gpus_per_node"": 4, ""queue"": ""pbatch"", ""slurm_time_limit"": ""00:06:00"", ""sys_nodes"": 1}}",2,tuolumne/SW_M
14a782fdc5,"{""config"": {""instance_level"": {""0"": {""match_policy"": ""first"", ""queue_depth"": 32, ""queue_policy"": ""fcfs"", ""reservation_depth"": 64}, ""1"": {""job_request_cores_per_task"": 24, ""job_request_gpus_per_task"": 1, ""job_request_nodes"": 1, ""job_request_ntasks_per_node"": 1, ""job_request_time"": ""30s"", ""match_policy"": ""low"", ""n_jobs"": 20, ""problem_class"": ""B"", ""queue_depth"": 32, ""queue_policy"": ""hybrid"", ""reservation_depth"": 64, ""workload"": ""raja-perf%Polybench_GEMM%Base_HIP""}, ""2"": {""job_request_cores_per_task"": 24, ""job_request_gpus_per_task"": 1, ""job_request_nodes"": 1, ""job_request_ntasks_per_node"": 1, ""job_request_time"": ""30s"", ""match_policy"": ""first"", ""n_jobs"": 20, ""problem_class"": ""B"", ""queue_depth"": 32, ""queue_policy"": ""fcfs"", ""reservation_depth"": 64, ""workload"": ""raja-perf%Polybench_GEMM%Base_HIP""}}}, ""system"": {""cpu_affinity"": true, ""flux_time_limit"": ""6m"", ""max_cores_per_node"": 96, ""max_gpus_per_node"": 4, ""queue"": ""pbatch"", ""slurm_time_limit"": ""00:06:00"", ""sys_nodes"": 1}}",3,tuolumne/SW_M
14a782fdc5,"{""config"": {""instance_level"": {""0"": {""match_policy"": ""first"", ""queue_depth"": 32, ""queue_policy"": ""fcfs"", ""reservation_depth"": 64}, ""1"": {""job_request_cores_per_task"": 24, ""job_request_gpus_per_task"": 1, ""job_request_nodes"": 1, ""job_request_ntasks_per_node"": 1, ""job_request_time"": ""30s"", ""match_policy"": ""low"", ""n_jobs"": 20, ""problem_class"": ""B"", ""queue_depth"": 32, ""queue_policy"": ""hybrid"", ""reservation_depth"": 64, ""workload"": ""raja-perf%Polybench_GEMM%Base_HIP""}, ""2"": {""job_request_cores_per_task"": 24, ""job_request_gpus_per_task"": 1, ""job_request_nodes"": 1, ""job_request_ntasks_per_node"": 1, ""job_request_time"": ""30s"", ""match_policy"": ""first"", ""n_jobs"": 20, ""problem_class"": ""B"", ""queue_depth"": 32, ""queue_policy"": ""fcfs"", ""reservation_depth"": 64, ""workload"": ""raja-perf%Polybench_GEMM%Base_HIP""}}}, ""system"": {""cpu_affinity"": true, ""flux_time_limit"": ""6m"", ""max_cores_per_node"": 96, ""max_gpus_per_node"": 4, ""queue"": ""pbatch"", ""slurm_time_limit"": ""00:06:00"", ""sys_nodes"": 1}}",4,tuolumne/SW_M
14a782fdc5,"{""config"": {""instance_level"": {""0"": {""match_policy"": ""first"", ""queue_depth"": 32, ""queue_policy"": ""fcfs"", ""reservation_depth"": 64}, ""1"": {""job_request_cores_per_task"": 24, ""job_request_gpus_per_task"": 1, ""job_request_nodes"": 1, ""job_request_ntasks_per_node"": 1, ""job_request_time"": ""30s"", ""match_policy"": ""low"", ""n_jobs"": 20, ""problem_class"": ""B"", ""queue_depth"": 32, ""queue_policy"": ""hybrid"", ""reservation_depth"": 64, ""workload"": ""raja-perf%Polybench_GEMM%Base_HIP""}, ""2"": {""job_request_cores_per_task"": 24, ""job_request_gpus_per_task"": 1, ""job_request_nodes"": 1, ""job_request_ntasks_per_node"": 1, ""job_request_time"": ""30s"", ""match_policy"": ""first"", ""n_jobs"": 20, ""problem_class"": ""B"", ""queue_depth"": 32, ""queue_policy"": ""fcfs"", ""reservation_depth"": 64, ""workload"": ""raja-perf%Polybench_GEMM%Base_HIP""}}}, ""system"": {""cpu_affinity"": true, ""flux_time_limit"": ""6m"", ""max_cores_per_node"": 96, ""max_gpus_per_node"": 4, ""queue"": ""pbatch"", ""slurm_time_limit"": ""00:06:00"", ""sys_nodes"": 1}}",5,tuolumne/SW_M
af4e373e10,"{""config"": {""instance_level"": {""0"": {""match_policy"": ""first"", ""queue_depth"": 32, ""queue_policy"": ""fcfs"", ""reservation_depth"": 64}, ""1"": {""job_request_cores_per_task"": 24, ""job_request_gpus_per_task"": 1, ""job_request_nodes"": 1, ""job_request_ntasks_per_node"": 1, ""job_request_time"": ""30s"", ""match_policy"": ""low"", ""n_jobs"": 20, ""problem_class"": ""B"", ""queue_depth"": 32, ""queue_policy"": ""hybrid"", ""reservation_depth"": 64, ""workload"": ""raja-perf%Polybench_GEMM%Base_HIP""}, ""2"": {""job_request_cores_per_task"": 24, ""job_request_gpus_per_task"": 1, ""job_request_nodes"": 1, ""job_request_ntasks_per_node"": 1, ""job_request_time"": ""30s"", ""match_policy"": ""first"", ""n_jobs"": 20, ""problem_class"": ""B"", ""queue_depth"": 32, ""queue_policy"": ""hybrid"", ""reservation_depth"": 64, ""workload"": ""raja-perf%Polybench_GEMM%Base_HIP""}}}, ""system"": {""cpu_affinity"": true, ""flux_time_limit"": ""6m"", ""max_cores_per_node"": 96, ""max_gpus_per_node"": 4, ""queue"": ""pbatch"", ""slurm_time_limit"": ""00:06:00"", ""sys_nodes"": 1}}",1,tuolumne/SW_M
af4e373e10,"{""config"": {""instance_level"": {""0"": {""match_policy"": ""first"", ""queue_depth"": 32, ""queue_policy"": ""fcfs"", ""reservation_depth"": 64}, ""1"": {""job_request_cores_per_task"": 24, ""job_request_gpus_per_task"": 1, ""job_request_nodes"": 1, ""job_request_ntasks_per_node"": 1, ""job_request_time"": ""30s"", ""match_policy"": ""low"", ""n_jobs"": 20, ""problem_class"": ""B"", ""queue_depth"": 32, ""queue_policy"": ""hybrid"", ""reservation_depth"": 64, ""workload"": ""raja-perf%Polybench_GEMM%Base_HIP""}, ""2"": {""job_request_cores_per_task"": 24, ""job_request_gpus_per_task"": 1, ""job_request_nodes"": 1, ""job_request_ntasks_per_node"": 1, ""job_request_time"": ""30s"", ""match_policy"": ""first"", ""n_jobs"": 20, ""problem_class"": ""B"", ""queue_depth"": 32, ""queue_policy"": ""hybrid"", ""reservation_depth"": 64, ""workload"": ""raja-perf%Polybench_GEMM%Base_HIP""}}}, ""system"": {""cpu_affinity"": true, ""flux_time_limit"": ""6m"", ""max_cores_per_node"": 96, ""max_gpus_per_node"": 4, ""queue"": ""pbatch"", ""slurm_time_limit"": ""00:06:00"", ""sys_nodes"": 1}}",2,tuolumne/SW_M
af4e373e10,"{""config"": {""instance_level"": {""0"": {""match_policy"": ""first"", ""queue_depth"": 32, ""queue_policy"": ""fcfs"", ""reservation_depth"": 64}, ""1"": {""job_request_cores_per_task"": 24, ""job_request_gpus_per_task"": 1, ""job_request_nodes"": 1, ""job_request_ntasks_per_node"": 1, ""job_request_time"": ""30s"", ""match_policy"": ""low"", ""n_jobs"": 20, ""problem_class"": ""B"", ""queue_depth"": 32, ""queue_policy"": ""hybrid"", ""reservation_depth"": 64, ""workload"": ""raja-perf%Polybench_GEMM%Base_HIP""}, ""2"": {""job_request_cores_per_task"": 24, ""job_request_gpus_per_task"": 1, ""job_request_nodes"": 1, ""job_request_ntasks_per_node"": 1, ""job_request_time"": ""30s"", ""match_policy"": ""first"", ""n_jobs"": 20, ""problem_class"": ""B"", ""queue_depth"": 32, ""queue_policy"": ""hybrid"", ""reservation_depth"": 64, ""workload"": ""raja-perf%Polybench_GEMM%Base_HIP""}}}, ""system"": {""cpu_affinity"": true, ""flux_time_limit"": ""6m"", ""max_cores_per_node"": 96, ""max_gpus_per_node"": 4, ""queue"": ""pbatch"", ""slurm_time_limit"": ""00:06:00"", ""sys_nodes"": 1}}",3,tuolumne/SW_M
af4e373e10,"{""config"": {""instance_level"": {""0"": {""match_policy"": ""first"", ""queue_depth"": 32, ""queue_policy"": ""fcfs"", ""reservation_depth"": 64}, ""1"": {""job_request_cores_per_task"": 24, ""job_request_gpus_per_task"": 1, ""job_request_nodes"": 1, ""job_request_ntasks_per_node"": 1, ""job_request_time"": ""30s"", ""match_policy"": ""low"", ""n_jobs"": 20, ""problem_class"": ""B"", ""queue_depth"": 32, ""queue_policy"": ""hybrid"", ""reservation_depth"": 64, ""workload"": ""raja-perf%Polybench_GEMM%Base_HIP""}, ""2"": {""job_request_cores_per_task"": 24, ""job_request_gpus_per_task"": 1, ""job_request_nodes"": 1, ""job_request_ntasks_per_node"": 1, ""job_request_time"": ""30s"", ""match_policy"": ""first"", ""n_jobs"": 20, ""problem_class"": ""B"", ""queue_depth"": 32, ""queue_policy"": ""hybrid"", ""reservation_depth"": 64, ""workload"": ""raja-perf%Polybench_GEMM%Base_HIP""}}}, ""system"": {""cpu_affinity"": true, ""flux_time_limit"": ""6m"", ""max_cores_per_node"": 96, ""max_gpus_per_node"": 4, ""queue"": ""pbatch"", ""slurm_time_limit"": ""00:06:00"", ""sys_nodes"": 1}}",4,tuolumne/SW_M
af4e373e10,"{""config"": {""instance_level"": {""0"": {""match_policy"": ""first"", ""queue_depth"": 32, ""queue_policy"": ""fcfs"", ""reservation_depth"": 64}, ""1"": {""job_request_cores_per_task"": 24, ""job_request_gpus_per_task"": 1, ""job_request_nodes"": 1, ""job_request_ntasks_per_node"": 1, ""job_request_time"": ""30s"", ""match_policy"": ""low"", ""n_jobs"": 20, ""problem_class"": ""B"", ""queue_depth"": 32, ""queue_policy"": ""hybrid"", ""reservation_depth"": 64, ""workload"": ""raja-perf%Polybench_GEMM%Base_HIP""}, ""2"": {""job_request_cores_per_task"": 24, ""job_request_gpus_per_task"": 1, ""job_request_nodes"": 1, ""job_request_ntasks_per_node"": 1, ""job_request_time"": ""30s"", ""match_policy"": ""first"", ""n_jobs"": 20, ""problem_class"": ""B"", ""queue_depth"": 32, ""queue_policy"": ""hybrid"", ""reservation_depth"": 64, ""workload"": ""raja-perf%Polybench_GEMM%Base_HIP""}}}, ""system"": {""cpu_affinity"": true, ""flux_time_limit"": ""6m"", ""max_cores_per_node"": 96, ""max_gpus_per_node"": 4, ""queue"": ""pbatch"", ""slurm_time_limit"": ""00:06:00"", ""sys_nodes"": 1}}",5,tuolumne/SW_M
22a6a697e1,"{""config"": {""instance_level"": {""0"": {""match_policy"": ""first"", ""queue_depth"": 32, ""queue_policy"": ""fcfs"", ""reservation_depth"": 64}, ""1"": {""job_request_cores_per_task"": 24, ""job_request_gpus_per_task"": 1, ""job_request_nodes"": 1, ""job_request_ntasks_per_node"": 1, ""job_request_time"": ""30s"", ""match_policy"": ""low"", ""n_jobs"": 20, ""problem_class"": ""B"", ""queue_depth"": 32, ""queue_policy"": ""hybrid"", ""reservation_depth"": 64, ""workload"": ""raja-perf%Polybench_GEMM%Base_HIP""}, ""2"": {""job_request_cores_per_task"": 24, ""job_request_gpus_per_task"": 1, ""job_request_nodes"": 1, ""job_request_ntasks_per_node"": 1, ""job_request_time"": ""30s"", ""match_policy"": ""low"", ""n_jobs"": 20, ""problem_class"": ""B"", ""queue_depth"": 32, ""queue_policy"": ""fcfs"", ""reservation_depth"": 64, ""workload"": ""raja-perf%Polybench_GEMM%Base_HIP""}}}, ""system"": {""cpu_affinity"": true, ""flux_time_limit"": ""6m"", ""max_cores_per_node"": 96, ""max_gpus_per_node"": 4, ""queue"": ""pbatch"", ""slurm_time_limit"": ""00:06:00"", ""sys_nodes"": 1}}",1,tuolumne/SW_M
22a6a697e1,"{""config"": {""instance_level"": {""0"": {""match_policy"": ""first"", ""queue_depth"": 32, ""queue_policy"": ""fcfs"", ""reservation_depth"": 64}, ""1"": {""job_request_cores_per_task"": 24, ""job_request_gpus_per_task"": 1, ""job_request_nodes"": 1, ""job_request_ntasks_per_node"": 1, ""job_request_time"": ""30s"", ""match_policy"": ""low"", ""n_jobs"": 20, ""problem_class"": ""B"", ""queue_depth"": 32, ""queue_policy"": ""hybrid"", ""reservation_depth"": 64, ""workload"": ""raja-perf%Polybench_GEMM%Base_HIP""}, ""2"": {""job_request_cores_per_task"": 24, ""job_request_gpus_per_task"": 1, ""job_request_nodes"": 1, ""job_request_ntasks_per_node"": 1, ""job_request_time"": ""30s"", ""match_policy"": ""low"", ""n_jobs"": 20, ""problem_class"": ""B"", ""queue_depth"": 32, ""queue_policy"": ""fcfs"", ""reservation_depth"": 64, ""workload"": ""raja-perf%Polybench_GEMM%Base_HIP""}}}, ""system"": {""cpu_affinity"": true, ""flux_time_limit"": ""6m"", ""max_cores_per_node"": 96, ""max_gpus_per_node"": 4, ""queue"": ""pbatch"", ""slurm_time_limit"": ""00:06:00"", ""sys_nodes"": 1}}",2,tuolumne/SW_M
22a6a697e1,"{""config"": {""instance_level"": {""0"": {""match_policy"": ""first"", ""queue_depth"": 32, ""queue_policy"": ""fcfs"", ""reservation_depth"": 64}, ""1"": {""job_request_cores_per_task"": 24, ""job_request_gpus_per_task"": 1, ""job_request_nodes"": 1, ""job_request_ntasks_per_node"": 1, ""job_request_time"": ""30s"", ""match_policy"": ""low"", ""n_jobs"": 20, ""problem_class"": ""B"", ""queue_depth"": 32, ""queue_policy"": ""hybrid"", ""reservation_depth"": 64, ""workload"": ""raja-perf%Polybench_GEMM%Base_HIP""}, ""2"": {""job_request_cores_per_task"": 24, ""job_request_gpus_per_task"": 1, ""job_request_nodes"": 1, ""job_request_ntasks_per_node"": 1, ""job_request_time"": ""30s"", ""match_policy"": ""low"", ""n_jobs"": 20, ""problem_class"": ""B"", ""queue_depth"": 32, ""queue_policy"": ""fcfs"", ""reservation_depth"": 64, ""workload"": ""raja-perf%Polybench_GEMM%Base_HIP""}}}, ""system"": {""cpu_affinity"": true, ""flux_time_limit"": ""6m"", ""max_cores_per_node"": 96, ""max_gpus_per_node"": 4, ""queue"": ""pbatch"", ""slurm_time_limit"": ""00:06:00"", ""sys_nodes"": 1}}",3,tuolumne/SW_M
22a6a697e1,"{""config"": {""instance_level"": {""0"": {""match_policy"": ""first"", ""queue_depth"": 32, ""queue_policy"": ""fcfs"", ""reservation_depth"": 64}, ""1"": {""job_request_cores_per_task"": 24, ""job_request_gpus_per_task"": 1, ""job_request_nodes"": 1, ""job_request_ntasks_per_node"": 1, ""job_request_time"": ""30s"", ""match_policy"": ""low"", ""n_jobs"": 20, ""problem_class"": ""B"", ""queue_depth"": 32, ""queue_policy"": ""hybrid"", ""reservation_depth"": 64, ""workload"": ""raja-perf%Polybench_GEMM%Base_HIP""}, ""2"": {""job_request_cores_per_task"": 24, ""job_request_gpus_per_task"": 1, ""job_request_nodes"": 1, ""job_request_ntasks_per_node"": 1, ""job_request_time"": ""30s"", ""match_policy"": ""low"", ""n_jobs"": 20, ""problem_class"": ""B"", ""queue_depth"": 32, ""queue_policy"": ""fcfs"", ""reservation_depth"": 64, ""workload"": ""raja-perf%Polybench_GEMM%Base_HIP""}}}, ""system"": {""cpu_affinity"": true, ""flux_time_limit"": ""6m"", ""max_cores_per_node"": 96, ""max_gpus_per_node"": 4, ""queue"": ""pbatch"", ""slurm_time_limit"": ""00:06:00"", ""sys_nodes"": 1}}",4,tuolumne/SW_M
22a6a697e1,"{""config"": {""instance_level"": {""0"": {""match_policy"": ""first"", ""queue_depth"": 32, ""queue_policy"": ""fcfs"", ""reservation_depth"": 64}, ""1"": {""job_request_cores_per_task"": 24, ""job_request_gpus_per_task"": 1, ""job_request_nodes"": 1, ""job_request_ntasks_per_node"": 1, ""job_request_time"": ""30s"", ""match_policy"": ""low"", ""n_jobs"": 20, ""problem_class"": ""B"", ""queue_depth"": 32, ""queue_policy"": ""hybrid"", ""reservation_depth"": 64, ""workload"": ""raja-perf%Polybench_GEMM%Base_HIP""}, ""2"": {""job_request_cores_per_task"": 24, ""job_request_gpus_per_task"": 1, ""job_request_nodes"": 1, ""job_request_ntasks_per_node"": 1, ""job_request_time"": ""30s"", ""match_policy"": ""low"", ""n_jobs"": 20, ""problem_class"": ""B"", ""queue_depth"": 32, ""queue_policy"": ""fcfs"", ""reservation_depth"": 64, ""workload"": ""raja-perf%Polybench_GEMM%Base_HIP""}}}, ""system"": {""cpu_affinity"": true, ""flux_time_limit"": ""6m"", ""max_cores_per_node"": 96, ""max_gpus_per_node"": 4, ""queue"": ""pbatch"", ""slurm_time_limit"": ""00:06:00"", ""sys_nodes"": 1}}",5,tuolumne/SW_M
e3cbb12daf,"{""config"": {""instance_level"": {""0"": {""match_policy"": ""first"", ""queue_depth"": 32, ""queue_policy"": ""fcfs"", ""reservation_depth"": 64}, ""1"": {""job_request_cores_per_task"": 24, ""job_request_gpus_per_task"": 1, ""job_request_nodes"": 1, ""job_request_ntasks_per_node"": 1, ""job_request_time"": ""30s"", ""match_policy"": ""low"", ""n_jobs"": 20, ""problem_class"": ""B"", ""queue_depth"": 32, ""queue_policy"": ""hybrid"", ""reservation_depth"": 64, ""workload"": ""raja-perf%Polybench_GEMM%Base_HIP""}, ""2"": {""job_request_cores_per_task"": 24, ""job_request_gpus_per_task"": 1, ""job_request_nodes"": 1, ""job_request_ntasks_per_node"": 1, ""job_request_time"": ""30s"", ""match_policy"": ""low"", ""n_jobs"": 20, ""problem_class"": ""B"", ""queue_depth"": 32, ""queue_policy"": ""hybrid"", ""reservation_depth"": 64, ""workload"": ""raja-perf%Polybench_GEMM%Base_HIP""}}}, ""system"": {""cpu_affinity"": true, ""flux_time_limit"": ""6m"", ""max_cores_per_node"": 96, ""max_gpus_per_node"": 4, ""queue"": ""pbatch"", ""slurm_time_limit"": ""00:06:00"", ""sys_nodes"": 1}}",1,tuolumne/SW_M
e3cbb12daf,"{""config"": {""instance_level"": {""0"": {""match_policy"": ""first"", ""queue_depth"": 32, ""queue_policy"": ""fcfs"", ""reservation_depth"": 64}, ""1"": {""job_request_cores_per_task"": 24, ""job_request_gpus_per_task"": 1, ""job_request_nodes"": 1, ""job_request_ntasks_per_node"": 1, ""job_request_time"": ""30s"", ""match_policy"": ""low"", ""n_jobs"": 20, ""problem_class"": ""B"", ""queue_depth"": 32, ""queue_policy"": ""hybrid"", ""reservation_depth"": 64, ""workload"": ""raja-perf%Polybench_GEMM%Base_HIP""}, ""2"": {""job_request_cores_per_task"": 24, ""job_request_gpus_per_task"": 1, ""job_request_nodes"": 1, ""job_request_ntasks_per_node"": 1, ""job_request_time"": ""30s"", ""match_policy"": ""low"", ""n_jobs"": 20, ""problem_class"": ""B"", ""queue_depth"": 32, ""queue_policy"": ""hybrid"", ""reservation_depth"": 64, ""workload"": ""raja-perf%Polybench_GEMM%Base_HIP""}}}, ""system"": {""cpu_affinity"": true, ""flux_time_limit"": ""6m"", ""max_cores_per_node"": 96, ""max_gpus_per_node"": 4, ""queue"": ""pbatch"", ""slurm_time_limit"": ""00:06:00"", ""sys_nodes"": 1}}",2,tuolumne/SW_M
e3cbb12daf,"{""config"": {""instance_level"": {""0"": {""match_policy"": ""first"", ""queue_depth"": 32, ""queue_policy"": ""fcfs"", ""reservation_depth"": 64}, ""1"": {""job_request_cores_per_task"": 24, ""job_request_gpus_per_task"": 1, ""job_request_nodes"": 1, ""job_request_ntasks_per_node"": 1, ""job_request_time"": ""30s"", ""match_policy"": ""low"", ""n_jobs"": 20, ""problem_class"": ""B"", ""queue_depth"": 32, ""queue_policy"": ""hybrid"", ""reservation_depth"": 64, ""workload"": ""raja-perf%Polybench_GEMM%Base_HIP""}, ""2"": {""job_request_cores_per_task"": 24, ""job_request_gpus_per_task"": 1, ""job_request_nodes"": 1, ""job_request_ntasks_per_node"": 1, ""job_request_time"": ""30s"", ""match_policy"": ""low"", ""n_jobs"": 20, ""problem_class"": ""B"", ""queue_depth"": 32, ""queue_policy"": ""hybrid"", ""reservation_depth"": 64, ""workload"": ""raja-perf%Polybench_GEMM%Base_HIP""}}}, ""system"": {""cpu_affinity"": true, ""flux_time_limit"": ""6m"", ""max_cores_per_node"": 96, ""max_gpus_per_node"": 4, ""queue"": ""pbatch"", ""slurm_time_limit"": ""00:06:00"", ""sys_nodes"": 1}}",3,tuolumne/SW_M
e3cbb12daf,"{""config"": {""instance_level"": {""0"": {""match_policy"": ""first"", ""queue_depth"": 32, ""queue_policy"": ""fcfs"", ""reservation_depth"": 64}, ""1"": {""job_request_cores_per_task"": 24, ""job_request_gpus_per_task"": 1, ""job_request_nodes"": 1, ""job_request_ntasks_per_node"": 1, ""job_request_time"": ""30s"", ""match_policy"": ""low"", ""n_jobs"": 20, ""problem_class"": ""B"", ""queue_depth"": 32, ""queue_policy"": ""hybrid"", ""reservation_depth"": 64, ""workload"": ""raja-perf%Polybench_GEMM%Base_HIP""}, ""2"": {""job_request_cores_per_task"": 24, ""job_request_gpus_per_task"": 1, ""job_request_nodes"": 1, ""job_request_ntasks_per_node"": 1, ""job_request_time"": ""30s"", ""match_policy"": ""low"", ""n_jobs"": 20, ""problem_class"": ""B"", ""queue_depth"": 32, ""queue_policy"": ""hybrid"", ""reservation_depth"": 64, ""workload"": ""raja-perf%Polybench_GEMM%Base_HIP""}}}, ""system"": {""cpu_affinity"": true, ""flux_time_limit"": ""6m"", ""max_cores_per_node"": 96, ""max_gpus_per_node"": 4, ""queue"": ""pbatch"", ""slurm_time_limit"": ""00:06:00"", ""sys_nodes"": 1}}",4,tuolumne/SW_M
e3cbb12daf,"{""config"": {""instance_level"": {""0"": {""match_policy"": ""first"", ""queue_depth"": 32, ""queue_policy"": ""fcfs"", ""reservation_depth"": 64}, ""1"": {""job_request_cores_per_task"": 24, ""job_request_gpus_per_task"": 1, ""job_request_nodes"": 1, ""job_request_ntasks_per_node"": 1, ""job_request_time"": ""30s"", ""match_policy"": ""low"", ""n_jobs"": 20, ""problem_class"": ""B"", ""queue_depth"": 32, ""queue_policy"": ""hybrid"", ""reservation_depth"": 64, ""workload"": ""raja-perf%Polybench_GEMM%Base_HIP""}, ""2"": {""job_request_cores_per_task"": 24, ""job_request_gpus_per_task"": 1, ""job_request_nodes"": 1, ""job_request_ntasks_per_node"": 1, ""job_request_time"": ""30s"", ""match_policy"": ""low"", ""n_jobs"": 20, ""problem_class"": ""B"", ""queue_depth"": 32, ""queue_policy"": ""hybrid"", ""reservation_depth"": 64, ""workload"": ""raja-perf%Polybench_GEMM%Base_HIP""}}}, ""system"": {""cpu_affinity"": true, ""flux_time_limit"": ""6m"", ""max_cores_per_node"": 96, ""max_gpus_per_node"": 4, ""queue"": ""pbatch"", ""slurm_time_limit"": ""00:06:00"", ""sys_nodes"": 1}}",5,tuolumne/SW_M
