hash,config,rep,experiment_subdir
5175dd8e6c,"{""config"": {""instance_level"": {""0"": {""match_policy"": ""first"", ""queue_depth"": 32, ""queue_policy"": ""fcfs"", ""reservation_depth"": 64}, ""1"": {""job_request_cores_per_task"": 1, ""job_request_gpus_per_task"": 0, ""job_request_nodes"": 1, ""job_request_ntasks_per_node"": 1, ""job_request_time"": ""30s"", ""match_policy"": ""first"", ""n_jobs"": 500, ""problem_class"": ""A"", ""queue_depth"": 32, ""queue_policy"": ""fcfs"", ""reservation_depth"": 64, ""workload"": ""sleep""}, ""2"": {""job_request_cores_per_task"": 1, ""job_request_gpus_per_task"": 0, ""job_request_nodes"": 1, ""job_request_ntasks_per_node"": 1, ""job_request_time"": ""30s"", ""match_policy"": ""first"", ""n_jobs"": 500, ""problem_class"": ""A"", ""queue_depth"": 32, ""queue_policy"": ""fcfs"", ""reservation_depth"": 64, ""workload"": ""sleep""}}}, ""system"": {""cpu_affinity"": true, ""flux_time_limit"": ""3m"", ""max_cores_per_node"": 112, ""max_gpus_per_node"": 0, ""queue"": ""pbatch"", ""slurm_time_limit"": ""00:03:00"", ""sys_nodes"": 1}}",1,dane/SO_M
5175dd8e6c,"{""config"": {""instance_level"": {""0"": {""match_policy"": ""first"", ""queue_depth"": 32, ""queue_policy"": ""fcfs"", ""reservation_depth"": 64}, ""1"": {""job_request_cores_per_task"": 1, ""job_request_gpus_per_task"": 0, ""job_request_nodes"": 1, ""job_request_ntasks_per_node"": 1, ""job_request_time"": ""30s"", ""match_policy"": ""first"", ""n_jobs"": 500, ""problem_class"": ""A"", ""queue_depth"": 32, ""queue_policy"": ""fcfs"", ""reservation_depth"": 64, ""workload"": ""sleep""}, ""2"": {""job_request_cores_per_task"": 1, ""job_request_gpus_per_task"": 0, ""job_request_nodes"": 1, ""job_request_ntasks_per_node"": 1, ""job_request_time"": ""30s"", ""match_policy"": ""first"", ""n_jobs"": 500, ""problem_class"": ""A"", ""queue_depth"": 32, ""queue_policy"": ""fcfs"", ""reservation_depth"": 64, ""workload"": ""sleep""}}}, ""system"": {""cpu_affinity"": true, ""flux_time_limit"": ""3m"", ""max_cores_per_node"": 112, ""max_gpus_per_node"": 0, ""queue"": ""pbatch"", ""slurm_time_limit"": ""00:03:00"", ""sys_nodes"": 1}}",2,dane/SO_M
5175dd8e6c,"{""config"": {""instance_level"": {""0"": {""match_policy"": ""first"", ""queue_depth"": 32, ""queue_policy"": ""fcfs"", ""reservation_depth"": 64}, ""1"": {""job_request_cores_per_task"": 1, ""job_request_gpus_per_task"": 0, ""job_request_nodes"": 1, ""job_request_ntasks_per_node"": 1, ""job_request_time"": ""30s"", ""match_policy"": ""first"", ""n_jobs"": 500, ""problem_class"": ""A"", ""queue_depth"": 32, ""queue_policy"": ""fcfs"", ""reservation_depth"": 64, ""workload"": ""sleep""}, ""2"": {""job_request_cores_per_task"": 1, ""job_request_gpus_per_task"": 0, ""job_request_nodes"": 1, ""job_request_ntasks_per_node"": 1, ""job_request_time"": ""30s"", ""match_policy"": ""first"", ""n_jobs"": 500, ""problem_class"": ""A"", ""queue_depth"": 32, ""queue_policy"": ""fcfs"", ""reservation_depth"": 64, ""workload"": ""sleep""}}}, ""system"": {""cpu_affinity"": true, ""flux_time_limit"": ""3m"", ""max_cores_per_node"": 112, ""max_gpus_per_node"": 0, ""queue"": ""pbatch"", ""slurm_time_limit"": ""00:03:00"", ""sys_nodes"": 1}}",3,dane/SO_M
5175dd8e6c,"{""config"": {""instance_level"": {""0"": {""match_policy"": ""first"", ""queue_depth"": 32, ""queue_policy"": ""fcfs"", ""reservation_depth"": 64}, ""1"": {""job_request_cores_per_task"": 1, ""job_request_gpus_per_task"": 0, ""job_request_nodes"": 1, ""job_request_ntasks_per_node"": 1, ""job_request_time"": ""30s"", ""match_policy"": ""first"", ""n_jobs"": 500, ""problem_class"": ""A"", ""queue_depth"": 32, ""queue_policy"": ""fcfs"", ""reservation_depth"": 64, ""workload"": ""sleep""}, ""2"": {""job_request_cores_per_task"": 1, ""job_request_gpus_per_task"": 0, ""job_request_nodes"": 1, ""job_request_ntasks_per_node"": 1, ""job_request_time"": ""30s"", ""match_policy"": ""first"", ""n_jobs"": 500, ""problem_class"": ""A"", ""queue_depth"": 32, ""queue_policy"": ""fcfs"", ""reservation_depth"": 64, ""workload"": ""sleep""}}}, ""system"": {""cpu_affinity"": true, ""flux_time_limit"": ""3m"", ""max_cores_per_node"": 112, ""max_gpus_per_node"": 0, ""queue"": ""pbatch"", ""slurm_time_limit"": ""00:03:00"", ""sys_nodes"": 1}}",4,dane/SO_M
5175dd8e6c,"{""config"": {""instance_level"": {""0"": {""match_policy"": ""first"", ""queue_depth"": 32, ""queue_policy"": ""fcfs"", ""reservation_depth"": 64}, ""1"": {""job_request_cores_per_task"": 1, ""job_request_gpus_per_task"": 0, ""job_request_nodes"": 1, ""job_request_ntasks_per_node"": 1, ""job_request_time"": ""30s"", ""match_policy"": ""first"", ""n_jobs"": 500, ""problem_class"": ""A"", ""queue_depth"": 32, ""queue_policy"": ""fcfs"", ""reservation_depth"": 64, ""workload"": ""sleep""}, ""2"": {""job_request_cores_per_task"": 1, ""job_request_gpus_per_task"": 0, ""job_request_nodes"": 1, ""job_request_ntasks_per_node"": 1, ""job_request_time"": ""30s"", ""match_policy"": ""first"", ""n_jobs"": 500, ""problem_class"": ""A"", ""queue_depth"": 32, ""queue_policy"": ""fcfs"", ""reservation_depth"": 64, ""workload"": ""sleep""}}}, ""system"": {""cpu_affinity"": true, ""flux_time_limit"": ""3m"", ""max_cores_per_node"": 112, ""max_gpus_per_node"": 0, ""queue"": ""pbatch"", ""slurm_time_limit"": ""00:03:00"", ""sys_nodes"": 1}}",5,dane/SO_M
280b191e0f,"{""config"": {""instance_level"": {""0"": {""match_policy"": ""first"", ""queue_depth"": 32, ""queue_policy"": ""fcfs"", ""reservation_depth"": 64}, ""1"": {""job_request_cores_per_task"": 1, ""job_request_gpus_per_task"": 0, ""job_request_nodes"": 1, ""job_request_ntasks_per_node"": 1, ""job_request_time"": ""30s"", ""match_policy"": ""first"", ""n_jobs"": 500, ""problem_class"": ""A"", ""queue_depth"": 32, ""queue_policy"": ""fcfs"", ""reservation_depth"": 64, ""workload"": ""sleep""}, ""2"": {""job_request_cores_per_task"": 1, ""job_request_gpus_per_task"": 0, ""job_request_nodes"": 1, ""job_request_ntasks_per_node"": 1, ""job_request_time"": ""30s"", ""match_policy"": ""first"", ""n_jobs"": 500, ""problem_class"": ""A"", ""queue_depth"": 32, ""queue_policy"": ""hybrid"", ""reservation_depth"": 64, ""workload"": ""sleep""}}}, ""system"": {""cpu_affinity"": true, ""flux_time_limit"": ""3m"", ""max_cores_per_node"": 112, ""max_gpus_per_node"": 0, ""queue"": ""pbatch"", ""slurm_time_limit"": ""00:03:00"", ""sys_nodes"": 1}}",1,dane/SO_M
280b191e0f,"{""config"": {""instance_level"": {""0"": {""match_policy"": ""first"", ""queue_depth"": 32, ""queue_policy"": ""fcfs"", ""reservation_depth"": 64}, ""1"": {""job_request_cores_per_task"": 1, ""job_request_gpus_per_task"": 0, ""job_request_nodes"": 1, ""job_request_ntasks_per_node"": 1, ""job_request_time"": ""30s"", ""match_policy"": ""first"", ""n_jobs"": 500, ""problem_class"": ""A"", ""queue_depth"": 32, ""queue_policy"": ""fcfs"", ""reservation_depth"": 64, ""workload"": ""sleep""}, ""2"": {""job_request_cores_per_task"": 1, ""job_request_gpus_per_task"": 0, ""job_request_nodes"": 1, ""job_request_ntasks_per_node"": 1, ""job_request_time"": ""30s"", ""match_policy"": ""first"", ""n_jobs"": 500, ""problem_class"": ""A"", ""queue_depth"": 32, ""queue_policy"": ""hybrid"", ""reservation_depth"": 64, ""workload"": ""sleep""}}}, ""system"": {""cpu_affinity"": true, ""flux_time_limit"": ""3m"", ""max_cores_per_node"": 112, ""max_gpus_per_node"": 0, ""queue"": ""pbatch"", ""slurm_time_limit"": ""00:03:00"", ""sys_nodes"": 1}}",2,dane/SO_M
280b191e0f,"{""config"": {""instance_level"": {""0"": {""match_policy"": ""first"", ""queue_depth"": 32, ""queue_policy"": ""fcfs"", ""reservation_depth"": 64}, ""1"": {""job_request_cores_per_task"": 1, ""job_request_gpus_per_task"": 0, ""job_request_nodes"": 1, ""job_request_ntasks_per_node"": 1, ""job_request_time"": ""30s"", ""match_policy"": ""first"", ""n_jobs"": 500, ""problem_class"": ""A"", ""queue_depth"": 32, ""queue_policy"": ""fcfs"", ""reservation_depth"": 64, ""workload"": ""sleep""}, ""2"": {""job_request_cores_per_task"": 1, ""job_request_gpus_per_task"": 0, ""job_request_nodes"": 1, ""job_request_ntasks_per_node"": 1, ""job_request_time"": ""30s"", ""match_policy"": ""first"", ""n_jobs"": 500, ""problem_class"": ""A"", ""queue_depth"": 32, ""queue_policy"": ""hybrid"", ""reservation_depth"": 64, ""workload"": ""sleep""}}}, ""system"": {""cpu_affinity"": true, ""flux_time_limit"": ""3m"", ""max_cores_per_node"": 112, ""max_gpus_per_node"": 0, ""queue"": ""pbatch"", ""slurm_time_limit"": ""00:03:00"", ""sys_nodes"": 1}}",3,dane/SO_M
280b191e0f,"{""config"": {""instance_level"": {""0"": {""match_policy"": ""first"", ""queue_depth"": 32, ""queue_policy"": ""fcfs"", ""reservation_depth"": 64}, ""1"": {""job_request_cores_per_task"": 1, ""job_request_gpus_per_task"": 0, ""job_request_nodes"": 1, ""job_request_ntasks_per_node"": 1, ""job_request_time"": ""30s"", ""match_policy"": ""first"", ""n_jobs"": 500, ""problem_class"": ""A"", ""queue_depth"": 32, ""queue_policy"": ""fcfs"", ""reservation_depth"": 64, ""workload"": ""sleep""}, ""2"": {""job_request_cores_per_task"": 1, ""job_request_gpus_per_task"": 0, ""job_request_nodes"": 1, ""job_request_ntasks_per_node"": 1, ""job_request_time"": ""30s"", ""match_policy"": ""first"", ""n_jobs"": 500, ""problem_class"": ""A"", ""queue_depth"": 32, ""queue_policy"": ""hybrid"", ""reservation_depth"": 64, ""workload"": ""sleep""}}}, ""system"": {""cpu_affinity"": true, ""flux_time_limit"": ""3m"", ""max_cores_per_node"": 112, ""max_gpus_per_node"": 0, ""queue"": ""pbatch"", ""slurm_time_limit"": ""00:03:00"", ""sys_nodes"": 1}}",4,dane/SO_M
280b191e0f,"{""config"": {""instance_level"": {""0"": {""match_policy"": ""first"", ""queue_depth"": 32, ""queue_policy"": ""fcfs"", ""reservation_depth"": 64}, ""1"": {""job_request_cores_per_task"": 1, ""job_request_gpus_per_task"": 0, ""job_request_nodes"": 1, ""job_request_ntasks_per_node"": 1, ""job_request_time"": ""30s"", ""match_policy"": ""first"", ""n_jobs"": 500, ""problem_class"": ""A"", ""queue_depth"": 32, ""queue_policy"": ""fcfs"", ""reservation_depth"": 64, ""workload"": ""sleep""}, ""2"": {""job_request_cores_per_task"": 1, ""job_request_gpus_per_task"": 0, ""job_request_nodes"": 1, ""job_request_ntasks_per_node"": 1, ""job_request_time"": ""30s"", ""match_policy"": ""first"", ""n_jobs"": 500, ""problem_class"": ""A"", ""queue_depth"": 32, ""queue_policy"": ""hybrid"", ""reservation_depth"": 64, ""workload"": ""sleep""}}}, ""system"": {""cpu_affinity"": true, ""flux_time_limit"": ""3m"", ""max_cores_per_node"": 112, ""max_gpus_per_node"": 0, ""queue"": ""pbatch"", ""slurm_time_limit"": ""00:03:00"", ""sys_nodes"": 1}}",5,dane/SO_M
a15fbeac99,"{""config"": {""instance_level"": {""0"": {""match_policy"": ""first"", ""queue_depth"": 32, ""queue_policy"": ""fcfs"", ""reservation_depth"": 64}, ""1"": {""job_request_cores_per_task"": 1, ""job_request_gpus_per_task"": 0, ""job_request_nodes"": 1, ""job_request_ntasks_per_node"": 1, ""job_request_time"": ""30s"", ""match_policy"": ""first"", ""n_jobs"": 500, ""problem_class"": ""A"", ""queue_depth"": 32, ""queue_policy"": ""fcfs"", ""reservation_depth"": 64, ""workload"": ""sleep""}, ""2"": {""job_request_cores_per_task"": 1, ""job_request_gpus_per_task"": 0, ""job_request_nodes"": 1, ""job_request_ntasks_per_node"": 1, ""job_request_time"": ""30s"", ""match_policy"": ""low"", ""n_jobs"": 500, ""problem_class"": ""A"", ""queue_depth"": 32, ""queue_policy"": ""fcfs"", ""reservation_depth"": 64, ""workload"": ""sleep""}}}, ""system"": {""cpu_affinity"": true, ""flux_time_limit"": ""3m"", ""max_cores_per_node"": 112, ""max_gpus_per_node"": 0, ""queue"": ""pbatch"", ""slurm_time_limit"": ""00:03:00"", ""sys_nodes"": 1}}",1,dane/SO_M
a15fbeac99,"{""config"": {""instance_level"": {""0"": {""match_policy"": ""first"", ""queue_depth"": 32, ""queue_policy"": ""fcfs"", ""reservation_depth"": 64}, ""1"": {""job_request_cores_per_task"": 1, ""job_request_gpus_per_task"": 0, ""job_request_nodes"": 1, ""job_request_ntasks_per_node"": 1, ""job_request_time"": ""30s"", ""match_policy"": ""first"", ""n_jobs"": 500, ""problem_class"": ""A"", ""queue_depth"": 32, ""queue_policy"": ""fcfs"", ""reservation_depth"": 64, ""workload"": ""sleep""}, ""2"": {""job_request_cores_per_task"": 1, ""job_request_gpus_per_task"": 0, ""job_request_nodes"": 1, ""job_request_ntasks_per_node"": 1, ""job_request_time"": ""30s"", ""match_policy"": ""low"", ""n_jobs"": 500, ""problem_class"": ""A"", ""queue_depth"": 32, ""queue_policy"": ""fcfs"", ""reservation_depth"": 64, ""workload"": ""sleep""}}}, ""system"": {""cpu_affinity"": true, ""flux_time_limit"": ""3m"", ""max_cores_per_node"": 112, ""max_gpus_per_node"": 0, ""queue"": ""pbatch"", ""slurm_time_limit"": ""00:03:00"", ""sys_nodes"": 1}}",2,dane/SO_M
a15fbeac99,"{""config"": {""instance_level"": {""0"": {""match_policy"": ""first"", ""queue_depth"": 32, ""queue_policy"": ""fcfs"", ""reservation_depth"": 64}, ""1"": {""job_request_cores_per_task"": 1, ""job_request_gpus_per_task"": 0, ""job_request_nodes"": 1, ""job_request_ntasks_per_node"": 1, ""job_request_time"": ""30s"", ""match_policy"": ""first"", ""n_jobs"": 500, ""problem_class"": ""A"", ""queue_depth"": 32, ""queue_policy"": ""fcfs"", ""reservation_depth"": 64, ""workload"": ""sleep""}, ""2"": {""job_request_cores_per_task"": 1, ""job_request_gpus_per_task"": 0, ""job_request_nodes"": 1, ""job_request_ntasks_per_node"": 1, ""job_request_time"": ""30s"", ""match_policy"": ""low"", ""n_jobs"": 500, ""problem_class"": ""A"", ""queue_depth"": 32, ""queue_policy"": ""fcfs"", ""reservation_depth"": 64, ""workload"": ""sleep""}}}, ""system"": {""cpu_affinity"": true, ""flux_time_limit"": ""3m"", ""max_cores_per_node"": 112, ""max_gpus_per_node"": 0, ""queue"": ""pbatch"", ""slurm_time_limit"": ""00:03:00"", ""sys_nodes"": 1}}",3,dane/SO_M
a15fbeac99,"{""config"": {""instance_level"": {""0"": {""match_policy"": ""first"", ""queue_depth"": 32, ""queue_policy"": ""fcfs"", ""reservation_depth"": 64}, ""1"": {""job_request_cores_per_task"": 1, ""job_request_gpus_per_task"": 0, ""job_request_nodes"": 1, ""job_request_ntasks_per_node"": 1, ""job_request_time"": ""30s"", ""match_policy"": ""first"", ""n_jobs"": 500, ""problem_class"": ""A"", ""queue_depth"": 32, ""queue_policy"": ""fcfs"", ""reservation_depth"": 64, ""workload"": ""sleep""}, ""2"": {""job_request_cores_per_task"": 1, ""job_request_gpus_per_task"": 0, ""job_request_nodes"": 1, ""job_request_ntasks_per_node"": 1, ""job_request_time"": ""30s"", ""match_policy"": ""low"", ""n_jobs"": 500, ""problem_class"": ""A"", ""queue_depth"": 32, ""queue_policy"": ""fcfs"", ""reservation_depth"": 64, ""workload"": ""sleep""}}}, ""system"": {""cpu_affinity"": true, ""flux_time_limit"": ""3m"", ""max_cores_per_node"": 112, ""max_gpus_per_node"": 0, ""queue"": ""pbatch"", ""slurm_time_limit"": ""00:03:00"", ""sys_nodes"": 1}}",4,dane/SO_M
a15fbeac99,"{""config"": {""instance_level"": {""0"": {""match_policy"": ""first"", ""queue_depth"": 32, ""queue_policy"": ""fcfs"", ""reservation_depth"": 64}, ""1"": {""job_request_cores_per_task"": 1, ""job_request_gpus_per_task"": 0, ""job_request_nodes"": 1, ""job_request_ntasks_per_node"": 1, ""job_request_time"": ""30s"", ""match_policy"": ""first"", ""n_jobs"": 500, ""problem_class"": ""A"", ""queue_depth"": 32, ""queue_policy"": ""fcfs"", ""reservation_depth"": 64, ""workload"": ""sleep""}, ""2"": {""job_request_cores_per_task"": 1, ""job_request_gpus_per_task"": 0, ""job_request_nodes"": 1, ""job_request_ntasks_per_node"": 1, ""job_request_time"": ""30s"", ""match_policy"": ""low"", ""n_jobs"": 500, ""problem_class"": ""A"", ""queue_depth"": 32, ""queue_policy"": ""fcfs"", ""reservation_depth"": 64, ""workload"": ""sleep""}}}, ""system"": {""cpu_affinity"": true, ""flux_time_limit"": ""3m"", ""max_cores_per_node"": 112, ""max_gpus_per_node"": 0, ""queue"": ""pbatch"", ""slurm_time_limit"": ""00:03:00"", ""sys_nodes"": 1}}",5,dane/SO_M
a3a42c1b0e,"{""config"": {""instance_level"": {""0"": {""match_policy"": ""first"", ""queue_depth"": 32, ""queue_policy"": ""fcfs"", ""reservation_depth"": 64}, ""1"": {""job_request_cores_per_task"": 1, ""job_request_gpus_per_task"": 0, ""job_request_nodes"": 1, ""job_request_ntasks_per_node"": 1, ""job_request_time"": ""30s"", ""match_policy"": ""first"", ""n_jobs"": 500, ""problem_class"": ""A"", ""queue_depth"": 32, ""queue_policy"": ""fcfs"", ""reservation_depth"": 64, ""workload"": ""sleep""}, ""2"": {""job_request_cores_per_task"": 1, ""job_request_gpus_per_task"": 0, ""job_request_nodes"": 1, ""job_request_ntasks_per_node"": 1, ""job_request_time"": ""30s"", ""match_policy"": ""low"", ""n_jobs"": 500, ""problem_class"": ""A"", ""queue_depth"": 32, ""queue_policy"": ""hybrid"", ""reservation_depth"": 64, ""workload"": ""sleep""}}}, ""system"": {""cpu_affinity"": true, ""flux_time_limit"": ""3m"", ""max_cores_per_node"": 112, ""max_gpus_per_node"": 0, ""queue"": ""pbatch"", ""slurm_time_limit"": ""00:03:00"", ""sys_nodes"": 1}}",1,dane/SO_M
a3a42c1b0e,"{""config"": {""instance_level"": {""0"": {""match_policy"": ""first"", ""queue_depth"": 32, ""queue_policy"": ""fcfs"", ""reservation_depth"": 64}, ""1"": {""job_request_cores_per_task"": 1, ""job_request_gpus_per_task"": 0, ""job_request_nodes"": 1, ""job_request_ntasks_per_node"": 1, ""job_request_time"": ""30s"", ""match_policy"": ""first"", ""n_jobs"": 500, ""problem_class"": ""A"", ""queue_depth"": 32, ""queue_policy"": ""fcfs"", ""reservation_depth"": 64, ""workload"": ""sleep""}, ""2"": {""job_request_cores_per_task"": 1, ""job_request_gpus_per_task"": 0, ""job_request_nodes"": 1, ""job_request_ntasks_per_node"": 1, ""job_request_time"": ""30s"", ""match_policy"": ""low"", ""n_jobs"": 500, ""problem_class"": ""A"", ""queue_depth"": 32, ""queue_policy"": ""hybrid"", ""reservation_depth"": 64, ""workload"": ""sleep""}}}, ""system"": {""cpu_affinity"": true, ""flux_time_limit"": ""3m"", ""max_cores_per_node"": 112, ""max_gpus_per_node"": 0, ""queue"": ""pbatch"", ""slurm_time_limit"": ""00:03:00"", ""sys_nodes"": 1}}",2,dane/SO_M
a3a42c1b0e,"{""config"": {""instance_level"": {""0"": {""match_policy"": ""first"", ""queue_depth"": 32, ""queue_policy"": ""fcfs"", ""reservation_depth"": 64}, ""1"": {""job_request_cores_per_task"": 1, ""job_request_gpus_per_task"": 0, ""job_request_nodes"": 1, ""job_request_ntasks_per_node"": 1, ""job_request_time"": ""30s"", ""match_policy"": ""first"", ""n_jobs"": 500, ""problem_class"": ""A"", ""queue_depth"": 32, ""queue_policy"": ""fcfs"", ""reservation_depth"": 64, ""workload"": ""sleep""}, ""2"": {""job_request_cores_per_task"": 1, ""job_request_gpus_per_task"": 0, ""job_request_nodes"": 1, ""job_request_ntasks_per_node"": 1, ""job_request_time"": ""30s"", ""match_policy"": ""low"", ""n_jobs"": 500, ""problem_class"": ""A"", ""queue_depth"": 32, ""queue_policy"": ""hybrid"", ""reservation_depth"": 64, ""workload"": ""sleep""}}}, ""system"": {""cpu_affinity"": true, ""flux_time_limit"": ""3m"", ""max_cores_per_node"": 112, ""max_gpus_per_node"": 0, ""queue"": ""pbatch"", ""slurm_time_limit"": ""00:03:00"", ""sys_nodes"": 1}}",3,dane/SO_M
a3a42c1b0e,"{""config"": {""instance_level"": {""0"": {""match_policy"": ""first"", ""queue_depth"": 32, ""queue_policy"": ""fcfs"", ""reservation_depth"": 64}, ""1"": {""job_request_cores_per_task"": 1, ""job_request_gpus_per_task"": 0, ""job_request_nodes"": 1, ""job_request_ntasks_per_node"": 1, ""job_request_time"": ""30s"", ""match_policy"": ""first"", ""n_jobs"": 500, ""problem_class"": ""A"", ""queue_depth"": 32, ""queue_policy"": ""fcfs"", ""reservation_depth"": 64, ""workload"": ""sleep""}, ""2"": {""job_request_cores_per_task"": 1, ""job_request_gpus_per_task"": 0, ""job_request_nodes"": 1, ""job_request_ntasks_per_node"": 1, ""job_request_time"": ""30s"", ""match_policy"": ""low"", ""n_jobs"": 500, ""problem_class"": ""A"", ""queue_depth"": 32, ""queue_policy"": ""hybrid"", ""reservation_depth"": 64, ""workload"": ""sleep""}}}, ""system"": {""cpu_affinity"": true, ""flux_time_limit"": ""3m"", ""max_cores_per_node"": 112, ""max_gpus_per_node"": 0, ""queue"": ""pbatch"", ""slurm_time_limit"": ""00:03:00"", ""sys_nodes"": 1}}",4,dane/SO_M
a3a42c1b0e,"{""config"": {""instance_level"": {""0"": {""match_policy"": ""first"", ""queue_depth"": 32, ""queue_policy"": ""fcfs"", ""reservation_depth"": 64}, ""1"": {""job_request_cores_per_task"": 1, ""job_request_gpus_per_task"": 0, ""job_request_nodes"": 1, ""job_request_ntasks_per_node"": 1, ""job_request_time"": ""30s"", ""match_policy"": ""first"", ""n_jobs"": 500, ""problem_class"": ""A"", ""queue_depth"": 32, ""queue_policy"": ""fcfs"", ""reservation_depth"": 64, ""workload"": ""sleep""}, ""2"": {""job_request_cores_per_task"": 1, ""job_request_gpus_per_task"": 0, ""job_request_nodes"": 1, ""job_request_ntasks_per_node"": 1, ""job_request_time"": ""30s"", ""match_policy"": ""low"", ""n_jobs"": 500, ""problem_class"": ""A"", ""queue_depth"": 32, ""queue_policy"": ""hybrid"", ""reservation_depth"": 64, ""workload"": ""sleep""}}}, ""system"": {""cpu_affinity"": true, ""flux_time_limit"": ""3m"", ""max_cores_per_node"": 112, ""max_gpus_per_node"": 0, ""queue"": ""pbatch"", ""slurm_time_limit"": ""00:03:00"", ""sys_nodes"": 1}}",5,dane/SO_M
051a78a881,"{""config"": {""instance_level"": {""0"": {""match_policy"": ""first"", ""queue_depth"": 32, ""queue_policy"": ""fcfs"", ""reservation_depth"": 64}, ""1"": {""job_request_cores_per_task"": 14, ""job_request_gpus_per_task"": 0, ""job_request_nodes"": 1, ""job_request_ntasks_per_node"": 1, ""job_request_time"": ""30s"", ""match_policy"": ""first"", ""n_jobs"": 500, ""problem_class"": ""A"", ""queue_depth"": 32, ""queue_policy"": ""fcfs"", ""reservation_depth"": 64, ""workload"": ""sleep""}, ""2"": {""job_request_cores_per_task"": 14, ""job_request_gpus_per_task"": 0, ""job_request_nodes"": 1, ""job_request_ntasks_per_node"": 1, ""job_request_time"": ""30s"", ""match_policy"": ""first"", ""n_jobs"": 500, ""problem_class"": ""A"", ""queue_depth"": 32, ""queue_policy"": ""fcfs"", ""reservation_depth"": 64, ""workload"": ""sleep""}}}, ""system"": {""cpu_affinity"": true, ""flux_time_limit"": ""3m"", ""max_cores_per_node"": 112, ""max_gpus_per_node"": 0, ""queue"": ""pbatch"", ""slurm_time_limit"": ""00:03:00"", ""sys_nodes"": 1}}",1,dane/SO_M
051a78a881,"{""config"": {""instance_level"": {""0"": {""match_policy"": ""first"", ""queue_depth"": 32, ""queue_policy"": ""fcfs"", ""reservation_depth"": 64}, ""1"": {""job_request_cores_per_task"": 14, ""job_request_gpus_per_task"": 0, ""job_request_nodes"": 1, ""job_request_ntasks_per_node"": 1, ""job_request_time"": ""30s"", ""match_policy"": ""first"", ""n_jobs"": 500, ""problem_class"": ""A"", ""queue_depth"": 32, ""queue_policy"": ""fcfs"", ""reservation_depth"": 64, ""workload"": ""sleep""}, ""2"": {""job_request_cores_per_task"": 14, ""job_request_gpus_per_task"": 0, ""job_request_nodes"": 1, ""job_request_ntasks_per_node"": 1, ""job_request_time"": ""30s"", ""match_policy"": ""first"", ""n_jobs"": 500, ""problem_class"": ""A"", ""queue_depth"": 32, ""queue_policy"": ""fcfs"", ""reservation_depth"": 64, ""workload"": ""sleep""}}}, ""system"": {""cpu_affinity"": true, ""flux_time_limit"": ""3m"", ""max_cores_per_node"": 112, ""max_gpus_per_node"": 0, ""queue"": ""pbatch"", ""slurm_time_limit"": ""00:03:00"", ""sys_nodes"": 1}}",2,dane/SO_M
051a78a881,"{""config"": {""instance_level"": {""0"": {""match_policy"": ""first"", ""queue_depth"": 32, ""queue_policy"": ""fcfs"", ""reservation_depth"": 64}, ""1"": {""job_request_cores_per_task"": 14, ""job_request_gpus_per_task"": 0, ""job_request_nodes"": 1, ""job_request_ntasks_per_node"": 1, ""job_request_time"": ""30s"", ""match_policy"": ""first"", ""n_jobs"": 500, ""problem_class"": ""A"", ""queue_depth"": 32, ""queue_policy"": ""fcfs"", ""reservation_depth"": 64, ""workload"": ""sleep""}, ""2"": {""job_request_cores_per_task"": 14, ""job_request_gpus_per_task"": 0, ""job_request_nodes"": 1, ""job_request_ntasks_per_node"": 1, ""job_request_time"": ""30s"", ""match_policy"": ""first"", ""n_jobs"": 500, ""problem_class"": ""A"", ""queue_depth"": 32, ""queue_policy"": ""fcfs"", ""reservation_depth"": 64, ""workload"": ""sleep""}}}, ""system"": {""cpu_affinity"": true, ""flux_time_limit"": ""3m"", ""max_cores_per_node"": 112, ""max_gpus_per_node"": 0, ""queue"": ""pbatch"", ""slurm_time_limit"": ""00:03:00"", ""sys_nodes"": 1}}",3,dane/SO_M
051a78a881,"{""config"": {""instance_level"": {""0"": {""match_policy"": ""first"", ""queue_depth"": 32, ""queue_policy"": ""fcfs"", ""reservation_depth"": 64}, ""1"": {""job_request_cores_per_task"": 14, ""job_request_gpus_per_task"": 0, ""job_request_nodes"": 1, ""job_request_ntasks_per_node"": 1, ""job_request_time"": ""30s"", ""match_policy"": ""first"", ""n_jobs"": 500, ""problem_class"": ""A"", ""queue_depth"": 32, ""queue_policy"": ""fcfs"", ""reservation_depth"": 64, ""workload"": ""sleep""}, ""2"": {""job_request_cores_per_task"": 14, ""job_request_gpus_per_task"": 0, ""job_request_nodes"": 1, ""job_request_ntasks_per_node"": 1, ""job_request_time"": ""30s"", ""match_policy"": ""first"", ""n_jobs"": 500, ""problem_class"": ""A"", ""queue_depth"": 32, ""queue_policy"": ""fcfs"", ""reservation_depth"": 64, ""workload"": ""sleep""}}}, ""system"": {""cpu_affinity"": true, ""flux_time_limit"": ""3m"", ""max_cores_per_node"": 112, ""max_gpus_per_node"": 0, ""queue"": ""pbatch"", ""slurm_time_limit"": ""00:03:00"", ""sys_nodes"": 1}}",4,dane/SO_M
051a78a881,"{""config"": {""instance_level"": {""0"": {""match_policy"": ""first"", ""queue_depth"": 32, ""queue_policy"": ""fcfs"", ""reservation_depth"": 64}, ""1"": {""job_request_cores_per_task"": 14, ""job_request_gpus_per_task"": 0, ""job_request_nodes"": 1, ""job_request_ntasks_per_node"": 1, ""job_request_time"": ""30s"", ""match_policy"": ""first"", ""n_jobs"": 500, ""problem_class"": ""A"", ""queue_depth"": 32, ""queue_policy"": ""fcfs"", ""reservation_depth"": 64, ""workload"": ""sleep""}, ""2"": {""job_request_cores_per_task"": 14, ""job_request_gpus_per_task"": 0, ""job_request_nodes"": 1, ""job_request_ntasks_per_node"": 1, ""job_request_time"": ""30s"", ""match_policy"": ""first"", ""n_jobs"": 500, ""problem_class"": ""A"", ""queue_depth"": 32, ""queue_policy"": ""fcfs"", ""reservation_depth"": 64, ""workload"": ""sleep""}}}, ""system"": {""cpu_affinity"": true, ""flux_time_limit"": ""3m"", ""max_cores_per_node"": 112, ""max_gpus_per_node"": 0, ""queue"": ""pbatch"", ""slurm_time_limit"": ""00:03:00"", ""sys_nodes"": 1}}",5,dane/SO_M
7183c122d4,"{""config"": {""instance_level"": {""0"": {""match_policy"": ""first"", ""queue_depth"": 32, ""queue_policy"": ""fcfs"", ""reservation_depth"": 64}, ""1"": {""job_request_cores_per_task"": 14, ""job_request_gpus_per_task"": 0, ""job_request_nodes"": 1, ""job_request_ntasks_per_node"": 1, ""job_request_time"": ""30s"", ""match_policy"": ""first"", ""n_jobs"": 500, ""problem_class"": ""A"", ""queue_depth"": 32, ""queue_policy"": ""fcfs"", ""reservation_depth"": 64, ""workload"": ""sleep""}, ""2"": {""job_request_cores_per_task"": 14, ""job_request_gpus_per_task"": 0, ""job_request_nodes"": 1, ""job_request_ntasks_per_node"": 1, ""job_request_time"": ""30s"", ""match_policy"": ""first"", ""n_jobs"": 500, ""problem_class"": ""A"", ""queue_depth"": 32, ""queue_policy"": ""hybrid"", ""reservation_depth"": 64, ""workload"": ""sleep""}}}, ""system"": {""cpu_affinity"": true, ""flux_time_limit"": ""3m"", ""max_cores_per_node"": 112, ""max_gpus_per_node"": 0, ""queue"": ""pbatch"", ""slurm_time_limit"": ""00:03:00"", ""sys_nodes"": 1}}",1,dane/SO_M
7183c122d4,"{""config"": {""instance_level"": {""0"": {""match_policy"": ""first"", ""queue_depth"": 32, ""queue_policy"": ""fcfs"", ""reservation_depth"": 64}, ""1"": {""job_request_cores_per_task"": 14, ""job_request_gpus_per_task"": 0, ""job_request_nodes"": 1, ""job_request_ntasks_per_node"": 1, ""job_request_time"": ""30s"", ""match_policy"": ""first"", ""n_jobs"": 500, ""problem_class"": ""A"", ""queue_depth"": 32, ""queue_policy"": ""fcfs"", ""reservation_depth"": 64, ""workload"": ""sleep""}, ""2"": {""job_request_cores_per_task"": 14, ""job_request_gpus_per_task"": 0, ""job_request_nodes"": 1, ""job_request_ntasks_per_node"": 1, ""job_request_time"": ""30s"", ""match_policy"": ""first"", ""n_jobs"": 500, ""problem_class"": ""A"", ""queue_depth"": 32, ""queue_policy"": ""hybrid"", ""reservation_depth"": 64, ""workload"": ""sleep""}}}, ""system"": {""cpu_affinity"": true, ""flux_time_limit"": ""3m"", ""max_cores_per_node"": 112, ""max_gpus_per_node"": 0, ""queue"": ""pbatch"", ""slurm_time_limit"": ""00:03:00"", ""sys_nodes"": 1}}",2,dane/SO_M
7183c122d4,"{""config"": {""instance_level"": {""0"": {""match_policy"": ""first"", ""queue_depth"": 32, ""queue_policy"": ""fcfs"", ""reservation_depth"": 64}, ""1"": {""job_request_cores_per_task"": 14, ""job_request_gpus_per_task"": 0, ""job_request_nodes"": 1, ""job_request_ntasks_per_node"": 1, ""job_request_time"": ""30s"", ""match_policy"": ""first"", ""n_jobs"": 500, ""problem_class"": ""A"", ""queue_depth"": 32, ""queue_policy"": ""fcfs"", ""reservation_depth"": 64, ""workload"": ""sleep""}, ""2"": {""job_request_cores_per_task"": 14, ""job_request_gpus_per_task"": 0, ""job_request_nodes"": 1, ""job_request_ntasks_per_node"": 1, ""job_request_time"": ""30s"", ""match_policy"": ""first"", ""n_jobs"": 500, ""problem_class"": ""A"", ""queue_depth"": 32, ""queue_policy"": ""hybrid"", ""reservation_depth"": 64, ""workload"": ""sleep""}}}, ""system"": {""cpu_affinity"": true, ""flux_time_limit"": ""3m"", ""max_cores_per_node"": 112, ""max_gpus_per_node"": 0, ""queue"": ""pbatch"", ""slurm_time_limit"": ""00:03:00"", ""sys_nodes"": 1}}",3,dane/SO_M
7183c122d4,"{""config"": {""instance_level"": {""0"": {""match_policy"": ""first"", ""queue_depth"": 32, ""queue_policy"": ""fcfs"", ""reservation_depth"": 64}, ""1"": {""job_request_cores_per_task"": 14, ""job_request_gpus_per_task"": 0, ""job_request_nodes"": 1, ""job_request_ntasks_per_node"": 1, ""job_request_time"": ""30s"", ""match_policy"": ""first"", ""n_jobs"": 500, ""problem_class"": ""A"", ""queue_depth"": 32, ""queue_policy"": ""fcfs"", ""reservation_depth"": 64, ""workload"": ""sleep""}, ""2"": {""job_request_cores_per_task"": 14, ""job_request_gpus_per_task"": 0, ""job_request_nodes"": 1, ""job_request_ntasks_per_node"": 1, ""job_request_time"": ""30s"", ""match_policy"": ""first"", ""n_jobs"": 500, ""problem_class"": ""A"", ""queue_depth"": 32, ""queue_policy"": ""hybrid"", ""reservation_depth"": 64, ""workload"": ""sleep""}}}, ""system"": {""cpu_affinity"": true, ""flux_time_limit"": ""3m"", ""max_cores_per_node"": 112, ""max_gpus_per_node"": 0, ""queue"": ""pbatch"", ""slurm_time_limit"": ""00:03:00"", ""sys_nodes"": 1}}",4,dane/SO_M
7183c122d4,"{""config"": {""instance_level"": {""0"": {""match_policy"": ""first"", ""queue_depth"": 32, ""queue_policy"": ""fcfs"", ""reservation_depth"": 64}, ""1"": {""job_request_cores_per_task"": 14, ""job_request_gpus_per_task"": 0, ""job_request_nodes"": 1, ""job_request_ntasks_per_node"": 1, ""job_request_time"": ""30s"", ""match_policy"": ""first"", ""n_jobs"": 500, ""problem_class"": ""A"", ""queue_depth"": 32, ""queue_policy"": ""fcfs"", ""reservation_depth"": 64, ""workload"": ""sleep""}, ""2"": {""job_request_cores_per_task"": 14, ""job_request_gpus_per_task"": 0, ""job_request_nodes"": 1, ""job_request_ntasks_per_node"": 1, ""job_request_time"": ""30s"", ""match_policy"": ""first"", ""n_jobs"": 500, ""problem_class"": ""A"", ""queue_depth"": 32, ""queue_policy"": ""hybrid"", ""reservation_depth"": 64, ""workload"": ""sleep""}}}, ""system"": {""cpu_affinity"": true, ""flux_time_limit"": ""3m"", ""max_cores_per_node"": 112, ""max_gpus_per_node"": 0, ""queue"": ""pbatch"", ""slurm_time_limit"": ""00:03:00"", ""sys_nodes"": 1}}",5,dane/SO_M
49f50b25dd,"{""config"": {""instance_level"": {""0"": {""match_policy"": ""first"", ""queue_depth"": 32, ""queue_policy"": ""fcfs"", ""reservation_depth"": 64}, ""1"": {""job_request_cores_per_task"": 14, ""job_request_gpus_per_task"": 0, ""job_request_nodes"": 1, ""job_request_ntasks_per_node"": 1, ""job_request_time"": ""30s"", ""match_policy"": ""first"", ""n_jobs"": 500, ""problem_class"": ""A"", ""queue_depth"": 32, ""queue_policy"": ""fcfs"", ""reservation_depth"": 64, ""workload"": ""sleep""}, ""2"": {""job_request_cores_per_task"": 14, ""job_request_gpus_per_task"": 0, ""job_request_nodes"": 1, ""job_request_ntasks_per_node"": 1, ""job_request_time"": ""30s"", ""match_policy"": ""low"", ""n_jobs"": 500, ""problem_class"": ""A"", ""queue_depth"": 32, ""queue_policy"": ""fcfs"", ""reservation_depth"": 64, ""workload"": ""sleep""}}}, ""system"": {""cpu_affinity"": true, ""flux_time_limit"": ""3m"", ""max_cores_per_node"": 112, ""max_gpus_per_node"": 0, ""queue"": ""pbatch"", ""slurm_time_limit"": ""00:03:00"", ""sys_nodes"": 1}}",1,dane/SO_M
49f50b25dd,"{""config"": {""instance_level"": {""0"": {""match_policy"": ""first"", ""queue_depth"": 32, ""queue_policy"": ""fcfs"", ""reservation_depth"": 64}, ""1"": {""job_request_cores_per_task"": 14, ""job_request_gpus_per_task"": 0, ""job_request_nodes"": 1, ""job_request_ntasks_per_node"": 1, ""job_request_time"": ""30s"", ""match_policy"": ""first"", ""n_jobs"": 500, ""problem_class"": ""A"", ""queue_depth"": 32, ""queue_policy"": ""fcfs"", ""reservation_depth"": 64, ""workload"": ""sleep""}, ""2"": {""job_request_cores_per_task"": 14, ""job_request_gpus_per_task"": 0, ""job_request_nodes"": 1, ""job_request_ntasks_per_node"": 1, ""job_request_time"": ""30s"", ""match_policy"": ""low"", ""n_jobs"": 500, ""problem_class"": ""A"", ""queue_depth"": 32, ""queue_policy"": ""fcfs"", ""reservation_depth"": 64, ""workload"": ""sleep""}}}, ""system"": {""cpu_affinity"": true, ""flux_time_limit"": ""3m"", ""max_cores_per_node"": 112, ""max_gpus_per_node"": 0, ""queue"": ""pbatch"", ""slurm_time_limit"": ""00:03:00"", ""sys_nodes"": 1}}",2,dane/SO_M
49f50b25dd,"{""config"": {""instance_level"": {""0"": {""match_policy"": ""first"", ""queue_depth"": 32, ""queue_policy"": ""fcfs"", ""reservation_depth"": 64}, ""1"": {""job_request_cores_per_task"": 14, ""job_request_gpus_per_task"": 0, ""job_request_nodes"": 1, ""job_request_ntasks_per_node"": 1, ""job_request_time"": ""30s"", ""match_policy"": ""first"", ""n_jobs"": 500, ""problem_class"": ""A"", ""queue_depth"": 32, ""queue_policy"": ""fcfs"", ""reservation_depth"": 64, ""workload"": ""sleep""}, ""2"": {""job_request_cores_per_task"": 14, ""job_request_gpus_per_task"": 0, ""job_request_nodes"": 1, ""job_request_ntasks_per_node"": 1, ""job_request_time"": ""30s"", ""match_policy"": ""low"", ""n_jobs"": 500, ""problem_class"": ""A"", ""queue_depth"": 32, ""queue_policy"": ""fcfs"", ""reservation_depth"": 64, ""workload"": ""sleep""}}}, ""system"": {""cpu_affinity"": true, ""flux_time_limit"": ""3m"", ""max_cores_per_node"": 112, ""max_gpus_per_node"": 0, ""queue"": ""pbatch"", ""slurm_time_limit"": ""00:03:00"", ""sys_nodes"": 1}}",3,dane/SO_M
49f50b25dd,"{""config"": {""instance_level"": {""0"": {""match_policy"": ""first"", ""queue_depth"": 32, ""queue_policy"": ""fcfs"", ""reservation_depth"": 64}, ""1"": {""job_request_cores_per_task"": 14, ""job_request_gpus_per_task"": 0, ""job_request_nodes"": 1, ""job_request_ntasks_per_node"": 1, ""job_request_time"": ""30s"", ""match_policy"": ""first"", ""n_jobs"": 500, ""problem_class"": ""A"", ""queue_depth"": 32, ""queue_policy"": ""fcfs"", ""reservation_depth"": 64, ""workload"": ""sleep""}, ""2"": {""job_request_cores_per_task"": 14, ""job_request_gpus_per_task"": 0, ""job_request_nodes"": 1, ""job_request_ntasks_per_node"": 1, ""job_request_time"": ""30s"", ""match_policy"": ""low"", ""n_jobs"": 500, ""problem_class"": ""A"", ""queue_depth"": 32, ""queue_policy"": ""fcfs"", ""reservation_depth"": 64, ""workload"": ""sleep""}}}, ""system"": {""cpu_affinity"": true, ""flux_time_limit"": ""3m"", ""max_cores_per_node"": 112, ""max_gpus_per_node"": 0, ""queue"": ""pbatch"", ""slurm_time_limit"": ""00:03:00"", ""sys_nodes"": 1}}",4,dane/SO_M
49f50b25dd,"{""config"": {""instance_level"": {""0"": {""match_policy"": ""first"", ""queue_depth"": 32, ""queue_policy"": ""fcfs"", ""reservation_depth"": 64}, ""1"": {""job_request_cores_per_task"": 14, ""job_request_gpus_per_task"": 0, ""job_request_nodes"": 1, ""job_request_ntasks_per_node"": 1, ""job_request_time"": ""30s"", ""match_policy"": ""first"", ""n_jobs"": 500, ""problem_class"": ""A"", ""queue_depth"": 32, ""queue_policy"": ""fcfs"", ""reservation_depth"": 64, ""workload"": ""sleep""}, ""2"": {""job_request_cores_per_task"": 14, ""job_request_gpus_per_task"": 0, ""job_request_nodes"": 1, ""job_request_ntasks_per_node"": 1, ""job_request_time"": ""30s"", ""match_policy"": ""low"", ""n_jobs"": 500, ""problem_class"": ""A"", ""queue_depth"": 32, ""queue_policy"": ""fcfs"", ""reservation_depth"": 64, ""workload"": ""sleep""}}}, ""system"": {""cpu_affinity"": true, ""flux_time_limit"": ""3m"", ""max_cores_per_node"": 112, ""max_gpus_per_node"": 0, ""queue"": ""pbatch"", ""slurm_time_limit"": ""00:03:00"", ""sys_nodes"": 1}}",5,dane/SO_M
92fa352271,"{""config"": {""instance_level"": {""0"": {""match_policy"": ""first"", ""queue_depth"": 32, ""queue_policy"": ""fcfs"", ""reservation_depth"": 64}, ""1"": {""job_request_cores_per_task"": 14, ""job_request_gpus_per_task"": 0, ""job_request_nodes"": 1, ""job_request_ntasks_per_node"": 1, ""job_request_time"": ""30s"", ""match_policy"": ""first"", ""n_jobs"": 500, ""problem_class"": ""A"", ""queue_depth"": 32, ""queue_policy"": ""fcfs"", ""reservation_depth"": 64, ""workload"": ""sleep""}, ""2"": {""job_request_cores_per_task"": 14, ""job_request_gpus_per_task"": 0, ""job_request_nodes"": 1, ""job_request_ntasks_per_node"": 1, ""job_request_time"": ""30s"", ""match_policy"": ""low"", ""n_jobs"": 500, ""problem_class"": ""A"", ""queue_depth"": 32, ""queue_policy"": ""hybrid"", ""reservation_depth"": 64, ""workload"": ""sleep""}}}, ""system"": {""cpu_affinity"": true, ""flux_time_limit"": ""3m"", ""max_cores_per_node"": 112, ""max_gpus_per_node"": 0, ""queue"": ""pbatch"", ""slurm_time_limit"": ""00:03:00"", ""sys_nodes"": 1}}",1,dane/SO_M
92fa352271,"{""config"": {""instance_level"": {""0"": {""match_policy"": ""first"", ""queue_depth"": 32, ""queue_policy"": ""fcfs"", ""reservation_depth"": 64}, ""1"": {""job_request_cores_per_task"": 14, ""job_request_gpus_per_task"": 0, ""job_request_nodes"": 1, ""job_request_ntasks_per_node"": 1, ""job_request_time"": ""30s"", ""match_policy"": ""first"", ""n_jobs"": 500, ""problem_class"": ""A"", ""queue_depth"": 32, ""queue_policy"": ""fcfs"", ""reservation_depth"": 64, ""workload"": ""sleep""}, ""2"": {""job_request_cores_per_task"": 14, ""job_request_gpus_per_task"": 0, ""job_request_nodes"": 1, ""job_request_ntasks_per_node"": 1, ""job_request_time"": ""30s"", ""match_policy"": ""low"", ""n_jobs"": 500, ""problem_class"": ""A"", ""queue_depth"": 32, ""queue_policy"": ""hybrid"", ""reservation_depth"": 64, ""workload"": ""sleep""}}}, ""system"": {""cpu_affinity"": true, ""flux_time_limit"": ""3m"", ""max_cores_per_node"": 112, ""max_gpus_per_node"": 0, ""queue"": ""pbatch"", ""slurm_time_limit"": ""00:03:00"", ""sys_nodes"": 1}}",2,dane/SO_M
92fa352271,"{""config"": {""instance_level"": {""0"": {""match_policy"": ""first"", ""queue_depth"": 32, ""queue_policy"": ""fcfs"", ""reservation_depth"": 64}, ""1"": {""job_request_cores_per_task"": 14, ""job_request_gpus_per_task"": 0, ""job_request_nodes"": 1, ""job_request_ntasks_per_node"": 1, ""job_request_time"": ""30s"", ""match_policy"": ""first"", ""n_jobs"": 500, ""problem_class"": ""A"", ""queue_depth"": 32, ""queue_policy"": ""fcfs"", ""reservation_depth"": 64, ""workload"": ""sleep""}, ""2"": {""job_request_cores_per_task"": 14, ""job_request_gpus_per_task"": 0, ""job_request_nodes"": 1, ""job_request_ntasks_per_node"": 1, ""job_request_time"": ""30s"", ""match_policy"": ""low"", ""n_jobs"": 500, ""problem_class"": ""A"", ""queue_depth"": 32, ""queue_policy"": ""hybrid"", ""reservation_depth"": 64, ""workload"": ""sleep""}}}, ""system"": {""cpu_affinity"": true, ""flux_time_limit"": ""3m"", ""max_cores_per_node"": 112, ""max_gpus_per_node"": 0, ""queue"": ""pbatch"", ""slurm_time_limit"": ""00:03:00"", ""sys_nodes"": 1}}",3,dane/SO_M
92fa352271,"{""config"": {""instance_level"": {""0"": {""match_policy"": ""first"", ""queue_depth"": 32, ""queue_policy"": ""fcfs"", ""reservation_depth"": 64}, ""1"": {""job_request_cores_per_task"": 14, ""job_request_gpus_per_task"": 0, ""job_request_nodes"": 1, ""job_request_ntasks_per_node"": 1, ""job_request_time"": ""30s"", ""match_policy"": ""first"", ""n_jobs"": 500, ""problem_class"": ""A"", ""queue_depth"": 32, ""queue_policy"": ""fcfs"", ""reservation_depth"": 64, ""workload"": ""sleep""}, ""2"": {""job_request_cores_per_task"": 14, ""job_request_gpus_per_task"": 0, ""job_request_nodes"": 1, ""job_request_ntasks_per_node"": 1, ""job_request_time"": ""30s"", ""match_policy"": ""low"", ""n_jobs"": 500, ""problem_class"": ""A"", ""queue_depth"": 32, ""queue_policy"": ""hybrid"", ""reservation_depth"": 64, ""workload"": ""sleep""}}}, ""system"": {""cpu_affinity"": true, ""flux_time_limit"": ""3m"", ""max_cores_per_node"": 112, ""max_gpus_per_node"": 0, ""queue"": ""pbatch"", ""slurm_time_limit"": ""00:03:00"", ""sys_nodes"": 1}}",4,dane/SO_M
92fa352271,"{""config"": {""instance_level"": {""0"": {""match_policy"": ""first"", ""queue_depth"": 32, ""queue_policy"": ""fcfs"", ""reservation_depth"": 64}, ""1"": {""job_request_cores_per_task"": 14, ""job_request_gpus_per_task"": 0, ""job_request_nodes"": 1, ""job_request_ntasks_per_node"": 1, ""job_request_time"": ""30s"", ""match_policy"": ""first"", ""n_jobs"": 500, ""problem_class"": ""A"", ""queue_depth"": 32, ""queue_policy"": ""fcfs"", ""reservation_depth"": 64, ""workload"": ""sleep""}, ""2"": {""job_request_cores_per_task"": 14, ""job_request_gpus_per_task"": 0, ""job_request_nodes"": 1, ""job_request_ntasks_per_node"": 1, ""job_request_time"": ""30s"", ""match_policy"": ""low"", ""n_jobs"": 500, ""problem_class"": ""A"", ""queue_depth"": 32, ""queue_policy"": ""hybrid"", ""reservation_depth"": 64, ""workload"": ""sleep""}}}, ""system"": {""cpu_affinity"": true, ""flux_time_limit"": ""3m"", ""max_cores_per_node"": 112, ""max_gpus_per_node"": 0, ""queue"": ""pbatch"", ""slurm_time_limit"": ""00:03:00"", ""sys_nodes"": 1}}",5,dane/SO_M
8947a8861e,"{""config"": {""instance_level"": {""0"": {""match_policy"": ""first"", ""queue_depth"": 32, ""queue_policy"": ""fcfs"", ""reservation_depth"": 64}, ""1"": {""job_request_cores_per_task"": 1, ""job_request_gpus_per_task"": 0, ""job_request_nodes"": 1, ""job_request_ntasks_per_node"": 1, ""job_request_time"": ""30s"", ""match_policy"": ""first"", ""n_jobs"": 500, ""problem_class"": ""A"", ""queue_depth"": 32, ""queue_policy"": ""hybrid"", ""reservation_depth"": 64, ""workload"": ""sleep""}, ""2"": {""job_request_cores_per_task"": 1, ""job_request_gpus_per_task"": 0, ""job_request_nodes"": 1, ""job_request_ntasks_per_node"": 1, ""job_request_time"": ""30s"", ""match_policy"": ""first"", ""n_jobs"": 500, ""problem_class"": ""A"", ""queue_depth"": 32, ""queue_policy"": ""fcfs"", ""reservation_depth"": 64, ""workload"": ""sleep""}}}, ""system"": {""cpu_affinity"": true, ""flux_time_limit"": ""3m"", ""max_cores_per_node"": 112, ""max_gpus_per_node"": 0, ""queue"": ""pbatch"", ""slurm_time_limit"": ""00:03:00"", ""sys_nodes"": 1}}",1,dane/SO_M
8947a8861e,"{""config"": {""instance_level"": {""0"": {""match_policy"": ""first"", ""queue_depth"": 32, ""queue_policy"": ""fcfs"", ""reservation_depth"": 64}, ""1"": {""job_request_cores_per_task"": 1, ""job_request_gpus_per_task"": 0, ""job_request_nodes"": 1, ""job_request_ntasks_per_node"": 1, ""job_request_time"": ""30s"", ""match_policy"": ""first"", ""n_jobs"": 500, ""problem_class"": ""A"", ""queue_depth"": 32, ""queue_policy"": ""hybrid"", ""reservation_depth"": 64, ""workload"": ""sleep""}, ""2"": {""job_request_cores_per_task"": 1, ""job_request_gpus_per_task"": 0, ""job_request_nodes"": 1, ""job_request_ntasks_per_node"": 1, ""job_request_time"": ""30s"", ""match_policy"": ""first"", ""n_jobs"": 500, ""problem_class"": ""A"", ""queue_depth"": 32, ""queue_policy"": ""fcfs"", ""reservation_depth"": 64, ""workload"": ""sleep""}}}, ""system"": {""cpu_affinity"": true, ""flux_time_limit"": ""3m"", ""max_cores_per_node"": 112, ""max_gpus_per_node"": 0, ""queue"": ""pbatch"", ""slurm_time_limit"": ""00:03:00"", ""sys_nodes"": 1}}",2,dane/SO_M
8947a8861e,"{""config"": {""instance_level"": {""0"": {""match_policy"": ""first"", ""queue_depth"": 32, ""queue_policy"": ""fcfs"", ""reservation_depth"": 64}, ""1"": {""job_request_cores_per_task"": 1, ""job_request_gpus_per_task"": 0, ""job_request_nodes"": 1, ""job_request_ntasks_per_node"": 1, ""job_request_time"": ""30s"", ""match_policy"": ""first"", ""n_jobs"": 500, ""problem_class"": ""A"", ""queue_depth"": 32, ""queue_policy"": ""hybrid"", ""reservation_depth"": 64, ""workload"": ""sleep""}, ""2"": {""job_request_cores_per_task"": 1, ""job_request_gpus_per_task"": 0, ""job_request_nodes"": 1, ""job_request_ntasks_per_node"": 1, ""job_request_time"": ""30s"", ""match_policy"": ""first"", ""n_jobs"": 500, ""problem_class"": ""A"", ""queue_depth"": 32, ""queue_policy"": ""fcfs"", ""reservation_depth"": 64, ""workload"": ""sleep""}}}, ""system"": {""cpu_affinity"": true, ""flux_time_limit"": ""3m"", ""max_cores_per_node"": 112, ""max_gpus_per_node"": 0, ""queue"": ""pbatch"", ""slurm_time_limit"": ""00:03:00"", ""sys_nodes"": 1}}",3,dane/SO_M
8947a8861e,"{""config"": {""instance_level"": {""0"": {""match_policy"": ""first"", ""queue_depth"": 32, ""queue_policy"": ""fcfs"", ""reservation_depth"": 64}, ""1"": {""job_request_cores_per_task"": 1, ""job_request_gpus_per_task"": 0, ""job_request_nodes"": 1, ""job_request_ntasks_per_node"": 1, ""job_request_time"": ""30s"", ""match_policy"": ""first"", ""n_jobs"": 500, ""problem_class"": ""A"", ""queue_depth"": 32, ""queue_policy"": ""hybrid"", ""reservation_depth"": 64, ""workload"": ""sleep""}, ""2"": {""job_request_cores_per_task"": 1, ""job_request_gpus_per_task"": 0, ""job_request_nodes"": 1, ""job_request_ntasks_per_node"": 1, ""job_request_time"": ""30s"", ""match_policy"": ""first"", ""n_jobs"": 500, ""problem_class"": ""A"", ""queue_depth"": 32, ""queue_policy"": ""fcfs"", ""reservation_depth"": 64, ""workload"": ""sleep""}}}, ""system"": {""cpu_affinity"": true, ""flux_time_limit"": ""3m"", ""max_cores_per_node"": 112, ""max_gpus_per_node"": 0, ""queue"": ""pbatch"", ""slurm_time_limit"": ""00:03:00"", ""sys_nodes"": 1}}",4,dane/SO_M
8947a8861e,"{""config"": {""instance_level"": {""0"": {""match_policy"": ""first"", ""queue_depth"": 32, ""queue_policy"": ""fcfs"", ""reservation_depth"": 64}, ""1"": {""job_request_cores_per_task"": 1, ""job_request_gpus_per_task"": 0, ""job_request_nodes"": 1, ""job_request_ntasks_per_node"": 1, ""job_request_time"": ""30s"", ""match_policy"": ""first"", ""n_jobs"": 500, ""problem_class"": ""A"", ""queue_depth"": 32, ""queue_policy"": ""hybrid"", ""reservation_depth"": 64, ""workload"": ""sleep""}, ""2"": {""job_request_cores_per_task"": 1, ""job_request_gpus_per_task"": 0, ""job_request_nodes"": 1, ""job_request_ntasks_per_node"": 1, ""job_request_time"": ""30s"", ""match_policy"": ""first"", ""n_jobs"": 500, ""problem_class"": ""A"", ""queue_depth"": 32, ""queue_policy"": ""fcfs"", ""reservation_depth"": 64, ""workload"": ""sleep""}}}, ""system"": {""cpu_affinity"": true, ""flux_time_limit"": ""3m"", ""max_cores_per_node"": 112, ""max_gpus_per_node"": 0, ""queue"": ""pbatch"", ""slurm_time_limit"": ""00:03:00"", ""sys_nodes"": 1}}",5,dane/SO_M
d439b975ad,"{""config"": {""instance_level"": {""0"": {""match_policy"": ""first"", ""queue_depth"": 32, ""queue_policy"": ""fcfs"", ""reservation_depth"": 64}, ""1"": {""job_request_cores_per_task"": 1, ""job_request_gpus_per_task"": 0, ""job_request_nodes"": 1, ""job_request_ntasks_per_node"": 1, ""job_request_time"": ""30s"", ""match_policy"": ""first"", ""n_jobs"": 500, ""problem_class"": ""A"", ""queue_depth"": 32, ""queue_policy"": ""hybrid"", ""reservation_depth"": 64, ""workload"": ""sleep""}, ""2"": {""job_request_cores_per_task"": 1, ""job_request_gpus_per_task"": 0, ""job_request_nodes"": 1, ""job_request_ntasks_per_node"": 1, ""job_request_time"": ""30s"", ""match_policy"": ""first"", ""n_jobs"": 500, ""problem_class"": ""A"", ""queue_depth"": 32, ""queue_policy"": ""hybrid"", ""reservation_depth"": 64, ""workload"": ""sleep""}}}, ""system"": {""cpu_affinity"": true, ""flux_time_limit"": ""3m"", ""max_cores_per_node"": 112, ""max_gpus_per_node"": 0, ""queue"": ""pbatch"", ""slurm_time_limit"": ""00:03:00"", ""sys_nodes"": 1}}",1,dane/SO_M
d439b975ad,"{""config"": {""instance_level"": {""0"": {""match_policy"": ""first"", ""queue_depth"": 32, ""queue_policy"": ""fcfs"", ""reservation_depth"": 64}, ""1"": {""job_request_cores_per_task"": 1, ""job_request_gpus_per_task"": 0, ""job_request_nodes"": 1, ""job_request_ntasks_per_node"": 1, ""job_request_time"": ""30s"", ""match_policy"": ""first"", ""n_jobs"": 500, ""problem_class"": ""A"", ""queue_depth"": 32, ""queue_policy"": ""hybrid"", ""reservation_depth"": 64, ""workload"": ""sleep""}, ""2"": {""job_request_cores_per_task"": 1, ""job_request_gpus_per_task"": 0, ""job_request_nodes"": 1, ""job_request_ntasks_per_node"": 1, ""job_request_time"": ""30s"", ""match_policy"": ""first"", ""n_jobs"": 500, ""problem_class"": ""A"", ""queue_depth"": 32, ""queue_policy"": ""hybrid"", ""reservation_depth"": 64, ""workload"": ""sleep""}}}, ""system"": {""cpu_affinity"": true, ""flux_time_limit"": ""3m"", ""max_cores_per_node"": 112, ""max_gpus_per_node"": 0, ""queue"": ""pbatch"", ""slurm_time_limit"": ""00:03:00"", ""sys_nodes"": 1}}",2,dane/SO_M
d439b975ad,"{""config"": {""instance_level"": {""0"": {""match_policy"": ""first"", ""queue_depth"": 32, ""queue_policy"": ""fcfs"", ""reservation_depth"": 64}, ""1"": {""job_request_cores_per_task"": 1, ""job_request_gpus_per_task"": 0, ""job_request_nodes"": 1, ""job_request_ntasks_per_node"": 1, ""job_request_time"": ""30s"", ""match_policy"": ""first"", ""n_jobs"": 500, ""problem_class"": ""A"", ""queue_depth"": 32, ""queue_policy"": ""hybrid"", ""reservation_depth"": 64, ""workload"": ""sleep""}, ""2"": {""job_request_cores_per_task"": 1, ""job_request_gpus_per_task"": 0, ""job_request_nodes"": 1, ""job_request_ntasks_per_node"": 1, ""job_request_time"": ""30s"", ""match_policy"": ""first"", ""n_jobs"": 500, ""problem_class"": ""A"", ""queue_depth"": 32, ""queue_policy"": ""hybrid"", ""reservation_depth"": 64, ""workload"": ""sleep""}}}, ""system"": {""cpu_affinity"": true, ""flux_time_limit"": ""3m"", ""max_cores_per_node"": 112, ""max_gpus_per_node"": 0, ""queue"": ""pbatch"", ""slurm_time_limit"": ""00:03:00"", ""sys_nodes"": 1}}",3,dane/SO_M
d439b975ad,"{""config"": {""instance_level"": {""0"": {""match_policy"": ""first"", ""queue_depth"": 32, ""queue_policy"": ""fcfs"", ""reservation_depth"": 64}, ""1"": {""job_request_cores_per_task"": 1, ""job_request_gpus_per_task"": 0, ""job_request_nodes"": 1, ""job_request_ntasks_per_node"": 1, ""job_request_time"": ""30s"", ""match_policy"": ""first"", ""n_jobs"": 500, ""problem_class"": ""A"", ""queue_depth"": 32, ""queue_policy"": ""hybrid"", ""reservation_depth"": 64, ""workload"": ""sleep""}, ""2"": {""job_request_cores_per_task"": 1, ""job_request_gpus_per_task"": 0, ""job_request_nodes"": 1, ""job_request_ntasks_per_node"": 1, ""job_request_time"": ""30s"", ""match_policy"": ""first"", ""n_jobs"": 500, ""problem_class"": ""A"", ""queue_depth"": 32, ""queue_policy"": ""hybrid"", ""reservation_depth"": 64, ""workload"": ""sleep""}}}, ""system"": {""cpu_affinity"": true, ""flux_time_limit"": ""3m"", ""max_cores_per_node"": 112, ""max_gpus_per_node"": 0, ""queue"": ""pbatch"", ""slurm_time_limit"": ""00:03:00"", ""sys_nodes"": 1}}",4,dane/SO_M
d439b975ad,"{""config"": {""instance_level"": {""0"": {""match_policy"": ""first"", ""queue_depth"": 32, ""queue_policy"": ""fcfs"", ""reservation_depth"": 64}, ""1"": {""job_request_cores_per_task"": 1, ""job_request_gpus_per_task"": 0, ""job_request_nodes"": 1, ""job_request_ntasks_per_node"": 1, ""job_request_time"": ""30s"", ""match_policy"": ""first"", ""n_jobs"": 500, ""problem_class"": ""A"", ""queue_depth"": 32, ""queue_policy"": ""hybrid"", ""reservation_depth"": 64, ""workload"": ""sleep""}, ""2"": {""job_request_cores_per_task"": 1, ""job_request_gpus_per_task"": 0, ""job_request_nodes"": 1, ""job_request_ntasks_per_node"": 1, ""job_request_time"": ""30s"", ""match_policy"": ""first"", ""n_jobs"": 500, ""problem_class"": ""A"", ""queue_depth"": 32, ""queue_policy"": ""hybrid"", ""reservation_depth"": 64, ""workload"": ""sleep""}}}, ""system"": {""cpu_affinity"": true, ""flux_time_limit"": ""3m"", ""max_cores_per_node"": 112, ""max_gpus_per_node"": 0, ""queue"": ""pbatch"", ""slurm_time_limit"": ""00:03:00"", ""sys_nodes"": 1}}",5,dane/SO_M
fce96e28de,"{""config"": {""instance_level"": {""0"": {""match_policy"": ""first"", ""queue_depth"": 32, ""queue_policy"": ""fcfs"", ""reservation_depth"": 64}, ""1"": {""job_request_cores_per_task"": 1, ""job_request_gpus_per_task"": 0, ""job_request_nodes"": 1, ""job_request_ntasks_per_node"": 1, ""job_request_time"": ""30s"", ""match_policy"": ""first"", ""n_jobs"": 500, ""problem_class"": ""A"", ""queue_depth"": 32, ""queue_policy"": ""hybrid"", ""reservation_depth"": 64, ""workload"": ""sleep""}, ""2"": {""job_request_cores_per_task"": 1, ""job_request_gpus_per_task"": 0, ""job_request_nodes"": 1, ""job_request_ntasks_per_node"": 1, ""job_request_time"": ""30s"", ""match_policy"": ""low"", ""n_jobs"": 500, ""problem_class"": ""A"", ""queue_depth"": 32, ""queue_policy"": ""fcfs"", ""reservation_depth"": 64, ""workload"": ""sleep""}}}, ""system"": {""cpu_affinity"": true, ""flux_time_limit"": ""3m"", ""max_cores_per_node"": 112, ""max_gpus_per_node"": 0, ""queue"": ""pbatch"", ""slurm_time_limit"": ""00:03:00"", ""sys_nodes"": 1}}",1,dane/SO_M
fce96e28de,"{""config"": {""instance_level"": {""0"": {""match_policy"": ""first"", ""queue_depth"": 32, ""queue_policy"": ""fcfs"", ""reservation_depth"": 64}, ""1"": {""job_request_cores_per_task"": 1, ""job_request_gpus_per_task"": 0, ""job_request_nodes"": 1, ""job_request_ntasks_per_node"": 1, ""job_request_time"": ""30s"", ""match_policy"": ""first"", ""n_jobs"": 500, ""problem_class"": ""A"", ""queue_depth"": 32, ""queue_policy"": ""hybrid"", ""reservation_depth"": 64, ""workload"": ""sleep""}, ""2"": {""job_request_cores_per_task"": 1, ""job_request_gpus_per_task"": 0, ""job_request_nodes"": 1, ""job_request_ntasks_per_node"": 1, ""job_request_time"": ""30s"", ""match_policy"": ""low"", ""n_jobs"": 500, ""problem_class"": ""A"", ""queue_depth"": 32, ""queue_policy"": ""fcfs"", ""reservation_depth"": 64, ""workload"": ""sleep""}}}, ""system"": {""cpu_affinity"": true, ""flux_time_limit"": ""3m"", ""max_cores_per_node"": 112, ""max_gpus_per_node"": 0, ""queue"": ""pbatch"", ""slurm_time_limit"": ""00:03:00"", ""sys_nodes"": 1}}",2,dane/SO_M
fce96e28de,"{""config"": {""instance_level"": {""0"": {""match_policy"": ""first"", ""queue_depth"": 32, ""queue_policy"": ""fcfs"", ""reservation_depth"": 64}, ""1"": {""job_request_cores_per_task"": 1, ""job_request_gpus_per_task"": 0, ""job_request_nodes"": 1, ""job_request_ntasks_per_node"": 1, ""job_request_time"": ""30s"", ""match_policy"": ""first"", ""n_jobs"": 500, ""problem_class"": ""A"", ""queue_depth"": 32, ""queue_policy"": ""hybrid"", ""reservation_depth"": 64, ""workload"": ""sleep""}, ""2"": {""job_request_cores_per_task"": 1, ""job_request_gpus_per_task"": 0, ""job_request_nodes"": 1, ""job_request_ntasks_per_node"": 1, ""job_request_time"": ""30s"", ""match_policy"": ""low"", ""n_jobs"": 500, ""problem_class"": ""A"", ""queue_depth"": 32, ""queue_policy"": ""fcfs"", ""reservation_depth"": 64, ""workload"": ""sleep""}}}, ""system"": {""cpu_affinity"": true, ""flux_time_limit"": ""3m"", ""max_cores_per_node"": 112, ""max_gpus_per_node"": 0, ""queue"": ""pbatch"", ""slurm_time_limit"": ""00:03:00"", ""sys_nodes"": 1}}",3,dane/SO_M
fce96e28de,"{""config"": {""instance_level"": {""0"": {""match_policy"": ""first"", ""queue_depth"": 32, ""queue_policy"": ""fcfs"", ""reservation_depth"": 64}, ""1"": {""job_request_cores_per_task"": 1, ""job_request_gpus_per_task"": 0, ""job_request_nodes"": 1, ""job_request_ntasks_per_node"": 1, ""job_request_time"": ""30s"", ""match_policy"": ""first"", ""n_jobs"": 500, ""problem_class"": ""A"", ""queue_depth"": 32, ""queue_policy"": ""hybrid"", ""reservation_depth"": 64, ""workload"": ""sleep""}, ""2"": {""job_request_cores_per_task"": 1, ""job_request_gpus_per_task"": 0, ""job_request_nodes"": 1, ""job_request_ntasks_per_node"": 1, ""job_request_time"": ""30s"", ""match_policy"": ""low"", ""n_jobs"": 500, ""problem_class"": ""A"", ""queue_depth"": 32, ""queue_policy"": ""fcfs"", ""reservation_depth"": 64, ""workload"": ""sleep""}}}, ""system"": {""cpu_affinity"": true, ""flux_time_limit"": ""3m"", ""max_cores_per_node"": 112, ""max_gpus_per_node"": 0, ""queue"": ""pbatch"", ""slurm_time_limit"": ""00:03:00"", ""sys_nodes"": 1}}",4,dane/SO_M
fce96e28de,"{""config"": {""instance_level"": {""0"": {""match_policy"": ""first"", ""queue_depth"": 32, ""queue_policy"": ""fcfs"", ""reservation_depth"": 64}, ""1"": {""job_request_cores_per_task"": 1, ""job_request_gpus_per_task"": 0, ""job_request_nodes"": 1, ""job_request_ntasks_per_node"": 1, ""job_request_time"": ""30s"", ""match_policy"": ""first"", ""n_jobs"": 500, ""problem_class"": ""A"", ""queue_depth"": 32, ""queue_policy"": ""hybrid"", ""reservation_depth"": 64, ""workload"": ""sleep""}, ""2"": {""job_request_cores_per_task"": 1, ""job_request_gpus_per_task"": 0, ""job_request_nodes"": 1, ""job_request_ntasks_per_node"": 1, ""job_request_time"": ""30s"", ""match_policy"": ""low"", ""n_jobs"": 500, ""problem_class"": ""A"", ""queue_depth"": 32, ""queue_policy"": ""fcfs"", ""reservation_depth"": 64, ""workload"": ""sleep""}}}, ""system"": {""cpu_affinity"": true, ""flux_time_limit"": ""3m"", ""max_cores_per_node"": 112, ""max_gpus_per_node"": 0, ""queue"": ""pbatch"", ""slurm_time_limit"": ""00:03:00"", ""sys_nodes"": 1}}",5,dane/SO_M
b6bc9a09f7,"{""config"": {""instance_level"": {""0"": {""match_policy"": ""first"", ""queue_depth"": 32, ""queue_policy"": ""fcfs"", ""reservation_depth"": 64}, ""1"": {""job_request_cores_per_task"": 1, ""job_request_gpus_per_task"": 0, ""job_request_nodes"": 1, ""job_request_ntasks_per_node"": 1, ""job_request_time"": ""30s"", ""match_policy"": ""first"", ""n_jobs"": 500, ""problem_class"": ""A"", ""queue_depth"": 32, ""queue_policy"": ""hybrid"", ""reservation_depth"": 64, ""workload"": ""sleep""}, ""2"": {""job_request_cores_per_task"": 1, ""job_request_gpus_per_task"": 0, ""job_request_nodes"": 1, ""job_request_ntasks_per_node"": 1, ""job_request_time"": ""30s"", ""match_policy"": ""low"", ""n_jobs"": 500, ""problem_class"": ""A"", ""queue_depth"": 32, ""queue_policy"": ""hybrid"", ""reservation_depth"": 64, ""workload"": ""sleep""}}}, ""system"": {""cpu_affinity"": true, ""flux_time_limit"": ""3m"", ""max_cores_per_node"": 112, ""max_gpus_per_node"": 0, ""queue"": ""pbatch"", ""slurm_time_limit"": ""00:03:00"", ""sys_nodes"": 1}}",1,dane/SO_M
b6bc9a09f7,"{""config"": {""instance_level"": {""0"": {""match_policy"": ""first"", ""queue_depth"": 32, ""queue_policy"": ""fcfs"", ""reservation_depth"": 64}, ""1"": {""job_request_cores_per_task"": 1, ""job_request_gpus_per_task"": 0, ""job_request_nodes"": 1, ""job_request_ntasks_per_node"": 1, ""job_request_time"": ""30s"", ""match_policy"": ""first"", ""n_jobs"": 500, ""problem_class"": ""A"", ""queue_depth"": 32, ""queue_policy"": ""hybrid"", ""reservation_depth"": 64, ""workload"": ""sleep""}, ""2"": {""job_request_cores_per_task"": 1, ""job_request_gpus_per_task"": 0, ""job_request_nodes"": 1, ""job_request_ntasks_per_node"": 1, ""job_request_time"": ""30s"", ""match_policy"": ""low"", ""n_jobs"": 500, ""problem_class"": ""A"", ""queue_depth"": 32, ""queue_policy"": ""hybrid"", ""reservation_depth"": 64, ""workload"": ""sleep""}}}, ""system"": {""cpu_affinity"": true, ""flux_time_limit"": ""3m"", ""max_cores_per_node"": 112, ""max_gpus_per_node"": 0, ""queue"": ""pbatch"", ""slurm_time_limit"": ""00:03:00"", ""sys_nodes"": 1}}",2,dane/SO_M
b6bc9a09f7,"{""config"": {""instance_level"": {""0"": {""match_policy"": ""first"", ""queue_depth"": 32, ""queue_policy"": ""fcfs"", ""reservation_depth"": 64}, ""1"": {""job_request_cores_per_task"": 1, ""job_request_gpus_per_task"": 0, ""job_request_nodes"": 1, ""job_request_ntasks_per_node"": 1, ""job_request_time"": ""30s"", ""match_policy"": ""first"", ""n_jobs"": 500, ""problem_class"": ""A"", ""queue_depth"": 32, ""queue_policy"": ""hybrid"", ""reservation_depth"": 64, ""workload"": ""sleep""}, ""2"": {""job_request_cores_per_task"": 1, ""job_request_gpus_per_task"": 0, ""job_request_nodes"": 1, ""job_request_ntasks_per_node"": 1, ""job_request_time"": ""30s"", ""match_policy"": ""low"", ""n_jobs"": 500, ""problem_class"": ""A"", ""queue_depth"": 32, ""queue_policy"": ""hybrid"", ""reservation_depth"": 64, ""workload"": ""sleep""}}}, ""system"": {""cpu_affinity"": true, ""flux_time_limit"": ""3m"", ""max_cores_per_node"": 112, ""max_gpus_per_node"": 0, ""queue"": ""pbatch"", ""slurm_time_limit"": ""00:03:00"", ""sys_nodes"": 1}}",3,dane/SO_M
b6bc9a09f7,"{""config"": {""instance_level"": {""0"": {""match_policy"": ""first"", ""queue_depth"": 32, ""queue_policy"": ""fcfs"", ""reservation_depth"": 64}, ""1"": {""job_request_cores_per_task"": 1, ""job_request_gpus_per_task"": 0, ""job_request_nodes"": 1, ""job_request_ntasks_per_node"": 1, ""job_request_time"": ""30s"", ""match_policy"": ""first"", ""n_jobs"": 500, ""problem_class"": ""A"", ""queue_depth"": 32, ""queue_policy"": ""hybrid"", ""reservation_depth"": 64, ""workload"": ""sleep""}, ""2"": {""job_request_cores_per_task"": 1, ""job_request_gpus_per_task"": 0, ""job_request_nodes"": 1, ""job_request_ntasks_per_node"": 1, ""job_request_time"": ""30s"", ""match_policy"": ""low"", ""n_jobs"": 500, ""problem_class"": ""A"", ""queue_depth"": 32, ""queue_policy"": ""hybrid"", ""reservation_depth"": 64, ""workload"": ""sleep""}}}, ""system"": {""cpu_affinity"": true, ""flux_time_limit"": ""3m"", ""max_cores_per_node"": 112, ""max_gpus_per_node"": 0, ""queue"": ""pbatch"", ""slurm_time_limit"": ""00:03:00"", ""sys_nodes"": 1}}",4,dane/SO_M
b6bc9a09f7,"{""config"": {""instance_level"": {""0"": {""match_policy"": ""first"", ""queue_depth"": 32, ""queue_policy"": ""fcfs"", ""reservation_depth"": 64}, ""1"": {""job_request_cores_per_task"": 1, ""job_request_gpus_per_task"": 0, ""job_request_nodes"": 1, ""job_request_ntasks_per_node"": 1, ""job_request_time"": ""30s"", ""match_policy"": ""first"", ""n_jobs"": 500, ""problem_class"": ""A"", ""queue_depth"": 32, ""queue_policy"": ""hybrid"", ""reservation_depth"": 64, ""workload"": ""sleep""}, ""2"": {""job_request_cores_per_task"": 1, ""job_request_gpus_per_task"": 0, ""job_request_nodes"": 1, ""job_request_ntasks_per_node"": 1, ""job_request_time"": ""30s"", ""match_policy"": ""low"", ""n_jobs"": 500, ""problem_class"": ""A"", ""queue_depth"": 32, ""queue_policy"": ""hybrid"", ""reservation_depth"": 64, ""workload"": ""sleep""}}}, ""system"": {""cpu_affinity"": true, ""flux_time_limit"": ""3m"", ""max_cores_per_node"": 112, ""max_gpus_per_node"": 0, ""queue"": ""pbatch"", ""slurm_time_limit"": ""00:03:00"", ""sys_nodes"": 1}}",5,dane/SO_M
3ae545f291,"{""config"": {""instance_level"": {""0"": {""match_policy"": ""first"", ""queue_depth"": 32, ""queue_policy"": ""fcfs"", ""reservation_depth"": 64}, ""1"": {""job_request_cores_per_task"": 14, ""job_request_gpus_per_task"": 0, ""job_request_nodes"": 1, ""job_request_ntasks_per_node"": 1, ""job_request_time"": ""30s"", ""match_policy"": ""first"", ""n_jobs"": 500, ""problem_class"": ""A"", ""queue_depth"": 32, ""queue_policy"": ""hybrid"", ""reservation_depth"": 64, ""workload"": ""sleep""}, ""2"": {""job_request_cores_per_task"": 14, ""job_request_gpus_per_task"": 0, ""job_request_nodes"": 1, ""job_request_ntasks_per_node"": 1, ""job_request_time"": ""30s"", ""match_policy"": ""first"", ""n_jobs"": 500, ""problem_class"": ""A"", ""queue_depth"": 32, ""queue_policy"": ""fcfs"", ""reservation_depth"": 64, ""workload"": ""sleep""}}}, ""system"": {""cpu_affinity"": true, ""flux_time_limit"": ""3m"", ""max_cores_per_node"": 112, ""max_gpus_per_node"": 0, ""queue"": ""pbatch"", ""slurm_time_limit"": ""00:03:00"", ""sys_nodes"": 1}}",1,dane/SO_M
3ae545f291,"{""config"": {""instance_level"": {""0"": {""match_policy"": ""first"", ""queue_depth"": 32, ""queue_policy"": ""fcfs"", ""reservation_depth"": 64}, ""1"": {""job_request_cores_per_task"": 14, ""job_request_gpus_per_task"": 0, ""job_request_nodes"": 1, ""job_request_ntasks_per_node"": 1, ""job_request_time"": ""30s"", ""match_policy"": ""first"", ""n_jobs"": 500, ""problem_class"": ""A"", ""queue_depth"": 32, ""queue_policy"": ""hybrid"", ""reservation_depth"": 64, ""workload"": ""sleep""}, ""2"": {""job_request_cores_per_task"": 14, ""job_request_gpus_per_task"": 0, ""job_request_nodes"": 1, ""job_request_ntasks_per_node"": 1, ""job_request_time"": ""30s"", ""match_policy"": ""first"", ""n_jobs"": 500, ""problem_class"": ""A"", ""queue_depth"": 32, ""queue_policy"": ""fcfs"", ""reservation_depth"": 64, ""workload"": ""sleep""}}}, ""system"": {""cpu_affinity"": true, ""flux_time_limit"": ""3m"", ""max_cores_per_node"": 112, ""max_gpus_per_node"": 0, ""queue"": ""pbatch"", ""slurm_time_limit"": ""00:03:00"", ""sys_nodes"": 1}}",2,dane/SO_M
3ae545f291,"{""config"": {""instance_level"": {""0"": {""match_policy"": ""first"", ""queue_depth"": 32, ""queue_policy"": ""fcfs"", ""reservation_depth"": 64}, ""1"": {""job_request_cores_per_task"": 14, ""job_request_gpus_per_task"": 0, ""job_request_nodes"": 1, ""job_request_ntasks_per_node"": 1, ""job_request_time"": ""30s"", ""match_policy"": ""first"", ""n_jobs"": 500, ""problem_class"": ""A"", ""queue_depth"": 32, ""queue_policy"": ""hybrid"", ""reservation_depth"": 64, ""workload"": ""sleep""}, ""2"": {""job_request_cores_per_task"": 14, ""job_request_gpus_per_task"": 0, ""job_request_nodes"": 1, ""job_request_ntasks_per_node"": 1, ""job_request_time"": ""30s"", ""match_policy"": ""first"", ""n_jobs"": 500, ""problem_class"": ""A"", ""queue_depth"": 32, ""queue_policy"": ""fcfs"", ""reservation_depth"": 64, ""workload"": ""sleep""}}}, ""system"": {""cpu_affinity"": true, ""flux_time_limit"": ""3m"", ""max_cores_per_node"": 112, ""max_gpus_per_node"": 0, ""queue"": ""pbatch"", ""slurm_time_limit"": ""00:03:00"", ""sys_nodes"": 1}}",3,dane/SO_M
3ae545f291,"{""config"": {""instance_level"": {""0"": {""match_policy"": ""first"", ""queue_depth"": 32, ""queue_policy"": ""fcfs"", ""reservation_depth"": 64}, ""1"": {""job_request_cores_per_task"": 14, ""job_request_gpus_per_task"": 0, ""job_request_nodes"": 1, ""job_request_ntasks_per_node"": 1, ""job_request_time"": ""30s"", ""match_policy"": ""first"", ""n_jobs"": 500, ""problem_class"": ""A"", ""queue_depth"": 32, ""queue_policy"": ""hybrid"", ""reservation_depth"": 64, ""workload"": ""sleep""}, ""2"": {""job_request_cores_per_task"": 14, ""job_request_gpus_per_task"": 0, ""job_request_nodes"": 1, ""job_request_ntasks_per_node"": 1, ""job_request_time"": ""30s"", ""match_policy"": ""first"", ""n_jobs"": 500, ""problem_class"": ""A"", ""queue_depth"": 32, ""queue_policy"": ""fcfs"", ""reservation_depth"": 64, ""workload"": ""sleep""}}}, ""system"": {""cpu_affinity"": true, ""flux_time_limit"": ""3m"", ""max_cores_per_node"": 112, ""max_gpus_per_node"": 0, ""queue"": ""pbatch"", ""slurm_time_limit"": ""00:03:00"", ""sys_nodes"": 1}}",4,dane/SO_M
3ae545f291,"{""config"": {""instance_level"": {""0"": {""match_policy"": ""first"", ""queue_depth"": 32, ""queue_policy"": ""fcfs"", ""reservation_depth"": 64}, ""1"": {""job_request_cores_per_task"": 14, ""job_request_gpus_per_task"": 0, ""job_request_nodes"": 1, ""job_request_ntasks_per_node"": 1, ""job_request_time"": ""30s"", ""match_policy"": ""first"", ""n_jobs"": 500, ""problem_class"": ""A"", ""queue_depth"": 32, ""queue_policy"": ""hybrid"", ""reservation_depth"": 64, ""workload"": ""sleep""}, ""2"": {""job_request_cores_per_task"": 14, ""job_request_gpus_per_task"": 0, ""job_request_nodes"": 1, ""job_request_ntasks_per_node"": 1, ""job_request_time"": ""30s"", ""match_policy"": ""first"", ""n_jobs"": 500, ""problem_class"": ""A"", ""queue_depth"": 32, ""queue_policy"": ""fcfs"", ""reservation_depth"": 64, ""workload"": ""sleep""}}}, ""system"": {""cpu_affinity"": true, ""flux_time_limit"": ""3m"", ""max_cores_per_node"": 112, ""max_gpus_per_node"": 0, ""queue"": ""pbatch"", ""slurm_time_limit"": ""00:03:00"", ""sys_nodes"": 1}}",5,dane/SO_M
a4125bc748,"{""config"": {""instance_level"": {""0"": {""match_policy"": ""first"", ""queue_depth"": 32, ""queue_policy"": ""fcfs"", ""reservation_depth"": 64}, ""1"": {""job_request_cores_per_task"": 14, ""job_request_gpus_per_task"": 0, ""job_request_nodes"": 1, ""job_request_ntasks_per_node"": 1, ""job_request_time"": ""30s"", ""match_policy"": ""first"", ""n_jobs"": 500, ""problem_class"": ""A"", ""queue_depth"": 32, ""queue_policy"": ""hybrid"", ""reservation_depth"": 64, ""workload"": ""sleep""}, ""2"": {""job_request_cores_per_task"": 14, ""job_request_gpus_per_task"": 0, ""job_request_nodes"": 1, ""job_request_ntasks_per_node"": 1, ""job_request_time"": ""30s"", ""match_policy"": ""first"", ""n_jobs"": 500, ""problem_class"": ""A"", ""queue_depth"": 32, ""queue_policy"": ""hybrid"", ""reservation_depth"": 64, ""workload"": ""sleep""}}}, ""system"": {""cpu_affinity"": true, ""flux_time_limit"": ""3m"", ""max_cores_per_node"": 112, ""max_gpus_per_node"": 0, ""queue"": ""pbatch"", ""slurm_time_limit"": ""00:03:00"", ""sys_nodes"": 1}}",1,dane/SO_M
a4125bc748,"{""config"": {""instance_level"": {""0"": {""match_policy"": ""first"", ""queue_depth"": 32, ""queue_policy"": ""fcfs"", ""reservation_depth"": 64}, ""1"": {""job_request_cores_per_task"": 14, ""job_request_gpus_per_task"": 0, ""job_request_nodes"": 1, ""job_request_ntasks_per_node"": 1, ""job_request_time"": ""30s"", ""match_policy"": ""first"", ""n_jobs"": 500, ""problem_class"": ""A"", ""queue_depth"": 32, ""queue_policy"": ""hybrid"", ""reservation_depth"": 64, ""workload"": ""sleep""}, ""2"": {""job_request_cores_per_task"": 14, ""job_request_gpus_per_task"": 0, ""job_request_nodes"": 1, ""job_request_ntasks_per_node"": 1, ""job_request_time"": ""30s"", ""match_policy"": ""first"", ""n_jobs"": 500, ""problem_class"": ""A"", ""queue_depth"": 32, ""queue_policy"": ""hybrid"", ""reservation_depth"": 64, ""workload"": ""sleep""}}}, ""system"": {""cpu_affinity"": true, ""flux_time_limit"": ""3m"", ""max_cores_per_node"": 112, ""max_gpus_per_node"": 0, ""queue"": ""pbatch"", ""slurm_time_limit"": ""00:03:00"", ""sys_nodes"": 1}}",2,dane/SO_M
a4125bc748,"{""config"": {""instance_level"": {""0"": {""match_policy"": ""first"", ""queue_depth"": 32, ""queue_policy"": ""fcfs"", ""reservation_depth"": 64}, ""1"": {""job_request_cores_per_task"": 14, ""job_request_gpus_per_task"": 0, ""job_request_nodes"": 1, ""job_request_ntasks_per_node"": 1, ""job_request_time"": ""30s"", ""match_policy"": ""first"", ""n_jobs"": 500, ""problem_class"": ""A"", ""queue_depth"": 32, ""queue_policy"": ""hybrid"", ""reservation_depth"": 64, ""workload"": ""sleep""}, ""2"": {""job_request_cores_per_task"": 14, ""job_request_gpus_per_task"": 0, ""job_request_nodes"": 1, ""job_request_ntasks_per_node"": 1, ""job_request_time"": ""30s"", ""match_policy"": ""first"", ""n_jobs"": 500, ""problem_class"": ""A"", ""queue_depth"": 32, ""queue_policy"": ""hybrid"", ""reservation_depth"": 64, ""workload"": ""sleep""}}}, ""system"": {""cpu_affinity"": true, ""flux_time_limit"": ""3m"", ""max_cores_per_node"": 112, ""max_gpus_per_node"": 0, ""queue"": ""pbatch"", ""slurm_time_limit"": ""00:03:00"", ""sys_nodes"": 1}}",3,dane/SO_M
a4125bc748,"{""config"": {""instance_level"": {""0"": {""match_policy"": ""first"", ""queue_depth"": 32, ""queue_policy"": ""fcfs"", ""reservation_depth"": 64}, ""1"": {""job_request_cores_per_task"": 14, ""job_request_gpus_per_task"": 0, ""job_request_nodes"": 1, ""job_request_ntasks_per_node"": 1, ""job_request_time"": ""30s"", ""match_policy"": ""first"", ""n_jobs"": 500, ""problem_class"": ""A"", ""queue_depth"": 32, ""queue_policy"": ""hybrid"", ""reservation_depth"": 64, ""workload"": ""sleep""}, ""2"": {""job_request_cores_per_task"": 14, ""job_request_gpus_per_task"": 0, ""job_request_nodes"": 1, ""job_request_ntasks_per_node"": 1, ""job_request_time"": ""30s"", ""match_policy"": ""first"", ""n_jobs"": 500, ""problem_class"": ""A"", ""queue_depth"": 32, ""queue_policy"": ""hybrid"", ""reservation_depth"": 64, ""workload"": ""sleep""}}}, ""system"": {""cpu_affinity"": true, ""flux_time_limit"": ""3m"", ""max_cores_per_node"": 112, ""max_gpus_per_node"": 0, ""queue"": ""pbatch"", ""slurm_time_limit"": ""00:03:00"", ""sys_nodes"": 1}}",4,dane/SO_M
a4125bc748,"{""config"": {""instance_level"": {""0"": {""match_policy"": ""first"", ""queue_depth"": 32, ""queue_policy"": ""fcfs"", ""reservation_depth"": 64}, ""1"": {""job_request_cores_per_task"": 14, ""job_request_gpus_per_task"": 0, ""job_request_nodes"": 1, ""job_request_ntasks_per_node"": 1, ""job_request_time"": ""30s"", ""match_policy"": ""first"", ""n_jobs"": 500, ""problem_class"": ""A"", ""queue_depth"": 32, ""queue_policy"": ""hybrid"", ""reservation_depth"": 64, ""workload"": ""sleep""}, ""2"": {""job_request_cores_per_task"": 14, ""job_request_gpus_per_task"": 0, ""job_request_nodes"": 1, ""job_request_ntasks_per_node"": 1, ""job_request_time"": ""30s"", ""match_policy"": ""first"", ""n_jobs"": 500, ""problem_class"": ""A"", ""queue_depth"": 32, ""queue_policy"": ""hybrid"", ""reservation_depth"": 64, ""workload"": ""sleep""}}}, ""system"": {""cpu_affinity"": true, ""flux_time_limit"": ""3m"", ""max_cores_per_node"": 112, ""max_gpus_per_node"": 0, ""queue"": ""pbatch"", ""slurm_time_limit"": ""00:03:00"", ""sys_nodes"": 1}}",5,dane/SO_M
ab1bd30149,"{""config"": {""instance_level"": {""0"": {""match_policy"": ""first"", ""queue_depth"": 32, ""queue_policy"": ""fcfs"", ""reservation_depth"": 64}, ""1"": {""job_request_cores_per_task"": 14, ""job_request_gpus_per_task"": 0, ""job_request_nodes"": 1, ""job_request_ntasks_per_node"": 1, ""job_request_time"": ""30s"", ""match_policy"": ""first"", ""n_jobs"": 500, ""problem_class"": ""A"", ""queue_depth"": 32, ""queue_policy"": ""hybrid"", ""reservation_depth"": 64, ""workload"": ""sleep""}, ""2"": {""job_request_cores_per_task"": 14, ""job_request_gpus_per_task"": 0, ""job_request_nodes"": 1, ""job_request_ntasks_per_node"": 1, ""job_request_time"": ""30s"", ""match_policy"": ""low"", ""n_jobs"": 500, ""problem_class"": ""A"", ""queue_depth"": 32, ""queue_policy"": ""fcfs"", ""reservation_depth"": 64, ""workload"": ""sleep""}}}, ""system"": {""cpu_affinity"": true, ""flux_time_limit"": ""3m"", ""max_cores_per_node"": 112, ""max_gpus_per_node"": 0, ""queue"": ""pbatch"", ""slurm_time_limit"": ""00:03:00"", ""sys_nodes"": 1}}",1,dane/SO_M
ab1bd30149,"{""config"": {""instance_level"": {""0"": {""match_policy"": ""first"", ""queue_depth"": 32, ""queue_policy"": ""fcfs"", ""reservation_depth"": 64}, ""1"": {""job_request_cores_per_task"": 14, ""job_request_gpus_per_task"": 0, ""job_request_nodes"": 1, ""job_request_ntasks_per_node"": 1, ""job_request_time"": ""30s"", ""match_policy"": ""first"", ""n_jobs"": 500, ""problem_class"": ""A"", ""queue_depth"": 32, ""queue_policy"": ""hybrid"", ""reservation_depth"": 64, ""workload"": ""sleep""}, ""2"": {""job_request_cores_per_task"": 14, ""job_request_gpus_per_task"": 0, ""job_request_nodes"": 1, ""job_request_ntasks_per_node"": 1, ""job_request_time"": ""30s"", ""match_policy"": ""low"", ""n_jobs"": 500, ""problem_class"": ""A"", ""queue_depth"": 32, ""queue_policy"": ""fcfs"", ""reservation_depth"": 64, ""workload"": ""sleep""}}}, ""system"": {""cpu_affinity"": true, ""flux_time_limit"": ""3m"", ""max_cores_per_node"": 112, ""max_gpus_per_node"": 0, ""queue"": ""pbatch"", ""slurm_time_limit"": ""00:03:00"", ""sys_nodes"": 1}}",2,dane/SO_M
ab1bd30149,"{""config"": {""instance_level"": {""0"": {""match_policy"": ""first"", ""queue_depth"": 32, ""queue_policy"": ""fcfs"", ""reservation_depth"": 64}, ""1"": {""job_request_cores_per_task"": 14, ""job_request_gpus_per_task"": 0, ""job_request_nodes"": 1, ""job_request_ntasks_per_node"": 1, ""job_request_time"": ""30s"", ""match_policy"": ""first"", ""n_jobs"": 500, ""problem_class"": ""A"", ""queue_depth"": 32, ""queue_policy"": ""hybrid"", ""reservation_depth"": 64, ""workload"": ""sleep""}, ""2"": {""job_request_cores_per_task"": 14, ""job_request_gpus_per_task"": 0, ""job_request_nodes"": 1, ""job_request_ntasks_per_node"": 1, ""job_request_time"": ""30s"", ""match_policy"": ""low"", ""n_jobs"": 500, ""problem_class"": ""A"", ""queue_depth"": 32, ""queue_policy"": ""fcfs"", ""reservation_depth"": 64, ""workload"": ""sleep""}}}, ""system"": {""cpu_affinity"": true, ""flux_time_limit"": ""3m"", ""max_cores_per_node"": 112, ""max_gpus_per_node"": 0, ""queue"": ""pbatch"", ""slurm_time_limit"": ""00:03:00"", ""sys_nodes"": 1}}",3,dane/SO_M
ab1bd30149,"{""config"": {""instance_level"": {""0"": {""match_policy"": ""first"", ""queue_depth"": 32, ""queue_policy"": ""fcfs"", ""reservation_depth"": 64}, ""1"": {""job_request_cores_per_task"": 14, ""job_request_gpus_per_task"": 0, ""job_request_nodes"": 1, ""job_request_ntasks_per_node"": 1, ""job_request_time"": ""30s"", ""match_policy"": ""first"", ""n_jobs"": 500, ""problem_class"": ""A"", ""queue_depth"": 32, ""queue_policy"": ""hybrid"", ""reservation_depth"": 64, ""workload"": ""sleep""}, ""2"": {""job_request_cores_per_task"": 14, ""job_request_gpus_per_task"": 0, ""job_request_nodes"": 1, ""job_request_ntasks_per_node"": 1, ""job_request_time"": ""30s"", ""match_policy"": ""low"", ""n_jobs"": 500, ""problem_class"": ""A"", ""queue_depth"": 32, ""queue_policy"": ""fcfs"", ""reservation_depth"": 64, ""workload"": ""sleep""}}}, ""system"": {""cpu_affinity"": true, ""flux_time_limit"": ""3m"", ""max_cores_per_node"": 112, ""max_gpus_per_node"": 0, ""queue"": ""pbatch"", ""slurm_time_limit"": ""00:03:00"", ""sys_nodes"": 1}}",4,dane/SO_M
ab1bd30149,"{""config"": {""instance_level"": {""0"": {""match_policy"": ""first"", ""queue_depth"": 32, ""queue_policy"": ""fcfs"", ""reservation_depth"": 64}, ""1"": {""job_request_cores_per_task"": 14, ""job_request_gpus_per_task"": 0, ""job_request_nodes"": 1, ""job_request_ntasks_per_node"": 1, ""job_request_time"": ""30s"", ""match_policy"": ""first"", ""n_jobs"": 500, ""problem_class"": ""A"", ""queue_depth"": 32, ""queue_policy"": ""hybrid"", ""reservation_depth"": 64, ""workload"": ""sleep""}, ""2"": {""job_request_cores_per_task"": 14, ""job_request_gpus_per_task"": 0, ""job_request_nodes"": 1, ""job_request_ntasks_per_node"": 1, ""job_request_time"": ""30s"", ""match_policy"": ""low"", ""n_jobs"": 500, ""problem_class"": ""A"", ""queue_depth"": 32, ""queue_policy"": ""fcfs"", ""reservation_depth"": 64, ""workload"": ""sleep""}}}, ""system"": {""cpu_affinity"": true, ""flux_time_limit"": ""3m"", ""max_cores_per_node"": 112, ""max_gpus_per_node"": 0, ""queue"": ""pbatch"", ""slurm_time_limit"": ""00:03:00"", ""sys_nodes"": 1}}",5,dane/SO_M
305f12f6c3,"{""config"": {""instance_level"": {""0"": {""match_policy"": ""first"", ""queue_depth"": 32, ""queue_policy"": ""fcfs"", ""reservation_depth"": 64}, ""1"": {""job_request_cores_per_task"": 14, ""job_request_gpus_per_task"": 0, ""job_request_nodes"": 1, ""job_request_ntasks_per_node"": 1, ""job_request_time"": ""30s"", ""match_policy"": ""first"", ""n_jobs"": 500, ""problem_class"": ""A"", ""queue_depth"": 32, ""queue_policy"": ""hybrid"", ""reservation_depth"": 64, ""workload"": ""sleep""}, ""2"": {""job_request_cores_per_task"": 14, ""job_request_gpus_per_task"": 0, ""job_request_nodes"": 1, ""job_request_ntasks_per_node"": 1, ""job_request_time"": ""30s"", ""match_policy"": ""low"", ""n_jobs"": 500, ""problem_class"": ""A"", ""queue_depth"": 32, ""queue_policy"": ""hybrid"", ""reservation_depth"": 64, ""workload"": ""sleep""}}}, ""system"": {""cpu_affinity"": true, ""flux_time_limit"": ""3m"", ""max_cores_per_node"": 112, ""max_gpus_per_node"": 0, ""queue"": ""pbatch"", ""slurm_time_limit"": ""00:03:00"", ""sys_nodes"": 1}}",1,dane/SO_M
305f12f6c3,"{""config"": {""instance_level"": {""0"": {""match_policy"": ""first"", ""queue_depth"": 32, ""queue_policy"": ""fcfs"", ""reservation_depth"": 64}, ""1"": {""job_request_cores_per_task"": 14, ""job_request_gpus_per_task"": 0, ""job_request_nodes"": 1, ""job_request_ntasks_per_node"": 1, ""job_request_time"": ""30s"", ""match_policy"": ""first"", ""n_jobs"": 500, ""problem_class"": ""A"", ""queue_depth"": 32, ""queue_policy"": ""hybrid"", ""reservation_depth"": 64, ""workload"": ""sleep""}, ""2"": {""job_request_cores_per_task"": 14, ""job_request_gpus_per_task"": 0, ""job_request_nodes"": 1, ""job_request_ntasks_per_node"": 1, ""job_request_time"": ""30s"", ""match_policy"": ""low"", ""n_jobs"": 500, ""problem_class"": ""A"", ""queue_depth"": 32, ""queue_policy"": ""hybrid"", ""reservation_depth"": 64, ""workload"": ""sleep""}}}, ""system"": {""cpu_affinity"": true, ""flux_time_limit"": ""3m"", ""max_cores_per_node"": 112, ""max_gpus_per_node"": 0, ""queue"": ""pbatch"", ""slurm_time_limit"": ""00:03:00"", ""sys_nodes"": 1}}",2,dane/SO_M
305f12f6c3,"{""config"": {""instance_level"": {""0"": {""match_policy"": ""first"", ""queue_depth"": 32, ""queue_policy"": ""fcfs"", ""reservation_depth"": 64}, ""1"": {""job_request_cores_per_task"": 14, ""job_request_gpus_per_task"": 0, ""job_request_nodes"": 1, ""job_request_ntasks_per_node"": 1, ""job_request_time"": ""30s"", ""match_policy"": ""first"", ""n_jobs"": 500, ""problem_class"": ""A"", ""queue_depth"": 32, ""queue_policy"": ""hybrid"", ""reservation_depth"": 64, ""workload"": ""sleep""}, ""2"": {""job_request_cores_per_task"": 14, ""job_request_gpus_per_task"": 0, ""job_request_nodes"": 1, ""job_request_ntasks_per_node"": 1, ""job_request_time"": ""30s"", ""match_policy"": ""low"", ""n_jobs"": 500, ""problem_class"": ""A"", ""queue_depth"": 32, ""queue_policy"": ""hybrid"", ""reservation_depth"": 64, ""workload"": ""sleep""}}}, ""system"": {""cpu_affinity"": true, ""flux_time_limit"": ""3m"", ""max_cores_per_node"": 112, ""max_gpus_per_node"": 0, ""queue"": ""pbatch"", ""slurm_time_limit"": ""00:03:00"", ""sys_nodes"": 1}}",3,dane/SO_M
305f12f6c3,"{""config"": {""instance_level"": {""0"": {""match_policy"": ""first"", ""queue_depth"": 32, ""queue_policy"": ""fcfs"", ""reservation_depth"": 64}, ""1"": {""job_request_cores_per_task"": 14, ""job_request_gpus_per_task"": 0, ""job_request_nodes"": 1, ""job_request_ntasks_per_node"": 1, ""job_request_time"": ""30s"", ""match_policy"": ""first"", ""n_jobs"": 500, ""problem_class"": ""A"", ""queue_depth"": 32, ""queue_policy"": ""hybrid"", ""reservation_depth"": 64, ""workload"": ""sleep""}, ""2"": {""job_request_cores_per_task"": 14, ""job_request_gpus_per_task"": 0, ""job_request_nodes"": 1, ""job_request_ntasks_per_node"": 1, ""job_request_time"": ""30s"", ""match_policy"": ""low"", ""n_jobs"": 500, ""problem_class"": ""A"", ""queue_depth"": 32, ""queue_policy"": ""hybrid"", ""reservation_depth"": 64, ""workload"": ""sleep""}}}, ""system"": {""cpu_affinity"": true, ""flux_time_limit"": ""3m"", ""max_cores_per_node"": 112, ""max_gpus_per_node"": 0, ""queue"": ""pbatch"", ""slurm_time_limit"": ""00:03:00"", ""sys_nodes"": 1}}",4,dane/SO_M
305f12f6c3,"{""config"": {""instance_level"": {""0"": {""match_policy"": ""first"", ""queue_depth"": 32, ""queue_policy"": ""fcfs"", ""reservation_depth"": 64}, ""1"": {""job_request_cores_per_task"": 14, ""job_request_gpus_per_task"": 0, ""job_request_nodes"": 1, ""job_request_ntasks_per_node"": 1, ""job_request_time"": ""30s"", ""match_policy"": ""first"", ""n_jobs"": 500, ""problem_class"": ""A"", ""queue_depth"": 32, ""queue_policy"": ""hybrid"", ""reservation_depth"": 64, ""workload"": ""sleep""}, ""2"": {""job_request_cores_per_task"": 14, ""job_request_gpus_per_task"": 0, ""job_request_nodes"": 1, ""job_request_ntasks_per_node"": 1, ""job_request_time"": ""30s"", ""match_policy"": ""low"", ""n_jobs"": 500, ""problem_class"": ""A"", ""queue_depth"": 32, ""queue_policy"": ""hybrid"", ""reservation_depth"": 64, ""workload"": ""sleep""}}}, ""system"": {""cpu_affinity"": true, ""flux_time_limit"": ""3m"", ""max_cores_per_node"": 112, ""max_gpus_per_node"": 0, ""queue"": ""pbatch"", ""slurm_time_limit"": ""00:03:00"", ""sys_nodes"": 1}}",5,dane/SO_M
91d0b28dcd,"{""config"": {""instance_level"": {""0"": {""match_policy"": ""first"", ""queue_depth"": 32, ""queue_policy"": ""fcfs"", ""reservation_depth"": 64}, ""1"": {""job_request_cores_per_task"": 1, ""job_request_gpus_per_task"": 0, ""job_request_nodes"": 1, ""job_request_ntasks_per_node"": 1, ""job_request_time"": ""30s"", ""match_policy"": ""low"", ""n_jobs"": 500, ""problem_class"": ""A"", ""queue_depth"": 32, ""queue_policy"": ""fcfs"", ""reservation_depth"": 64, ""workload"": ""sleep""}, ""2"": {""job_request_cores_per_task"": 1, ""job_request_gpus_per_task"": 0, ""job_request_nodes"": 1, ""job_request_ntasks_per_node"": 1, ""job_request_time"": ""30s"", ""match_policy"": ""first"", ""n_jobs"": 500, ""problem_class"": ""A"", ""queue_depth"": 32, ""queue_policy"": ""fcfs"", ""reservation_depth"": 64, ""workload"": ""sleep""}}}, ""system"": {""cpu_affinity"": true, ""flux_time_limit"": ""3m"", ""max_cores_per_node"": 112, ""max_gpus_per_node"": 0, ""queue"": ""pbatch"", ""slurm_time_limit"": ""00:03:00"", ""sys_nodes"": 1}}",1,dane/SO_M
91d0b28dcd,"{""config"": {""instance_level"": {""0"": {""match_policy"": ""first"", ""queue_depth"": 32, ""queue_policy"": ""fcfs"", ""reservation_depth"": 64}, ""1"": {""job_request_cores_per_task"": 1, ""job_request_gpus_per_task"": 0, ""job_request_nodes"": 1, ""job_request_ntasks_per_node"": 1, ""job_request_time"": ""30s"", ""match_policy"": ""low"", ""n_jobs"": 500, ""problem_class"": ""A"", ""queue_depth"": 32, ""queue_policy"": ""fcfs"", ""reservation_depth"": 64, ""workload"": ""sleep""}, ""2"": {""job_request_cores_per_task"": 1, ""job_request_gpus_per_task"": 0, ""job_request_nodes"": 1, ""job_request_ntasks_per_node"": 1, ""job_request_time"": ""30s"", ""match_policy"": ""first"", ""n_jobs"": 500, ""problem_class"": ""A"", ""queue_depth"": 32, ""queue_policy"": ""fcfs"", ""reservation_depth"": 64, ""workload"": ""sleep""}}}, ""system"": {""cpu_affinity"": true, ""flux_time_limit"": ""3m"", ""max_cores_per_node"": 112, ""max_gpus_per_node"": 0, ""queue"": ""pbatch"", ""slurm_time_limit"": ""00:03:00"", ""sys_nodes"": 1}}",2,dane/SO_M
91d0b28dcd,"{""config"": {""instance_level"": {""0"": {""match_policy"": ""first"", ""queue_depth"": 32, ""queue_policy"": ""fcfs"", ""reservation_depth"": 64}, ""1"": {""job_request_cores_per_task"": 1, ""job_request_gpus_per_task"": 0, ""job_request_nodes"": 1, ""job_request_ntasks_per_node"": 1, ""job_request_time"": ""30s"", ""match_policy"": ""low"", ""n_jobs"": 500, ""problem_class"": ""A"", ""queue_depth"": 32, ""queue_policy"": ""fcfs"", ""reservation_depth"": 64, ""workload"": ""sleep""}, ""2"": {""job_request_cores_per_task"": 1, ""job_request_gpus_per_task"": 0, ""job_request_nodes"": 1, ""job_request_ntasks_per_node"": 1, ""job_request_time"": ""30s"", ""match_policy"": ""first"", ""n_jobs"": 500, ""problem_class"": ""A"", ""queue_depth"": 32, ""queue_policy"": ""fcfs"", ""reservation_depth"": 64, ""workload"": ""sleep""}}}, ""system"": {""cpu_affinity"": true, ""flux_time_limit"": ""3m"", ""max_cores_per_node"": 112, ""max_gpus_per_node"": 0, ""queue"": ""pbatch"", ""slurm_time_limit"": ""00:03:00"", ""sys_nodes"": 1}}",3,dane/SO_M
91d0b28dcd,"{""config"": {""instance_level"": {""0"": {""match_policy"": ""first"", ""queue_depth"": 32, ""queue_policy"": ""fcfs"", ""reservation_depth"": 64}, ""1"": {""job_request_cores_per_task"": 1, ""job_request_gpus_per_task"": 0, ""job_request_nodes"": 1, ""job_request_ntasks_per_node"": 1, ""job_request_time"": ""30s"", ""match_policy"": ""low"", ""n_jobs"": 500, ""problem_class"": ""A"", ""queue_depth"": 32, ""queue_policy"": ""fcfs"", ""reservation_depth"": 64, ""workload"": ""sleep""}, ""2"": {""job_request_cores_per_task"": 1, ""job_request_gpus_per_task"": 0, ""job_request_nodes"": 1, ""job_request_ntasks_per_node"": 1, ""job_request_time"": ""30s"", ""match_policy"": ""first"", ""n_jobs"": 500, ""problem_class"": ""A"", ""queue_depth"": 32, ""queue_policy"": ""fcfs"", ""reservation_depth"": 64, ""workload"": ""sleep""}}}, ""system"": {""cpu_affinity"": true, ""flux_time_limit"": ""3m"", ""max_cores_per_node"": 112, ""max_gpus_per_node"": 0, ""queue"": ""pbatch"", ""slurm_time_limit"": ""00:03:00"", ""sys_nodes"": 1}}",4,dane/SO_M
91d0b28dcd,"{""config"": {""instance_level"": {""0"": {""match_policy"": ""first"", ""queue_depth"": 32, ""queue_policy"": ""fcfs"", ""reservation_depth"": 64}, ""1"": {""job_request_cores_per_task"": 1, ""job_request_gpus_per_task"": 0, ""job_request_nodes"": 1, ""job_request_ntasks_per_node"": 1, ""job_request_time"": ""30s"", ""match_policy"": ""low"", ""n_jobs"": 500, ""problem_class"": ""A"", ""queue_depth"": 32, ""queue_policy"": ""fcfs"", ""reservation_depth"": 64, ""workload"": ""sleep""}, ""2"": {""job_request_cores_per_task"": 1, ""job_request_gpus_per_task"": 0, ""job_request_nodes"": 1, ""job_request_ntasks_per_node"": 1, ""job_request_time"": ""30s"", ""match_policy"": ""first"", ""n_jobs"": 500, ""problem_class"": ""A"", ""queue_depth"": 32, ""queue_policy"": ""fcfs"", ""reservation_depth"": 64, ""workload"": ""sleep""}}}, ""system"": {""cpu_affinity"": true, ""flux_time_limit"": ""3m"", ""max_cores_per_node"": 112, ""max_gpus_per_node"": 0, ""queue"": ""pbatch"", ""slurm_time_limit"": ""00:03:00"", ""sys_nodes"": 1}}",5,dane/SO_M
12a49919fb,"{""config"": {""instance_level"": {""0"": {""match_policy"": ""first"", ""queue_depth"": 32, ""queue_policy"": ""fcfs"", ""reservation_depth"": 64}, ""1"": {""job_request_cores_per_task"": 1, ""job_request_gpus_per_task"": 0, ""job_request_nodes"": 1, ""job_request_ntasks_per_node"": 1, ""job_request_time"": ""30s"", ""match_policy"": ""low"", ""n_jobs"": 500, ""problem_class"": ""A"", ""queue_depth"": 32, ""queue_policy"": ""fcfs"", ""reservation_depth"": 64, ""workload"": ""sleep""}, ""2"": {""job_request_cores_per_task"": 1, ""job_request_gpus_per_task"": 0, ""job_request_nodes"": 1, ""job_request_ntasks_per_node"": 1, ""job_request_time"": ""30s"", ""match_policy"": ""first"", ""n_jobs"": 500, ""problem_class"": ""A"", ""queue_depth"": 32, ""queue_policy"": ""hybrid"", ""reservation_depth"": 64, ""workload"": ""sleep""}}}, ""system"": {""cpu_affinity"": true, ""flux_time_limit"": ""3m"", ""max_cores_per_node"": 112, ""max_gpus_per_node"": 0, ""queue"": ""pbatch"", ""slurm_time_limit"": ""00:03:00"", ""sys_nodes"": 1}}",1,dane/SO_M
12a49919fb,"{""config"": {""instance_level"": {""0"": {""match_policy"": ""first"", ""queue_depth"": 32, ""queue_policy"": ""fcfs"", ""reservation_depth"": 64}, ""1"": {""job_request_cores_per_task"": 1, ""job_request_gpus_per_task"": 0, ""job_request_nodes"": 1, ""job_request_ntasks_per_node"": 1, ""job_request_time"": ""30s"", ""match_policy"": ""low"", ""n_jobs"": 500, ""problem_class"": ""A"", ""queue_depth"": 32, ""queue_policy"": ""fcfs"", ""reservation_depth"": 64, ""workload"": ""sleep""}, ""2"": {""job_request_cores_per_task"": 1, ""job_request_gpus_per_task"": 0, ""job_request_nodes"": 1, ""job_request_ntasks_per_node"": 1, ""job_request_time"": ""30s"", ""match_policy"": ""first"", ""n_jobs"": 500, ""problem_class"": ""A"", ""queue_depth"": 32, ""queue_policy"": ""hybrid"", ""reservation_depth"": 64, ""workload"": ""sleep""}}}, ""system"": {""cpu_affinity"": true, ""flux_time_limit"": ""3m"", ""max_cores_per_node"": 112, ""max_gpus_per_node"": 0, ""queue"": ""pbatch"", ""slurm_time_limit"": ""00:03:00"", ""sys_nodes"": 1}}",2,dane/SO_M
12a49919fb,"{""config"": {""instance_level"": {""0"": {""match_policy"": ""first"", ""queue_depth"": 32, ""queue_policy"": ""fcfs"", ""reservation_depth"": 64}, ""1"": {""job_request_cores_per_task"": 1, ""job_request_gpus_per_task"": 0, ""job_request_nodes"": 1, ""job_request_ntasks_per_node"": 1, ""job_request_time"": ""30s"", ""match_policy"": ""low"", ""n_jobs"": 500, ""problem_class"": ""A"", ""queue_depth"": 32, ""queue_policy"": ""fcfs"", ""reservation_depth"": 64, ""workload"": ""sleep""}, ""2"": {""job_request_cores_per_task"": 1, ""job_request_gpus_per_task"": 0, ""job_request_nodes"": 1, ""job_request_ntasks_per_node"": 1, ""job_request_time"": ""30s"", ""match_policy"": ""first"", ""n_jobs"": 500, ""problem_class"": ""A"", ""queue_depth"": 32, ""queue_policy"": ""hybrid"", ""reservation_depth"": 64, ""workload"": ""sleep""}}}, ""system"": {""cpu_affinity"": true, ""flux_time_limit"": ""3m"", ""max_cores_per_node"": 112, ""max_gpus_per_node"": 0, ""queue"": ""pbatch"", ""slurm_time_limit"": ""00:03:00"", ""sys_nodes"": 1}}",3,dane/SO_M
12a49919fb,"{""config"": {""instance_level"": {""0"": {""match_policy"": ""first"", ""queue_depth"": 32, ""queue_policy"": ""fcfs"", ""reservation_depth"": 64}, ""1"": {""job_request_cores_per_task"": 1, ""job_request_gpus_per_task"": 0, ""job_request_nodes"": 1, ""job_request_ntasks_per_node"": 1, ""job_request_time"": ""30s"", ""match_policy"": ""low"", ""n_jobs"": 500, ""problem_class"": ""A"", ""queue_depth"": 32, ""queue_policy"": ""fcfs"", ""reservation_depth"": 64, ""workload"": ""sleep""}, ""2"": {""job_request_cores_per_task"": 1, ""job_request_gpus_per_task"": 0, ""job_request_nodes"": 1, ""job_request_ntasks_per_node"": 1, ""job_request_time"": ""30s"", ""match_policy"": ""first"", ""n_jobs"": 500, ""problem_class"": ""A"", ""queue_depth"": 32, ""queue_policy"": ""hybrid"", ""reservation_depth"": 64, ""workload"": ""sleep""}}}, ""system"": {""cpu_affinity"": true, ""flux_time_limit"": ""3m"", ""max_cores_per_node"": 112, ""max_gpus_per_node"": 0, ""queue"": ""pbatch"", ""slurm_time_limit"": ""00:03:00"", ""sys_nodes"": 1}}",4,dane/SO_M
12a49919fb,"{""config"": {""instance_level"": {""0"": {""match_policy"": ""first"", ""queue_depth"": 32, ""queue_policy"": ""fcfs"", ""reservation_depth"": 64}, ""1"": {""job_request_cores_per_task"": 1, ""job_request_gpus_per_task"": 0, ""job_request_nodes"": 1, ""job_request_ntasks_per_node"": 1, ""job_request_time"": ""30s"", ""match_policy"": ""low"", ""n_jobs"": 500, ""problem_class"": ""A"", ""queue_depth"": 32, ""queue_policy"": ""fcfs"", ""reservation_depth"": 64, ""workload"": ""sleep""}, ""2"": {""job_request_cores_per_task"": 1, ""job_request_gpus_per_task"": 0, ""job_request_nodes"": 1, ""job_request_ntasks_per_node"": 1, ""job_request_time"": ""30s"", ""match_policy"": ""first"", ""n_jobs"": 500, ""problem_class"": ""A"", ""queue_depth"": 32, ""queue_policy"": ""hybrid"", ""reservation_depth"": 64, ""workload"": ""sleep""}}}, ""system"": {""cpu_affinity"": true, ""flux_time_limit"": ""3m"", ""max_cores_per_node"": 112, ""max_gpus_per_node"": 0, ""queue"": ""pbatch"", ""slurm_time_limit"": ""00:03:00"", ""sys_nodes"": 1}}",5,dane/SO_M
115491e53d,"{""config"": {""instance_level"": {""0"": {""match_policy"": ""first"", ""queue_depth"": 32, ""queue_policy"": ""fcfs"", ""reservation_depth"": 64}, ""1"": {""job_request_cores_per_task"": 1, ""job_request_gpus_per_task"": 0, ""job_request_nodes"": 1, ""job_request_ntasks_per_node"": 1, ""job_request_time"": ""30s"", ""match_policy"": ""low"", ""n_jobs"": 500, ""problem_class"": ""A"", ""queue_depth"": 32, ""queue_policy"": ""fcfs"", ""reservation_depth"": 64, ""workload"": ""sleep""}, ""2"": {""job_request_cores_per_task"": 1, ""job_request_gpus_per_task"": 0, ""job_request_nodes"": 1, ""job_request_ntasks_per_node"": 1, ""job_request_time"": ""30s"", ""match_policy"": ""low"", ""n_jobs"": 500, ""problem_class"": ""A"", ""queue_depth"": 32, ""queue_policy"": ""fcfs"", ""reservation_depth"": 64, ""workload"": ""sleep""}}}, ""system"": {""cpu_affinity"": true, ""flux_time_limit"": ""3m"", ""max_cores_per_node"": 112, ""max_gpus_per_node"": 0, ""queue"": ""pbatch"", ""slurm_time_limit"": ""00:03:00"", ""sys_nodes"": 1}}",1,dane/SO_M
115491e53d,"{""config"": {""instance_level"": {""0"": {""match_policy"": ""first"", ""queue_depth"": 32, ""queue_policy"": ""fcfs"", ""reservation_depth"": 64}, ""1"": {""job_request_cores_per_task"": 1, ""job_request_gpus_per_task"": 0, ""job_request_nodes"": 1, ""job_request_ntasks_per_node"": 1, ""job_request_time"": ""30s"", ""match_policy"": ""low"", ""n_jobs"": 500, ""problem_class"": ""A"", ""queue_depth"": 32, ""queue_policy"": ""fcfs"", ""reservation_depth"": 64, ""workload"": ""sleep""}, ""2"": {""job_request_cores_per_task"": 1, ""job_request_gpus_per_task"": 0, ""job_request_nodes"": 1, ""job_request_ntasks_per_node"": 1, ""job_request_time"": ""30s"", ""match_policy"": ""low"", ""n_jobs"": 500, ""problem_class"": ""A"", ""queue_depth"": 32, ""queue_policy"": ""fcfs"", ""reservation_depth"": 64, ""workload"": ""sleep""}}}, ""system"": {""cpu_affinity"": true, ""flux_time_limit"": ""3m"", ""max_cores_per_node"": 112, ""max_gpus_per_node"": 0, ""queue"": ""pbatch"", ""slurm_time_limit"": ""00:03:00"", ""sys_nodes"": 1}}",2,dane/SO_M
115491e53d,"{""config"": {""instance_level"": {""0"": {""match_policy"": ""first"", ""queue_depth"": 32, ""queue_policy"": ""fcfs"", ""reservation_depth"": 64}, ""1"": {""job_request_cores_per_task"": 1, ""job_request_gpus_per_task"": 0, ""job_request_nodes"": 1, ""job_request_ntasks_per_node"": 1, ""job_request_time"": ""30s"", ""match_policy"": ""low"", ""n_jobs"": 500, ""problem_class"": ""A"", ""queue_depth"": 32, ""queue_policy"": ""fcfs"", ""reservation_depth"": 64, ""workload"": ""sleep""}, ""2"": {""job_request_cores_per_task"": 1, ""job_request_gpus_per_task"": 0, ""job_request_nodes"": 1, ""job_request_ntasks_per_node"": 1, ""job_request_time"": ""30s"", ""match_policy"": ""low"", ""n_jobs"": 500, ""problem_class"": ""A"", ""queue_depth"": 32, ""queue_policy"": ""fcfs"", ""reservation_depth"": 64, ""workload"": ""sleep""}}}, ""system"": {""cpu_affinity"": true, ""flux_time_limit"": ""3m"", ""max_cores_per_node"": 112, ""max_gpus_per_node"": 0, ""queue"": ""pbatch"", ""slurm_time_limit"": ""00:03:00"", ""sys_nodes"": 1}}",3,dane/SO_M
115491e53d,"{""config"": {""instance_level"": {""0"": {""match_policy"": ""first"", ""queue_depth"": 32, ""queue_policy"": ""fcfs"", ""reservation_depth"": 64}, ""1"": {""job_request_cores_per_task"": 1, ""job_request_gpus_per_task"": 0, ""job_request_nodes"": 1, ""job_request_ntasks_per_node"": 1, ""job_request_time"": ""30s"", ""match_policy"": ""low"", ""n_jobs"": 500, ""problem_class"": ""A"", ""queue_depth"": 32, ""queue_policy"": ""fcfs"", ""reservation_depth"": 64, ""workload"": ""sleep""}, ""2"": {""job_request_cores_per_task"": 1, ""job_request_gpus_per_task"": 0, ""job_request_nodes"": 1, ""job_request_ntasks_per_node"": 1, ""job_request_time"": ""30s"", ""match_policy"": ""low"", ""n_jobs"": 500, ""problem_class"": ""A"", ""queue_depth"": 32, ""queue_policy"": ""fcfs"", ""reservation_depth"": 64, ""workload"": ""sleep""}}}, ""system"": {""cpu_affinity"": true, ""flux_time_limit"": ""3m"", ""max_cores_per_node"": 112, ""max_gpus_per_node"": 0, ""queue"": ""pbatch"", ""slurm_time_limit"": ""00:03:00"", ""sys_nodes"": 1}}",4,dane/SO_M
115491e53d,"{""config"": {""instance_level"": {""0"": {""match_policy"": ""first"", ""queue_depth"": 32, ""queue_policy"": ""fcfs"", ""reservation_depth"": 64}, ""1"": {""job_request_cores_per_task"": 1, ""job_request_gpus_per_task"": 0, ""job_request_nodes"": 1, ""job_request_ntasks_per_node"": 1, ""job_request_time"": ""30s"", ""match_policy"": ""low"", ""n_jobs"": 500, ""problem_class"": ""A"", ""queue_depth"": 32, ""queue_policy"": ""fcfs"", ""reservation_depth"": 64, ""workload"": ""sleep""}, ""2"": {""job_request_cores_per_task"": 1, ""job_request_gpus_per_task"": 0, ""job_request_nodes"": 1, ""job_request_ntasks_per_node"": 1, ""job_request_time"": ""30s"", ""match_policy"": ""low"", ""n_jobs"": 500, ""problem_class"": ""A"", ""queue_depth"": 32, ""queue_policy"": ""fcfs"", ""reservation_depth"": 64, ""workload"": ""sleep""}}}, ""system"": {""cpu_affinity"": true, ""flux_time_limit"": ""3m"", ""max_cores_per_node"": 112, ""max_gpus_per_node"": 0, ""queue"": ""pbatch"", ""slurm_time_limit"": ""00:03:00"", ""sys_nodes"": 1}}",5,dane/SO_M
9372d2b441,"{""config"": {""instance_level"": {""0"": {""match_policy"": ""first"", ""queue_depth"": 32, ""queue_policy"": ""fcfs"", ""reservation_depth"": 64}, ""1"": {""job_request_cores_per_task"": 1, ""job_request_gpus_per_task"": 0, ""job_request_nodes"": 1, ""job_request_ntasks_per_node"": 1, ""job_request_time"": ""30s"", ""match_policy"": ""low"", ""n_jobs"": 500, ""problem_class"": ""A"", ""queue_depth"": 32, ""queue_policy"": ""fcfs"", ""reservation_depth"": 64, ""workload"": ""sleep""}, ""2"": {""job_request_cores_per_task"": 1, ""job_request_gpus_per_task"": 0, ""job_request_nodes"": 1, ""job_request_ntasks_per_node"": 1, ""job_request_time"": ""30s"", ""match_policy"": ""low"", ""n_jobs"": 500, ""problem_class"": ""A"", ""queue_depth"": 32, ""queue_policy"": ""hybrid"", ""reservation_depth"": 64, ""workload"": ""sleep""}}}, ""system"": {""cpu_affinity"": true, ""flux_time_limit"": ""3m"", ""max_cores_per_node"": 112, ""max_gpus_per_node"": 0, ""queue"": ""pbatch"", ""slurm_time_limit"": ""00:03:00"", ""sys_nodes"": 1}}",1,dane/SO_M
9372d2b441,"{""config"": {""instance_level"": {""0"": {""match_policy"": ""first"", ""queue_depth"": 32, ""queue_policy"": ""fcfs"", ""reservation_depth"": 64}, ""1"": {""job_request_cores_per_task"": 1, ""job_request_gpus_per_task"": 0, ""job_request_nodes"": 1, ""job_request_ntasks_per_node"": 1, ""job_request_time"": ""30s"", ""match_policy"": ""low"", ""n_jobs"": 500, ""problem_class"": ""A"", ""queue_depth"": 32, ""queue_policy"": ""fcfs"", ""reservation_depth"": 64, ""workload"": ""sleep""}, ""2"": {""job_request_cores_per_task"": 1, ""job_request_gpus_per_task"": 0, ""job_request_nodes"": 1, ""job_request_ntasks_per_node"": 1, ""job_request_time"": ""30s"", ""match_policy"": ""low"", ""n_jobs"": 500, ""problem_class"": ""A"", ""queue_depth"": 32, ""queue_policy"": ""hybrid"", ""reservation_depth"": 64, ""workload"": ""sleep""}}}, ""system"": {""cpu_affinity"": true, ""flux_time_limit"": ""3m"", ""max_cores_per_node"": 112, ""max_gpus_per_node"": 0, ""queue"": ""pbatch"", ""slurm_time_limit"": ""00:03:00"", ""sys_nodes"": 1}}",2,dane/SO_M
9372d2b441,"{""config"": {""instance_level"": {""0"": {""match_policy"": ""first"", ""queue_depth"": 32, ""queue_policy"": ""fcfs"", ""reservation_depth"": 64}, ""1"": {""job_request_cores_per_task"": 1, ""job_request_gpus_per_task"": 0, ""job_request_nodes"": 1, ""job_request_ntasks_per_node"": 1, ""job_request_time"": ""30s"", ""match_policy"": ""low"", ""n_jobs"": 500, ""problem_class"": ""A"", ""queue_depth"": 32, ""queue_policy"": ""fcfs"", ""reservation_depth"": 64, ""workload"": ""sleep""}, ""2"": {""job_request_cores_per_task"": 1, ""job_request_gpus_per_task"": 0, ""job_request_nodes"": 1, ""job_request_ntasks_per_node"": 1, ""job_request_time"": ""30s"", ""match_policy"": ""low"", ""n_jobs"": 500, ""problem_class"": ""A"", ""queue_depth"": 32, ""queue_policy"": ""hybrid"", ""reservation_depth"": 64, ""workload"": ""sleep""}}}, ""system"": {""cpu_affinity"": true, ""flux_time_limit"": ""3m"", ""max_cores_per_node"": 112, ""max_gpus_per_node"": 0, ""queue"": ""pbatch"", ""slurm_time_limit"": ""00:03:00"", ""sys_nodes"": 1}}",3,dane/SO_M
9372d2b441,"{""config"": {""instance_level"": {""0"": {""match_policy"": ""first"", ""queue_depth"": 32, ""queue_policy"": ""fcfs"", ""reservation_depth"": 64}, ""1"": {""job_request_cores_per_task"": 1, ""job_request_gpus_per_task"": 0, ""job_request_nodes"": 1, ""job_request_ntasks_per_node"": 1, ""job_request_time"": ""30s"", ""match_policy"": ""low"", ""n_jobs"": 500, ""problem_class"": ""A"", ""queue_depth"": 32, ""queue_policy"": ""fcfs"", ""reservation_depth"": 64, ""workload"": ""sleep""}, ""2"": {""job_request_cores_per_task"": 1, ""job_request_gpus_per_task"": 0, ""job_request_nodes"": 1, ""job_request_ntasks_per_node"": 1, ""job_request_time"": ""30s"", ""match_policy"": ""low"", ""n_jobs"": 500, ""problem_class"": ""A"", ""queue_depth"": 32, ""queue_policy"": ""hybrid"", ""reservation_depth"": 64, ""workload"": ""sleep""}}}, ""system"": {""cpu_affinity"": true, ""flux_time_limit"": ""3m"", ""max_cores_per_node"": 112, ""max_gpus_per_node"": 0, ""queue"": ""pbatch"", ""slurm_time_limit"": ""00:03:00"", ""sys_nodes"": 1}}",4,dane/SO_M
9372d2b441,"{""config"": {""instance_level"": {""0"": {""match_policy"": ""first"", ""queue_depth"": 32, ""queue_policy"": ""fcfs"", ""reservation_depth"": 64}, ""1"": {""job_request_cores_per_task"": 1, ""job_request_gpus_per_task"": 0, ""job_request_nodes"": 1, ""job_request_ntasks_per_node"": 1, ""job_request_time"": ""30s"", ""match_policy"": ""low"", ""n_jobs"": 500, ""problem_class"": ""A"", ""queue_depth"": 32, ""queue_policy"": ""fcfs"", ""reservation_depth"": 64, ""workload"": ""sleep""}, ""2"": {""job_request_cores_per_task"": 1, ""job_request_gpus_per_task"": 0, ""job_request_nodes"": 1, ""job_request_ntasks_per_node"": 1, ""job_request_time"": ""30s"", ""match_policy"": ""low"", ""n_jobs"": 500, ""problem_class"": ""A"", ""queue_depth"": 32, ""queue_policy"": ""hybrid"", ""reservation_depth"": 64, ""workload"": ""sleep""}}}, ""system"": {""cpu_affinity"": true, ""flux_time_limit"": ""3m"", ""max_cores_per_node"": 112, ""max_gpus_per_node"": 0, ""queue"": ""pbatch"", ""slurm_time_limit"": ""00:03:00"", ""sys_nodes"": 1}}",5,dane/SO_M
5b608b2ffd,"{""config"": {""instance_level"": {""0"": {""match_policy"": ""first"", ""queue_depth"": 32, ""queue_policy"": ""fcfs"", ""reservation_depth"": 64}, ""1"": {""job_request_cores_per_task"": 14, ""job_request_gpus_per_task"": 0, ""job_request_nodes"": 1, ""job_request_ntasks_per_node"": 1, ""job_request_time"": ""30s"", ""match_policy"": ""low"", ""n_jobs"": 500, ""problem_class"": ""A"", ""queue_depth"": 32, ""queue_policy"": ""fcfs"", ""reservation_depth"": 64, ""workload"": ""sleep""}, ""2"": {""job_request_cores_per_task"": 14, ""job_request_gpus_per_task"": 0, ""job_request_nodes"": 1, ""job_request_ntasks_per_node"": 1, ""job_request_time"": ""30s"", ""match_policy"": ""first"", ""n_jobs"": 500, ""problem_class"": ""A"", ""queue_depth"": 32, ""queue_policy"": ""fcfs"", ""reservation_depth"": 64, ""workload"": ""sleep""}}}, ""system"": {""cpu_affinity"": true, ""flux_time_limit"": ""3m"", ""max_cores_per_node"": 112, ""max_gpus_per_node"": 0, ""queue"": ""pbatch"", ""slurm_time_limit"": ""00:03:00"", ""sys_nodes"": 1}}",1,dane/SO_M
5b608b2ffd,"{""config"": {""instance_level"": {""0"": {""match_policy"": ""first"", ""queue_depth"": 32, ""queue_policy"": ""fcfs"", ""reservation_depth"": 64}, ""1"": {""job_request_cores_per_task"": 14, ""job_request_gpus_per_task"": 0, ""job_request_nodes"": 1, ""job_request_ntasks_per_node"": 1, ""job_request_time"": ""30s"", ""match_policy"": ""low"", ""n_jobs"": 500, ""problem_class"": ""A"", ""queue_depth"": 32, ""queue_policy"": ""fcfs"", ""reservation_depth"": 64, ""workload"": ""sleep""}, ""2"": {""job_request_cores_per_task"": 14, ""job_request_gpus_per_task"": 0, ""job_request_nodes"": 1, ""job_request_ntasks_per_node"": 1, ""job_request_time"": ""30s"", ""match_policy"": ""first"", ""n_jobs"": 500, ""problem_class"": ""A"", ""queue_depth"": 32, ""queue_policy"": ""fcfs"", ""reservation_depth"": 64, ""workload"": ""sleep""}}}, ""system"": {""cpu_affinity"": true, ""flux_time_limit"": ""3m"", ""max_cores_per_node"": 112, ""max_gpus_per_node"": 0, ""queue"": ""pbatch"", ""slurm_time_limit"": ""00:03:00"", ""sys_nodes"": 1}}",2,dane/SO_M
5b608b2ffd,"{""config"": {""instance_level"": {""0"": {""match_policy"": ""first"", ""queue_depth"": 32, ""queue_policy"": ""fcfs"", ""reservation_depth"": 64}, ""1"": {""job_request_cores_per_task"": 14, ""job_request_gpus_per_task"": 0, ""job_request_nodes"": 1, ""job_request_ntasks_per_node"": 1, ""job_request_time"": ""30s"", ""match_policy"": ""low"", ""n_jobs"": 500, ""problem_class"": ""A"", ""queue_depth"": 32, ""queue_policy"": ""fcfs"", ""reservation_depth"": 64, ""workload"": ""sleep""}, ""2"": {""job_request_cores_per_task"": 14, ""job_request_gpus_per_task"": 0, ""job_request_nodes"": 1, ""job_request_ntasks_per_node"": 1, ""job_request_time"": ""30s"", ""match_policy"": ""first"", ""n_jobs"": 500, ""problem_class"": ""A"", ""queue_depth"": 32, ""queue_policy"": ""fcfs"", ""reservation_depth"": 64, ""workload"": ""sleep""}}}, ""system"": {""cpu_affinity"": true, ""flux_time_limit"": ""3m"", ""max_cores_per_node"": 112, ""max_gpus_per_node"": 0, ""queue"": ""pbatch"", ""slurm_time_limit"": ""00:03:00"", ""sys_nodes"": 1}}",3,dane/SO_M
5b608b2ffd,"{""config"": {""instance_level"": {""0"": {""match_policy"": ""first"", ""queue_depth"": 32, ""queue_policy"": ""fcfs"", ""reservation_depth"": 64}, ""1"": {""job_request_cores_per_task"": 14, ""job_request_gpus_per_task"": 0, ""job_request_nodes"": 1, ""job_request_ntasks_per_node"": 1, ""job_request_time"": ""30s"", ""match_policy"": ""low"", ""n_jobs"": 500, ""problem_class"": ""A"", ""queue_depth"": 32, ""queue_policy"": ""fcfs"", ""reservation_depth"": 64, ""workload"": ""sleep""}, ""2"": {""job_request_cores_per_task"": 14, ""job_request_gpus_per_task"": 0, ""job_request_nodes"": 1, ""job_request_ntasks_per_node"": 1, ""job_request_time"": ""30s"", ""match_policy"": ""first"", ""n_jobs"": 500, ""problem_class"": ""A"", ""queue_depth"": 32, ""queue_policy"": ""fcfs"", ""reservation_depth"": 64, ""workload"": ""sleep""}}}, ""system"": {""cpu_affinity"": true, ""flux_time_limit"": ""3m"", ""max_cores_per_node"": 112, ""max_gpus_per_node"": 0, ""queue"": ""pbatch"", ""slurm_time_limit"": ""00:03:00"", ""sys_nodes"": 1}}",4,dane/SO_M
5b608b2ffd,"{""config"": {""instance_level"": {""0"": {""match_policy"": ""first"", ""queue_depth"": 32, ""queue_policy"": ""fcfs"", ""reservation_depth"": 64}, ""1"": {""job_request_cores_per_task"": 14, ""job_request_gpus_per_task"": 0, ""job_request_nodes"": 1, ""job_request_ntasks_per_node"": 1, ""job_request_time"": ""30s"", ""match_policy"": ""low"", ""n_jobs"": 500, ""problem_class"": ""A"", ""queue_depth"": 32, ""queue_policy"": ""fcfs"", ""reservation_depth"": 64, ""workload"": ""sleep""}, ""2"": {""job_request_cores_per_task"": 14, ""job_request_gpus_per_task"": 0, ""job_request_nodes"": 1, ""job_request_ntasks_per_node"": 1, ""job_request_time"": ""30s"", ""match_policy"": ""first"", ""n_jobs"": 500, ""problem_class"": ""A"", ""queue_depth"": 32, ""queue_policy"": ""fcfs"", ""reservation_depth"": 64, ""workload"": ""sleep""}}}, ""system"": {""cpu_affinity"": true, ""flux_time_limit"": ""3m"", ""max_cores_per_node"": 112, ""max_gpus_per_node"": 0, ""queue"": ""pbatch"", ""slurm_time_limit"": ""00:03:00"", ""sys_nodes"": 1}}",5,dane/SO_M
605edd5862,"{""config"": {""instance_level"": {""0"": {""match_policy"": ""first"", ""queue_depth"": 32, ""queue_policy"": ""fcfs"", ""reservation_depth"": 64}, ""1"": {""job_request_cores_per_task"": 14, ""job_request_gpus_per_task"": 0, ""job_request_nodes"": 1, ""job_request_ntasks_per_node"": 1, ""job_request_time"": ""30s"", ""match_policy"": ""low"", ""n_jobs"": 500, ""problem_class"": ""A"", ""queue_depth"": 32, ""queue_policy"": ""fcfs"", ""reservation_depth"": 64, ""workload"": ""sleep""}, ""2"": {""job_request_cores_per_task"": 14, ""job_request_gpus_per_task"": 0, ""job_request_nodes"": 1, ""job_request_ntasks_per_node"": 1, ""job_request_time"": ""30s"", ""match_policy"": ""first"", ""n_jobs"": 500, ""problem_class"": ""A"", ""queue_depth"": 32, ""queue_policy"": ""hybrid"", ""reservation_depth"": 64, ""workload"": ""sleep""}}}, ""system"": {""cpu_affinity"": true, ""flux_time_limit"": ""3m"", ""max_cores_per_node"": 112, ""max_gpus_per_node"": 0, ""queue"": ""pbatch"", ""slurm_time_limit"": ""00:03:00"", ""sys_nodes"": 1}}",1,dane/SO_M
605edd5862,"{""config"": {""instance_level"": {""0"": {""match_policy"": ""first"", ""queue_depth"": 32, ""queue_policy"": ""fcfs"", ""reservation_depth"": 64}, ""1"": {""job_request_cores_per_task"": 14, ""job_request_gpus_per_task"": 0, ""job_request_nodes"": 1, ""job_request_ntasks_per_node"": 1, ""job_request_time"": ""30s"", ""match_policy"": ""low"", ""n_jobs"": 500, ""problem_class"": ""A"", ""queue_depth"": 32, ""queue_policy"": ""fcfs"", ""reservation_depth"": 64, ""workload"": ""sleep""}, ""2"": {""job_request_cores_per_task"": 14, ""job_request_gpus_per_task"": 0, ""job_request_nodes"": 1, ""job_request_ntasks_per_node"": 1, ""job_request_time"": ""30s"", ""match_policy"": ""first"", ""n_jobs"": 500, ""problem_class"": ""A"", ""queue_depth"": 32, ""queue_policy"": ""hybrid"", ""reservation_depth"": 64, ""workload"": ""sleep""}}}, ""system"": {""cpu_affinity"": true, ""flux_time_limit"": ""3m"", ""max_cores_per_node"": 112, ""max_gpus_per_node"": 0, ""queue"": ""pbatch"", ""slurm_time_limit"": ""00:03:00"", ""sys_nodes"": 1}}",2,dane/SO_M
605edd5862,"{""config"": {""instance_level"": {""0"": {""match_policy"": ""first"", ""queue_depth"": 32, ""queue_policy"": ""fcfs"", ""reservation_depth"": 64}, ""1"": {""job_request_cores_per_task"": 14, ""job_request_gpus_per_task"": 0, ""job_request_nodes"": 1, ""job_request_ntasks_per_node"": 1, ""job_request_time"": ""30s"", ""match_policy"": ""low"", ""n_jobs"": 500, ""problem_class"": ""A"", ""queue_depth"": 32, ""queue_policy"": ""fcfs"", ""reservation_depth"": 64, ""workload"": ""sleep""}, ""2"": {""job_request_cores_per_task"": 14, ""job_request_gpus_per_task"": 0, ""job_request_nodes"": 1, ""job_request_ntasks_per_node"": 1, ""job_request_time"": ""30s"", ""match_policy"": ""first"", ""n_jobs"": 500, ""problem_class"": ""A"", ""queue_depth"": 32, ""queue_policy"": ""hybrid"", ""reservation_depth"": 64, ""workload"": ""sleep""}}}, ""system"": {""cpu_affinity"": true, ""flux_time_limit"": ""3m"", ""max_cores_per_node"": 112, ""max_gpus_per_node"": 0, ""queue"": ""pbatch"", ""slurm_time_limit"": ""00:03:00"", ""sys_nodes"": 1}}",3,dane/SO_M
605edd5862,"{""config"": {""instance_level"": {""0"": {""match_policy"": ""first"", ""queue_depth"": 32, ""queue_policy"": ""fcfs"", ""reservation_depth"": 64}, ""1"": {""job_request_cores_per_task"": 14, ""job_request_gpus_per_task"": 0, ""job_request_nodes"": 1, ""job_request_ntasks_per_node"": 1, ""job_request_time"": ""30s"", ""match_policy"": ""low"", ""n_jobs"": 500, ""problem_class"": ""A"", ""queue_depth"": 32, ""queue_policy"": ""fcfs"", ""reservation_depth"": 64, ""workload"": ""sleep""}, ""2"": {""job_request_cores_per_task"": 14, ""job_request_gpus_per_task"": 0, ""job_request_nodes"": 1, ""job_request_ntasks_per_node"": 1, ""job_request_time"": ""30s"", ""match_policy"": ""first"", ""n_jobs"": 500, ""problem_class"": ""A"", ""queue_depth"": 32, ""queue_policy"": ""hybrid"", ""reservation_depth"": 64, ""workload"": ""sleep""}}}, ""system"": {""cpu_affinity"": true, ""flux_time_limit"": ""3m"", ""max_cores_per_node"": 112, ""max_gpus_per_node"": 0, ""queue"": ""pbatch"", ""slurm_time_limit"": ""00:03:00"", ""sys_nodes"": 1}}",4,dane/SO_M
605edd5862,"{""config"": {""instance_level"": {""0"": {""match_policy"": ""first"", ""queue_depth"": 32, ""queue_policy"": ""fcfs"", ""reservation_depth"": 64}, ""1"": {""job_request_cores_per_task"": 14, ""job_request_gpus_per_task"": 0, ""job_request_nodes"": 1, ""job_request_ntasks_per_node"": 1, ""job_request_time"": ""30s"", ""match_policy"": ""low"", ""n_jobs"": 500, ""problem_class"": ""A"", ""queue_depth"": 32, ""queue_policy"": ""fcfs"", ""reservation_depth"": 64, ""workload"": ""sleep""}, ""2"": {""job_request_cores_per_task"": 14, ""job_request_gpus_per_task"": 0, ""job_request_nodes"": 1, ""job_request_ntasks_per_node"": 1, ""job_request_time"": ""30s"", ""match_policy"": ""first"", ""n_jobs"": 500, ""problem_class"": ""A"", ""queue_depth"": 32, ""queue_policy"": ""hybrid"", ""reservation_depth"": 64, ""workload"": ""sleep""}}}, ""system"": {""cpu_affinity"": true, ""flux_time_limit"": ""3m"", ""max_cores_per_node"": 112, ""max_gpus_per_node"": 0, ""queue"": ""pbatch"", ""slurm_time_limit"": ""00:03:00"", ""sys_nodes"": 1}}",5,dane/SO_M
7d81233c37,"{""config"": {""instance_level"": {""0"": {""match_policy"": ""first"", ""queue_depth"": 32, ""queue_policy"": ""fcfs"", ""reservation_depth"": 64}, ""1"": {""job_request_cores_per_task"": 14, ""job_request_gpus_per_task"": 0, ""job_request_nodes"": 1, ""job_request_ntasks_per_node"": 1, ""job_request_time"": ""30s"", ""match_policy"": ""low"", ""n_jobs"": 500, ""problem_class"": ""A"", ""queue_depth"": 32, ""queue_policy"": ""fcfs"", ""reservation_depth"": 64, ""workload"": ""sleep""}, ""2"": {""job_request_cores_per_task"": 14, ""job_request_gpus_per_task"": 0, ""job_request_nodes"": 1, ""job_request_ntasks_per_node"": 1, ""job_request_time"": ""30s"", ""match_policy"": ""low"", ""n_jobs"": 500, ""problem_class"": ""A"", ""queue_depth"": 32, ""queue_policy"": ""fcfs"", ""reservation_depth"": 64, ""workload"": ""sleep""}}}, ""system"": {""cpu_affinity"": true, ""flux_time_limit"": ""3m"", ""max_cores_per_node"": 112, ""max_gpus_per_node"": 0, ""queue"": ""pbatch"", ""slurm_time_limit"": ""00:03:00"", ""sys_nodes"": 1}}",1,dane/SO_M
7d81233c37,"{""config"": {""instance_level"": {""0"": {""match_policy"": ""first"", ""queue_depth"": 32, ""queue_policy"": ""fcfs"", ""reservation_depth"": 64}, ""1"": {""job_request_cores_per_task"": 14, ""job_request_gpus_per_task"": 0, ""job_request_nodes"": 1, ""job_request_ntasks_per_node"": 1, ""job_request_time"": ""30s"", ""match_policy"": ""low"", ""n_jobs"": 500, ""problem_class"": ""A"", ""queue_depth"": 32, ""queue_policy"": ""fcfs"", ""reservation_depth"": 64, ""workload"": ""sleep""}, ""2"": {""job_request_cores_per_task"": 14, ""job_request_gpus_per_task"": 0, ""job_request_nodes"": 1, ""job_request_ntasks_per_node"": 1, ""job_request_time"": ""30s"", ""match_policy"": ""low"", ""n_jobs"": 500, ""problem_class"": ""A"", ""queue_depth"": 32, ""queue_policy"": ""fcfs"", ""reservation_depth"": 64, ""workload"": ""sleep""}}}, ""system"": {""cpu_affinity"": true, ""flux_time_limit"": ""3m"", ""max_cores_per_node"": 112, ""max_gpus_per_node"": 0, ""queue"": ""pbatch"", ""slurm_time_limit"": ""00:03:00"", ""sys_nodes"": 1}}",2,dane/SO_M
7d81233c37,"{""config"": {""instance_level"": {""0"": {""match_policy"": ""first"", ""queue_depth"": 32, ""queue_policy"": ""fcfs"", ""reservation_depth"": 64}, ""1"": {""job_request_cores_per_task"": 14, ""job_request_gpus_per_task"": 0, ""job_request_nodes"": 1, ""job_request_ntasks_per_node"": 1, ""job_request_time"": ""30s"", ""match_policy"": ""low"", ""n_jobs"": 500, ""problem_class"": ""A"", ""queue_depth"": 32, ""queue_policy"": ""fcfs"", ""reservation_depth"": 64, ""workload"": ""sleep""}, ""2"": {""job_request_cores_per_task"": 14, ""job_request_gpus_per_task"": 0, ""job_request_nodes"": 1, ""job_request_ntasks_per_node"": 1, ""job_request_time"": ""30s"", ""match_policy"": ""low"", ""n_jobs"": 500, ""problem_class"": ""A"", ""queue_depth"": 32, ""queue_policy"": ""fcfs"", ""reservation_depth"": 64, ""workload"": ""sleep""}}}, ""system"": {""cpu_affinity"": true, ""flux_time_limit"": ""3m"", ""max_cores_per_node"": 112, ""max_gpus_per_node"": 0, ""queue"": ""pbatch"", ""slurm_time_limit"": ""00:03:00"", ""sys_nodes"": 1}}",3,dane/SO_M
7d81233c37,"{""config"": {""instance_level"": {""0"": {""match_policy"": ""first"", ""queue_depth"": 32, ""queue_policy"": ""fcfs"", ""reservation_depth"": 64}, ""1"": {""job_request_cores_per_task"": 14, ""job_request_gpus_per_task"": 0, ""job_request_nodes"": 1, ""job_request_ntasks_per_node"": 1, ""job_request_time"": ""30s"", ""match_policy"": ""low"", ""n_jobs"": 500, ""problem_class"": ""A"", ""queue_depth"": 32, ""queue_policy"": ""fcfs"", ""reservation_depth"": 64, ""workload"": ""sleep""}, ""2"": {""job_request_cores_per_task"": 14, ""job_request_gpus_per_task"": 0, ""job_request_nodes"": 1, ""job_request_ntasks_per_node"": 1, ""job_request_time"": ""30s"", ""match_policy"": ""low"", ""n_jobs"": 500, ""problem_class"": ""A"", ""queue_depth"": 32, ""queue_policy"": ""fcfs"", ""reservation_depth"": 64, ""workload"": ""sleep""}}}, ""system"": {""cpu_affinity"": true, ""flux_time_limit"": ""3m"", ""max_cores_per_node"": 112, ""max_gpus_per_node"": 0, ""queue"": ""pbatch"", ""slurm_time_limit"": ""00:03:00"", ""sys_nodes"": 1}}",4,dane/SO_M
7d81233c37,"{""config"": {""instance_level"": {""0"": {""match_policy"": ""first"", ""queue_depth"": 32, ""queue_policy"": ""fcfs"", ""reservation_depth"": 64}, ""1"": {""job_request_cores_per_task"": 14, ""job_request_gpus_per_task"": 0, ""job_request_nodes"": 1, ""job_request_ntasks_per_node"": 1, ""job_request_time"": ""30s"", ""match_policy"": ""low"", ""n_jobs"": 500, ""problem_class"": ""A"", ""queue_depth"": 32, ""queue_policy"": ""fcfs"", ""reservation_depth"": 64, ""workload"": ""sleep""}, ""2"": {""job_request_cores_per_task"": 14, ""job_request_gpus_per_task"": 0, ""job_request_nodes"": 1, ""job_request_ntasks_per_node"": 1, ""job_request_time"": ""30s"", ""match_policy"": ""low"", ""n_jobs"": 500, ""problem_class"": ""A"", ""queue_depth"": 32, ""queue_policy"": ""fcfs"", ""reservation_depth"": 64, ""workload"": ""sleep""}}}, ""system"": {""cpu_affinity"": true, ""flux_time_limit"": ""3m"", ""max_cores_per_node"": 112, ""max_gpus_per_node"": 0, ""queue"": ""pbatch"", ""slurm_time_limit"": ""00:03:00"", ""sys_nodes"": 1}}",5,dane/SO_M
d80bd5196b,"{""config"": {""instance_level"": {""0"": {""match_policy"": ""first"", ""queue_depth"": 32, ""queue_policy"": ""fcfs"", ""reservation_depth"": 64}, ""1"": {""job_request_cores_per_task"": 14, ""job_request_gpus_per_task"": 0, ""job_request_nodes"": 1, ""job_request_ntasks_per_node"": 1, ""job_request_time"": ""30s"", ""match_policy"": ""low"", ""n_jobs"": 500, ""problem_class"": ""A"", ""queue_depth"": 32, ""queue_policy"": ""fcfs"", ""reservation_depth"": 64, ""workload"": ""sleep""}, ""2"": {""job_request_cores_per_task"": 14, ""job_request_gpus_per_task"": 0, ""job_request_nodes"": 1, ""job_request_ntasks_per_node"": 1, ""job_request_time"": ""30s"", ""match_policy"": ""low"", ""n_jobs"": 500, ""problem_class"": ""A"", ""queue_depth"": 32, ""queue_policy"": ""hybrid"", ""reservation_depth"": 64, ""workload"": ""sleep""}}}, ""system"": {""cpu_affinity"": true, ""flux_time_limit"": ""3m"", ""max_cores_per_node"": 112, ""max_gpus_per_node"": 0, ""queue"": ""pbatch"", ""slurm_time_limit"": ""00:03:00"", ""sys_nodes"": 1}}",1,dane/SO_M
d80bd5196b,"{""config"": {""instance_level"": {""0"": {""match_policy"": ""first"", ""queue_depth"": 32, ""queue_policy"": ""fcfs"", ""reservation_depth"": 64}, ""1"": {""job_request_cores_per_task"": 14, ""job_request_gpus_per_task"": 0, ""job_request_nodes"": 1, ""job_request_ntasks_per_node"": 1, ""job_request_time"": ""30s"", ""match_policy"": ""low"", ""n_jobs"": 500, ""problem_class"": ""A"", ""queue_depth"": 32, ""queue_policy"": ""fcfs"", ""reservation_depth"": 64, ""workload"": ""sleep""}, ""2"": {""job_request_cores_per_task"": 14, ""job_request_gpus_per_task"": 0, ""job_request_nodes"": 1, ""job_request_ntasks_per_node"": 1, ""job_request_time"": ""30s"", ""match_policy"": ""low"", ""n_jobs"": 500, ""problem_class"": ""A"", ""queue_depth"": 32, ""queue_policy"": ""hybrid"", ""reservation_depth"": 64, ""workload"": ""sleep""}}}, ""system"": {""cpu_affinity"": true, ""flux_time_limit"": ""3m"", ""max_cores_per_node"": 112, ""max_gpus_per_node"": 0, ""queue"": ""pbatch"", ""slurm_time_limit"": ""00:03:00"", ""sys_nodes"": 1}}",2,dane/SO_M
d80bd5196b,"{""config"": {""instance_level"": {""0"": {""match_policy"": ""first"", ""queue_depth"": 32, ""queue_policy"": ""fcfs"", ""reservation_depth"": 64}, ""1"": {""job_request_cores_per_task"": 14, ""job_request_gpus_per_task"": 0, ""job_request_nodes"": 1, ""job_request_ntasks_per_node"": 1, ""job_request_time"": ""30s"", ""match_policy"": ""low"", ""n_jobs"": 500, ""problem_class"": ""A"", ""queue_depth"": 32, ""queue_policy"": ""fcfs"", ""reservation_depth"": 64, ""workload"": ""sleep""}, ""2"": {""job_request_cores_per_task"": 14, ""job_request_gpus_per_task"": 0, ""job_request_nodes"": 1, ""job_request_ntasks_per_node"": 1, ""job_request_time"": ""30s"", ""match_policy"": ""low"", ""n_jobs"": 500, ""problem_class"": ""A"", ""queue_depth"": 32, ""queue_policy"": ""hybrid"", ""reservation_depth"": 64, ""workload"": ""sleep""}}}, ""system"": {""cpu_affinity"": true, ""flux_time_limit"": ""3m"", ""max_cores_per_node"": 112, ""max_gpus_per_node"": 0, ""queue"": ""pbatch"", ""slurm_time_limit"": ""00:03:00"", ""sys_nodes"": 1}}",3,dane/SO_M
d80bd5196b,"{""config"": {""instance_level"": {""0"": {""match_policy"": ""first"", ""queue_depth"": 32, ""queue_policy"": ""fcfs"", ""reservation_depth"": 64}, ""1"": {""job_request_cores_per_task"": 14, ""job_request_gpus_per_task"": 0, ""job_request_nodes"": 1, ""job_request_ntasks_per_node"": 1, ""job_request_time"": ""30s"", ""match_policy"": ""low"", ""n_jobs"": 500, ""problem_class"": ""A"", ""queue_depth"": 32, ""queue_policy"": ""fcfs"", ""reservation_depth"": 64, ""workload"": ""sleep""}, ""2"": {""job_request_cores_per_task"": 14, ""job_request_gpus_per_task"": 0, ""job_request_nodes"": 1, ""job_request_ntasks_per_node"": 1, ""job_request_time"": ""30s"", ""match_policy"": ""low"", ""n_jobs"": 500, ""problem_class"": ""A"", ""queue_depth"": 32, ""queue_policy"": ""hybrid"", ""reservation_depth"": 64, ""workload"": ""sleep""}}}, ""system"": {""cpu_affinity"": true, ""flux_time_limit"": ""3m"", ""max_cores_per_node"": 112, ""max_gpus_per_node"": 0, ""queue"": ""pbatch"", ""slurm_time_limit"": ""00:03:00"", ""sys_nodes"": 1}}",4,dane/SO_M
d80bd5196b,"{""config"": {""instance_level"": {""0"": {""match_policy"": ""first"", ""queue_depth"": 32, ""queue_policy"": ""fcfs"", ""reservation_depth"": 64}, ""1"": {""job_request_cores_per_task"": 14, ""job_request_gpus_per_task"": 0, ""job_request_nodes"": 1, ""job_request_ntasks_per_node"": 1, ""job_request_time"": ""30s"", ""match_policy"": ""low"", ""n_jobs"": 500, ""problem_class"": ""A"", ""queue_depth"": 32, ""queue_policy"": ""fcfs"", ""reservation_depth"": 64, ""workload"": ""sleep""}, ""2"": {""job_request_cores_per_task"": 14, ""job_request_gpus_per_task"": 0, ""job_request_nodes"": 1, ""job_request_ntasks_per_node"": 1, ""job_request_time"": ""30s"", ""match_policy"": ""low"", ""n_jobs"": 500, ""problem_class"": ""A"", ""queue_depth"": 32, ""queue_policy"": ""hybrid"", ""reservation_depth"": 64, ""workload"": ""sleep""}}}, ""system"": {""cpu_affinity"": true, ""flux_time_limit"": ""3m"", ""max_cores_per_node"": 112, ""max_gpus_per_node"": 0, ""queue"": ""pbatch"", ""slurm_time_limit"": ""00:03:00"", ""sys_nodes"": 1}}",5,dane/SO_M
79c6eebbbc,"{""config"": {""instance_level"": {""0"": {""match_policy"": ""first"", ""queue_depth"": 32, ""queue_policy"": ""fcfs"", ""reservation_depth"": 64}, ""1"": {""job_request_cores_per_task"": 1, ""job_request_gpus_per_task"": 0, ""job_request_nodes"": 1, ""job_request_ntasks_per_node"": 1, ""job_request_time"": ""30s"", ""match_policy"": ""low"", ""n_jobs"": 500, ""problem_class"": ""A"", ""queue_depth"": 32, ""queue_policy"": ""hybrid"", ""reservation_depth"": 64, ""workload"": ""sleep""}, ""2"": {""job_request_cores_per_task"": 1, ""job_request_gpus_per_task"": 0, ""job_request_nodes"": 1, ""job_request_ntasks_per_node"": 1, ""job_request_time"": ""30s"", ""match_policy"": ""first"", ""n_jobs"": 500, ""problem_class"": ""A"", ""queue_depth"": 32, ""queue_policy"": ""fcfs"", ""reservation_depth"": 64, ""workload"": ""sleep""}}}, ""system"": {""cpu_affinity"": true, ""flux_time_limit"": ""3m"", ""max_cores_per_node"": 112, ""max_gpus_per_node"": 0, ""queue"": ""pbatch"", ""slurm_time_limit"": ""00:03:00"", ""sys_nodes"": 1}}",1,dane/SO_M
79c6eebbbc,"{""config"": {""instance_level"": {""0"": {""match_policy"": ""first"", ""queue_depth"": 32, ""queue_policy"": ""fcfs"", ""reservation_depth"": 64}, ""1"": {""job_request_cores_per_task"": 1, ""job_request_gpus_per_task"": 0, ""job_request_nodes"": 1, ""job_request_ntasks_per_node"": 1, ""job_request_time"": ""30s"", ""match_policy"": ""low"", ""n_jobs"": 500, ""problem_class"": ""A"", ""queue_depth"": 32, ""queue_policy"": ""hybrid"", ""reservation_depth"": 64, ""workload"": ""sleep""}, ""2"": {""job_request_cores_per_task"": 1, ""job_request_gpus_per_task"": 0, ""job_request_nodes"": 1, ""job_request_ntasks_per_node"": 1, ""job_request_time"": ""30s"", ""match_policy"": ""first"", ""n_jobs"": 500, ""problem_class"": ""A"", ""queue_depth"": 32, ""queue_policy"": ""fcfs"", ""reservation_depth"": 64, ""workload"": ""sleep""}}}, ""system"": {""cpu_affinity"": true, ""flux_time_limit"": ""3m"", ""max_cores_per_node"": 112, ""max_gpus_per_node"": 0, ""queue"": ""pbatch"", ""slurm_time_limit"": ""00:03:00"", ""sys_nodes"": 1}}",2,dane/SO_M
79c6eebbbc,"{""config"": {""instance_level"": {""0"": {""match_policy"": ""first"", ""queue_depth"": 32, ""queue_policy"": ""fcfs"", ""reservation_depth"": 64}, ""1"": {""job_request_cores_per_task"": 1, ""job_request_gpus_per_task"": 0, ""job_request_nodes"": 1, ""job_request_ntasks_per_node"": 1, ""job_request_time"": ""30s"", ""match_policy"": ""low"", ""n_jobs"": 500, ""problem_class"": ""A"", ""queue_depth"": 32, ""queue_policy"": ""hybrid"", ""reservation_depth"": 64, ""workload"": ""sleep""}, ""2"": {""job_request_cores_per_task"": 1, ""job_request_gpus_per_task"": 0, ""job_request_nodes"": 1, ""job_request_ntasks_per_node"": 1, ""job_request_time"": ""30s"", ""match_policy"": ""first"", ""n_jobs"": 500, ""problem_class"": ""A"", ""queue_depth"": 32, ""queue_policy"": ""fcfs"", ""reservation_depth"": 64, ""workload"": ""sleep""}}}, ""system"": {""cpu_affinity"": true, ""flux_time_limit"": ""3m"", ""max_cores_per_node"": 112, ""max_gpus_per_node"": 0, ""queue"": ""pbatch"", ""slurm_time_limit"": ""00:03:00"", ""sys_nodes"": 1}}",3,dane/SO_M
79c6eebbbc,"{""config"": {""instance_level"": {""0"": {""match_policy"": ""first"", ""queue_depth"": 32, ""queue_policy"": ""fcfs"", ""reservation_depth"": 64}, ""1"": {""job_request_cores_per_task"": 1, ""job_request_gpus_per_task"": 0, ""job_request_nodes"": 1, ""job_request_ntasks_per_node"": 1, ""job_request_time"": ""30s"", ""match_policy"": ""low"", ""n_jobs"": 500, ""problem_class"": ""A"", ""queue_depth"": 32, ""queue_policy"": ""hybrid"", ""reservation_depth"": 64, ""workload"": ""sleep""}, ""2"": {""job_request_cores_per_task"": 1, ""job_request_gpus_per_task"": 0, ""job_request_nodes"": 1, ""job_request_ntasks_per_node"": 1, ""job_request_time"": ""30s"", ""match_policy"": ""first"", ""n_jobs"": 500, ""problem_class"": ""A"", ""queue_depth"": 32, ""queue_policy"": ""fcfs"", ""reservation_depth"": 64, ""workload"": ""sleep""}}}, ""system"": {""cpu_affinity"": true, ""flux_time_limit"": ""3m"", ""max_cores_per_node"": 112, ""max_gpus_per_node"": 0, ""queue"": ""pbatch"", ""slurm_time_limit"": ""00:03:00"", ""sys_nodes"": 1}}",4,dane/SO_M
79c6eebbbc,"{""config"": {""instance_level"": {""0"": {""match_policy"": ""first"", ""queue_depth"": 32, ""queue_policy"": ""fcfs"", ""reservation_depth"": 64}, ""1"": {""job_request_cores_per_task"": 1, ""job_request_gpus_per_task"": 0, ""job_request_nodes"": 1, ""job_request_ntasks_per_node"": 1, ""job_request_time"": ""30s"", ""match_policy"": ""low"", ""n_jobs"": 500, ""problem_class"": ""A"", ""queue_depth"": 32, ""queue_policy"": ""hybrid"", ""reservation_depth"": 64, ""workload"": ""sleep""}, ""2"": {""job_request_cores_per_task"": 1, ""job_request_gpus_per_task"": 0, ""job_request_nodes"": 1, ""job_request_ntasks_per_node"": 1, ""job_request_time"": ""30s"", ""match_policy"": ""first"", ""n_jobs"": 500, ""problem_class"": ""A"", ""queue_depth"": 32, ""queue_policy"": ""fcfs"", ""reservation_depth"": 64, ""workload"": ""sleep""}}}, ""system"": {""cpu_affinity"": true, ""flux_time_limit"": ""3m"", ""max_cores_per_node"": 112, ""max_gpus_per_node"": 0, ""queue"": ""pbatch"", ""slurm_time_limit"": ""00:03:00"", ""sys_nodes"": 1}}",5,dane/SO_M
c46dcc1c48,"{""config"": {""instance_level"": {""0"": {""match_policy"": ""first"", ""queue_depth"": 32, ""queue_policy"": ""fcfs"", ""reservation_depth"": 64}, ""1"": {""job_request_cores_per_task"": 1, ""job_request_gpus_per_task"": 0, ""job_request_nodes"": 1, ""job_request_ntasks_per_node"": 1, ""job_request_time"": ""30s"", ""match_policy"": ""low"", ""n_jobs"": 500, ""problem_class"": ""A"", ""queue_depth"": 32, ""queue_policy"": ""hybrid"", ""reservation_depth"": 64, ""workload"": ""sleep""}, ""2"": {""job_request_cores_per_task"": 1, ""job_request_gpus_per_task"": 0, ""job_request_nodes"": 1, ""job_request_ntasks_per_node"": 1, ""job_request_time"": ""30s"", ""match_policy"": ""first"", ""n_jobs"": 500, ""problem_class"": ""A"", ""queue_depth"": 32, ""queue_policy"": ""hybrid"", ""reservation_depth"": 64, ""workload"": ""sleep""}}}, ""system"": {""cpu_affinity"": true, ""flux_time_limit"": ""3m"", ""max_cores_per_node"": 112, ""max_gpus_per_node"": 0, ""queue"": ""pbatch"", ""slurm_time_limit"": ""00:03:00"", ""sys_nodes"": 1}}",1,dane/SO_M
c46dcc1c48,"{""config"": {""instance_level"": {""0"": {""match_policy"": ""first"", ""queue_depth"": 32, ""queue_policy"": ""fcfs"", ""reservation_depth"": 64}, ""1"": {""job_request_cores_per_task"": 1, ""job_request_gpus_per_task"": 0, ""job_request_nodes"": 1, ""job_request_ntasks_per_node"": 1, ""job_request_time"": ""30s"", ""match_policy"": ""low"", ""n_jobs"": 500, ""problem_class"": ""A"", ""queue_depth"": 32, ""queue_policy"": ""hybrid"", ""reservation_depth"": 64, ""workload"": ""sleep""}, ""2"": {""job_request_cores_per_task"": 1, ""job_request_gpus_per_task"": 0, ""job_request_nodes"": 1, ""job_request_ntasks_per_node"": 1, ""job_request_time"": ""30s"", ""match_policy"": ""first"", ""n_jobs"": 500, ""problem_class"": ""A"", ""queue_depth"": 32, ""queue_policy"": ""hybrid"", ""reservation_depth"": 64, ""workload"": ""sleep""}}}, ""system"": {""cpu_affinity"": true, ""flux_time_limit"": ""3m"", ""max_cores_per_node"": 112, ""max_gpus_per_node"": 0, ""queue"": ""pbatch"", ""slurm_time_limit"": ""00:03:00"", ""sys_nodes"": 1}}",2,dane/SO_M
c46dcc1c48,"{""config"": {""instance_level"": {""0"": {""match_policy"": ""first"", ""queue_depth"": 32, ""queue_policy"": ""fcfs"", ""reservation_depth"": 64}, ""1"": {""job_request_cores_per_task"": 1, ""job_request_gpus_per_task"": 0, ""job_request_nodes"": 1, ""job_request_ntasks_per_node"": 1, ""job_request_time"": ""30s"", ""match_policy"": ""low"", ""n_jobs"": 500, ""problem_class"": ""A"", ""queue_depth"": 32, ""queue_policy"": ""hybrid"", ""reservation_depth"": 64, ""workload"": ""sleep""}, ""2"": {""job_request_cores_per_task"": 1, ""job_request_gpus_per_task"": 0, ""job_request_nodes"": 1, ""job_request_ntasks_per_node"": 1, ""job_request_time"": ""30s"", ""match_policy"": ""first"", ""n_jobs"": 500, ""problem_class"": ""A"", ""queue_depth"": 32, ""queue_policy"": ""hybrid"", ""reservation_depth"": 64, ""workload"": ""sleep""}}}, ""system"": {""cpu_affinity"": true, ""flux_time_limit"": ""3m"", ""max_cores_per_node"": 112, ""max_gpus_per_node"": 0, ""queue"": ""pbatch"", ""slurm_time_limit"": ""00:03:00"", ""sys_nodes"": 1}}",3,dane/SO_M
c46dcc1c48,"{""config"": {""instance_level"": {""0"": {""match_policy"": ""first"", ""queue_depth"": 32, ""queue_policy"": ""fcfs"", ""reservation_depth"": 64}, ""1"": {""job_request_cores_per_task"": 1, ""job_request_gpus_per_task"": 0, ""job_request_nodes"": 1, ""job_request_ntasks_per_node"": 1, ""job_request_time"": ""30s"", ""match_policy"": ""low"", ""n_jobs"": 500, ""problem_class"": ""A"", ""queue_depth"": 32, ""queue_policy"": ""hybrid"", ""reservation_depth"": 64, ""workload"": ""sleep""}, ""2"": {""job_request_cores_per_task"": 1, ""job_request_gpus_per_task"": 0, ""job_request_nodes"": 1, ""job_request_ntasks_per_node"": 1, ""job_request_time"": ""30s"", ""match_policy"": ""first"", ""n_jobs"": 500, ""problem_class"": ""A"", ""queue_depth"": 32, ""queue_policy"": ""hybrid"", ""reservation_depth"": 64, ""workload"": ""sleep""}}}, ""system"": {""cpu_affinity"": true, ""flux_time_limit"": ""3m"", ""max_cores_per_node"": 112, ""max_gpus_per_node"": 0, ""queue"": ""pbatch"", ""slurm_time_limit"": ""00:03:00"", ""sys_nodes"": 1}}",4,dane/SO_M
c46dcc1c48,"{""config"": {""instance_level"": {""0"": {""match_policy"": ""first"", ""queue_depth"": 32, ""queue_policy"": ""fcfs"", ""reservation_depth"": 64}, ""1"": {""job_request_cores_per_task"": 1, ""job_request_gpus_per_task"": 0, ""job_request_nodes"": 1, ""job_request_ntasks_per_node"": 1, ""job_request_time"": ""30s"", ""match_policy"": ""low"", ""n_jobs"": 500, ""problem_class"": ""A"", ""queue_depth"": 32, ""queue_policy"": ""hybrid"", ""reservation_depth"": 64, ""workload"": ""sleep""}, ""2"": {""job_request_cores_per_task"": 1, ""job_request_gpus_per_task"": 0, ""job_request_nodes"": 1, ""job_request_ntasks_per_node"": 1, ""job_request_time"": ""30s"", ""match_policy"": ""first"", ""n_jobs"": 500, ""problem_class"": ""A"", ""queue_depth"": 32, ""queue_policy"": ""hybrid"", ""reservation_depth"": 64, ""workload"": ""sleep""}}}, ""system"": {""cpu_affinity"": true, ""flux_time_limit"": ""3m"", ""max_cores_per_node"": 112, ""max_gpus_per_node"": 0, ""queue"": ""pbatch"", ""slurm_time_limit"": ""00:03:00"", ""sys_nodes"": 1}}",5,dane/SO_M
0f10b3bfed,"{""config"": {""instance_level"": {""0"": {""match_policy"": ""first"", ""queue_depth"": 32, ""queue_policy"": ""fcfs"", ""reservation_depth"": 64}, ""1"": {""job_request_cores_per_task"": 1, ""job_request_gpus_per_task"": 0, ""job_request_nodes"": 1, ""job_request_ntasks_per_node"": 1, ""job_request_time"": ""30s"", ""match_policy"": ""low"", ""n_jobs"": 500, ""problem_class"": ""A"", ""queue_depth"": 32, ""queue_policy"": ""hybrid"", ""reservation_depth"": 64, ""workload"": ""sleep""}, ""2"": {""job_request_cores_per_task"": 1, ""job_request_gpus_per_task"": 0, ""job_request_nodes"": 1, ""job_request_ntasks_per_node"": 1, ""job_request_time"": ""30s"", ""match_policy"": ""low"", ""n_jobs"": 500, ""problem_class"": ""A"", ""queue_depth"": 32, ""queue_policy"": ""fcfs"", ""reservation_depth"": 64, ""workload"": ""sleep""}}}, ""system"": {""cpu_affinity"": true, ""flux_time_limit"": ""3m"", ""max_cores_per_node"": 112, ""max_gpus_per_node"": 0, ""queue"": ""pbatch"", ""slurm_time_limit"": ""00:03:00"", ""sys_nodes"": 1}}",1,dane/SO_M
0f10b3bfed,"{""config"": {""instance_level"": {""0"": {""match_policy"": ""first"", ""queue_depth"": 32, ""queue_policy"": ""fcfs"", ""reservation_depth"": 64}, ""1"": {""job_request_cores_per_task"": 1, ""job_request_gpus_per_task"": 0, ""job_request_nodes"": 1, ""job_request_ntasks_per_node"": 1, ""job_request_time"": ""30s"", ""match_policy"": ""low"", ""n_jobs"": 500, ""problem_class"": ""A"", ""queue_depth"": 32, ""queue_policy"": ""hybrid"", ""reservation_depth"": 64, ""workload"": ""sleep""}, ""2"": {""job_request_cores_per_task"": 1, ""job_request_gpus_per_task"": 0, ""job_request_nodes"": 1, ""job_request_ntasks_per_node"": 1, ""job_request_time"": ""30s"", ""match_policy"": ""low"", ""n_jobs"": 500, ""problem_class"": ""A"", ""queue_depth"": 32, ""queue_policy"": ""fcfs"", ""reservation_depth"": 64, ""workload"": ""sleep""}}}, ""system"": {""cpu_affinity"": true, ""flux_time_limit"": ""3m"", ""max_cores_per_node"": 112, ""max_gpus_per_node"": 0, ""queue"": ""pbatch"", ""slurm_time_limit"": ""00:03:00"", ""sys_nodes"": 1}}",2,dane/SO_M
0f10b3bfed,"{""config"": {""instance_level"": {""0"": {""match_policy"": ""first"", ""queue_depth"": 32, ""queue_policy"": ""fcfs"", ""reservation_depth"": 64}, ""1"": {""job_request_cores_per_task"": 1, ""job_request_gpus_per_task"": 0, ""job_request_nodes"": 1, ""job_request_ntasks_per_node"": 1, ""job_request_time"": ""30s"", ""match_policy"": ""low"", ""n_jobs"": 500, ""problem_class"": ""A"", ""queue_depth"": 32, ""queue_policy"": ""hybrid"", ""reservation_depth"": 64, ""workload"": ""sleep""}, ""2"": {""job_request_cores_per_task"": 1, ""job_request_gpus_per_task"": 0, ""job_request_nodes"": 1, ""job_request_ntasks_per_node"": 1, ""job_request_time"": ""30s"", ""match_policy"": ""low"", ""n_jobs"": 500, ""problem_class"": ""A"", ""queue_depth"": 32, ""queue_policy"": ""fcfs"", ""reservation_depth"": 64, ""workload"": ""sleep""}}}, ""system"": {""cpu_affinity"": true, ""flux_time_limit"": ""3m"", ""max_cores_per_node"": 112, ""max_gpus_per_node"": 0, ""queue"": ""pbatch"", ""slurm_time_limit"": ""00:03:00"", ""sys_nodes"": 1}}",3,dane/SO_M
0f10b3bfed,"{""config"": {""instance_level"": {""0"": {""match_policy"": ""first"", ""queue_depth"": 32, ""queue_policy"": ""fcfs"", ""reservation_depth"": 64}, ""1"": {""job_request_cores_per_task"": 1, ""job_request_gpus_per_task"": 0, ""job_request_nodes"": 1, ""job_request_ntasks_per_node"": 1, ""job_request_time"": ""30s"", ""match_policy"": ""low"", ""n_jobs"": 500, ""problem_class"": ""A"", ""queue_depth"": 32, ""queue_policy"": ""hybrid"", ""reservation_depth"": 64, ""workload"": ""sleep""}, ""2"": {""job_request_cores_per_task"": 1, ""job_request_gpus_per_task"": 0, ""job_request_nodes"": 1, ""job_request_ntasks_per_node"": 1, ""job_request_time"": ""30s"", ""match_policy"": ""low"", ""n_jobs"": 500, ""problem_class"": ""A"", ""queue_depth"": 32, ""queue_policy"": ""fcfs"", ""reservation_depth"": 64, ""workload"": ""sleep""}}}, ""system"": {""cpu_affinity"": true, ""flux_time_limit"": ""3m"", ""max_cores_per_node"": 112, ""max_gpus_per_node"": 0, ""queue"": ""pbatch"", ""slurm_time_limit"": ""00:03:00"", ""sys_nodes"": 1}}",4,dane/SO_M
0f10b3bfed,"{""config"": {""instance_level"": {""0"": {""match_policy"": ""first"", ""queue_depth"": 32, ""queue_policy"": ""fcfs"", ""reservation_depth"": 64}, ""1"": {""job_request_cores_per_task"": 1, ""job_request_gpus_per_task"": 0, ""job_request_nodes"": 1, ""job_request_ntasks_per_node"": 1, ""job_request_time"": ""30s"", ""match_policy"": ""low"", ""n_jobs"": 500, ""problem_class"": ""A"", ""queue_depth"": 32, ""queue_policy"": ""hybrid"", ""reservation_depth"": 64, ""workload"": ""sleep""}, ""2"": {""job_request_cores_per_task"": 1, ""job_request_gpus_per_task"": 0, ""job_request_nodes"": 1, ""job_request_ntasks_per_node"": 1, ""job_request_time"": ""30s"", ""match_policy"": ""low"", ""n_jobs"": 500, ""problem_class"": ""A"", ""queue_depth"": 32, ""queue_policy"": ""fcfs"", ""reservation_depth"": 64, ""workload"": ""sleep""}}}, ""system"": {""cpu_affinity"": true, ""flux_time_limit"": ""3m"", ""max_cores_per_node"": 112, ""max_gpus_per_node"": 0, ""queue"": ""pbatch"", ""slurm_time_limit"": ""00:03:00"", ""sys_nodes"": 1}}",5,dane/SO_M
27f543d614,"{""config"": {""instance_level"": {""0"": {""match_policy"": ""first"", ""queue_depth"": 32, ""queue_policy"": ""fcfs"", ""reservation_depth"": 64}, ""1"": {""job_request_cores_per_task"": 1, ""job_request_gpus_per_task"": 0, ""job_request_nodes"": 1, ""job_request_ntasks_per_node"": 1, ""job_request_time"": ""30s"", ""match_policy"": ""low"", ""n_jobs"": 500, ""problem_class"": ""A"", ""queue_depth"": 32, ""queue_policy"": ""hybrid"", ""reservation_depth"": 64, ""workload"": ""sleep""}, ""2"": {""job_request_cores_per_task"": 1, ""job_request_gpus_per_task"": 0, ""job_request_nodes"": 1, ""job_request_ntasks_per_node"": 1, ""job_request_time"": ""30s"", ""match_policy"": ""low"", ""n_jobs"": 500, ""problem_class"": ""A"", ""queue_depth"": 32, ""queue_policy"": ""hybrid"", ""reservation_depth"": 64, ""workload"": ""sleep""}}}, ""system"": {""cpu_affinity"": true, ""flux_time_limit"": ""3m"", ""max_cores_per_node"": 112, ""max_gpus_per_node"": 0, ""queue"": ""pbatch"", ""slurm_time_limit"": ""00:03:00"", ""sys_nodes"": 1}}",1,dane/SO_M
27f543d614,"{""config"": {""instance_level"": {""0"": {""match_policy"": ""first"", ""queue_depth"": 32, ""queue_policy"": ""fcfs"", ""reservation_depth"": 64}, ""1"": {""job_request_cores_per_task"": 1, ""job_request_gpus_per_task"": 0, ""job_request_nodes"": 1, ""job_request_ntasks_per_node"": 1, ""job_request_time"": ""30s"", ""match_policy"": ""low"", ""n_jobs"": 500, ""problem_class"": ""A"", ""queue_depth"": 32, ""queue_policy"": ""hybrid"", ""reservation_depth"": 64, ""workload"": ""sleep""}, ""2"": {""job_request_cores_per_task"": 1, ""job_request_gpus_per_task"": 0, ""job_request_nodes"": 1, ""job_request_ntasks_per_node"": 1, ""job_request_time"": ""30s"", ""match_policy"": ""low"", ""n_jobs"": 500, ""problem_class"": ""A"", ""queue_depth"": 32, ""queue_policy"": ""hybrid"", ""reservation_depth"": 64, ""workload"": ""sleep""}}}, ""system"": {""cpu_affinity"": true, ""flux_time_limit"": ""3m"", ""max_cores_per_node"": 112, ""max_gpus_per_node"": 0, ""queue"": ""pbatch"", ""slurm_time_limit"": ""00:03:00"", ""sys_nodes"": 1}}",2,dane/SO_M
27f543d614,"{""config"": {""instance_level"": {""0"": {""match_policy"": ""first"", ""queue_depth"": 32, ""queue_policy"": ""fcfs"", ""reservation_depth"": 64}, ""1"": {""job_request_cores_per_task"": 1, ""job_request_gpus_per_task"": 0, ""job_request_nodes"": 1, ""job_request_ntasks_per_node"": 1, ""job_request_time"": ""30s"", ""match_policy"": ""low"", ""n_jobs"": 500, ""problem_class"": ""A"", ""queue_depth"": 32, ""queue_policy"": ""hybrid"", ""reservation_depth"": 64, ""workload"": ""sleep""}, ""2"": {""job_request_cores_per_task"": 1, ""job_request_gpus_per_task"": 0, ""job_request_nodes"": 1, ""job_request_ntasks_per_node"": 1, ""job_request_time"": ""30s"", ""match_policy"": ""low"", ""n_jobs"": 500, ""problem_class"": ""A"", ""queue_depth"": 32, ""queue_policy"": ""hybrid"", ""reservation_depth"": 64, ""workload"": ""sleep""}}}, ""system"": {""cpu_affinity"": true, ""flux_time_limit"": ""3m"", ""max_cores_per_node"": 112, ""max_gpus_per_node"": 0, ""queue"": ""pbatch"", ""slurm_time_limit"": ""00:03:00"", ""sys_nodes"": 1}}",3,dane/SO_M
27f543d614,"{""config"": {""instance_level"": {""0"": {""match_policy"": ""first"", ""queue_depth"": 32, ""queue_policy"": ""fcfs"", ""reservation_depth"": 64}, ""1"": {""job_request_cores_per_task"": 1, ""job_request_gpus_per_task"": 0, ""job_request_nodes"": 1, ""job_request_ntasks_per_node"": 1, ""job_request_time"": ""30s"", ""match_policy"": ""low"", ""n_jobs"": 500, ""problem_class"": ""A"", ""queue_depth"": 32, ""queue_policy"": ""hybrid"", ""reservation_depth"": 64, ""workload"": ""sleep""}, ""2"": {""job_request_cores_per_task"": 1, ""job_request_gpus_per_task"": 0, ""job_request_nodes"": 1, ""job_request_ntasks_per_node"": 1, ""job_request_time"": ""30s"", ""match_policy"": ""low"", ""n_jobs"": 500, ""problem_class"": ""A"", ""queue_depth"": 32, ""queue_policy"": ""hybrid"", ""reservation_depth"": 64, ""workload"": ""sleep""}}}, ""system"": {""cpu_affinity"": true, ""flux_time_limit"": ""3m"", ""max_cores_per_node"": 112, ""max_gpus_per_node"": 0, ""queue"": ""pbatch"", ""slurm_time_limit"": ""00:03:00"", ""sys_nodes"": 1}}",4,dane/SO_M
27f543d614,"{""config"": {""instance_level"": {""0"": {""match_policy"": ""first"", ""queue_depth"": 32, ""queue_policy"": ""fcfs"", ""reservation_depth"": 64}, ""1"": {""job_request_cores_per_task"": 1, ""job_request_gpus_per_task"": 0, ""job_request_nodes"": 1, ""job_request_ntasks_per_node"": 1, ""job_request_time"": ""30s"", ""match_policy"": ""low"", ""n_jobs"": 500, ""problem_class"": ""A"", ""queue_depth"": 32, ""queue_policy"": ""hybrid"", ""reservation_depth"": 64, ""workload"": ""sleep""}, ""2"": {""job_request_cores_per_task"": 1, ""job_request_gpus_per_task"": 0, ""job_request_nodes"": 1, ""job_request_ntasks_per_node"": 1, ""job_request_time"": ""30s"", ""match_policy"": ""low"", ""n_jobs"": 500, ""problem_class"": ""A"", ""queue_depth"": 32, ""queue_policy"": ""hybrid"", ""reservation_depth"": 64, ""workload"": ""sleep""}}}, ""system"": {""cpu_affinity"": true, ""flux_time_limit"": ""3m"", ""max_cores_per_node"": 112, ""max_gpus_per_node"": 0, ""queue"": ""pbatch"", ""slurm_time_limit"": ""00:03:00"", ""sys_nodes"": 1}}",5,dane/SO_M
d3739b64a3,"{""config"": {""instance_level"": {""0"": {""match_policy"": ""first"", ""queue_depth"": 32, ""queue_policy"": ""fcfs"", ""reservation_depth"": 64}, ""1"": {""job_request_cores_per_task"": 14, ""job_request_gpus_per_task"": 0, ""job_request_nodes"": 1, ""job_request_ntasks_per_node"": 1, ""job_request_time"": ""30s"", ""match_policy"": ""low"", ""n_jobs"": 500, ""problem_class"": ""A"", ""queue_depth"": 32, ""queue_policy"": ""hybrid"", ""reservation_depth"": 64, ""workload"": ""sleep""}, ""2"": {""job_request_cores_per_task"": 14, ""job_request_gpus_per_task"": 0, ""job_request_nodes"": 1, ""job_request_ntasks_per_node"": 1, ""job_request_time"": ""30s"", ""match_policy"": ""first"", ""n_jobs"": 500, ""problem_class"": ""A"", ""queue_depth"": 32, ""queue_policy"": ""fcfs"", ""reservation_depth"": 64, ""workload"": ""sleep""}}}, ""system"": {""cpu_affinity"": true, ""flux_time_limit"": ""3m"", ""max_cores_per_node"": 112, ""max_gpus_per_node"": 0, ""queue"": ""pbatch"", ""slurm_time_limit"": ""00:03:00"", ""sys_nodes"": 1}}",1,dane/SO_M
d3739b64a3,"{""config"": {""instance_level"": {""0"": {""match_policy"": ""first"", ""queue_depth"": 32, ""queue_policy"": ""fcfs"", ""reservation_depth"": 64}, ""1"": {""job_request_cores_per_task"": 14, ""job_request_gpus_per_task"": 0, ""job_request_nodes"": 1, ""job_request_ntasks_per_node"": 1, ""job_request_time"": ""30s"", ""match_policy"": ""low"", ""n_jobs"": 500, ""problem_class"": ""A"", ""queue_depth"": 32, ""queue_policy"": ""hybrid"", ""reservation_depth"": 64, ""workload"": ""sleep""}, ""2"": {""job_request_cores_per_task"": 14, ""job_request_gpus_per_task"": 0, ""job_request_nodes"": 1, ""job_request_ntasks_per_node"": 1, ""job_request_time"": ""30s"", ""match_policy"": ""first"", ""n_jobs"": 500, ""problem_class"": ""A"", ""queue_depth"": 32, ""queue_policy"": ""fcfs"", ""reservation_depth"": 64, ""workload"": ""sleep""}}}, ""system"": {""cpu_affinity"": true, ""flux_time_limit"": ""3m"", ""max_cores_per_node"": 112, ""max_gpus_per_node"": 0, ""queue"": ""pbatch"", ""slurm_time_limit"": ""00:03:00"", ""sys_nodes"": 1}}",2,dane/SO_M
d3739b64a3,"{""config"": {""instance_level"": {""0"": {""match_policy"": ""first"", ""queue_depth"": 32, ""queue_policy"": ""fcfs"", ""reservation_depth"": 64}, ""1"": {""job_request_cores_per_task"": 14, ""job_request_gpus_per_task"": 0, ""job_request_nodes"": 1, ""job_request_ntasks_per_node"": 1, ""job_request_time"": ""30s"", ""match_policy"": ""low"", ""n_jobs"": 500, ""problem_class"": ""A"", ""queue_depth"": 32, ""queue_policy"": ""hybrid"", ""reservation_depth"": 64, ""workload"": ""sleep""}, ""2"": {""job_request_cores_per_task"": 14, ""job_request_gpus_per_task"": 0, ""job_request_nodes"": 1, ""job_request_ntasks_per_node"": 1, ""job_request_time"": ""30s"", ""match_policy"": ""first"", ""n_jobs"": 500, ""problem_class"": ""A"", ""queue_depth"": 32, ""queue_policy"": ""fcfs"", ""reservation_depth"": 64, ""workload"": ""sleep""}}}, ""system"": {""cpu_affinity"": true, ""flux_time_limit"": ""3m"", ""max_cores_per_node"": 112, ""max_gpus_per_node"": 0, ""queue"": ""pbatch"", ""slurm_time_limit"": ""00:03:00"", ""sys_nodes"": 1}}",3,dane/SO_M
d3739b64a3,"{""config"": {""instance_level"": {""0"": {""match_policy"": ""first"", ""queue_depth"": 32, ""queue_policy"": ""fcfs"", ""reservation_depth"": 64}, ""1"": {""job_request_cores_per_task"": 14, ""job_request_gpus_per_task"": 0, ""job_request_nodes"": 1, ""job_request_ntasks_per_node"": 1, ""job_request_time"": ""30s"", ""match_policy"": ""low"", ""n_jobs"": 500, ""problem_class"": ""A"", ""queue_depth"": 32, ""queue_policy"": ""hybrid"", ""reservation_depth"": 64, ""workload"": ""sleep""}, ""2"": {""job_request_cores_per_task"": 14, ""job_request_gpus_per_task"": 0, ""job_request_nodes"": 1, ""job_request_ntasks_per_node"": 1, ""job_request_time"": ""30s"", ""match_policy"": ""first"", ""n_jobs"": 500, ""problem_class"": ""A"", ""queue_depth"": 32, ""queue_policy"": ""fcfs"", ""reservation_depth"": 64, ""workload"": ""sleep""}}}, ""system"": {""cpu_affinity"": true, ""flux_time_limit"": ""3m"", ""max_cores_per_node"": 112, ""max_gpus_per_node"": 0, ""queue"": ""pbatch"", ""slurm_time_limit"": ""00:03:00"", ""sys_nodes"": 1}}",4,dane/SO_M
d3739b64a3,"{""config"": {""instance_level"": {""0"": {""match_policy"": ""first"", ""queue_depth"": 32, ""queue_policy"": ""fcfs"", ""reservation_depth"": 64}, ""1"": {""job_request_cores_per_task"": 14, ""job_request_gpus_per_task"": 0, ""job_request_nodes"": 1, ""job_request_ntasks_per_node"": 1, ""job_request_time"": ""30s"", ""match_policy"": ""low"", ""n_jobs"": 500, ""problem_class"": ""A"", ""queue_depth"": 32, ""queue_policy"": ""hybrid"", ""reservation_depth"": 64, ""workload"": ""sleep""}, ""2"": {""job_request_cores_per_task"": 14, ""job_request_gpus_per_task"": 0, ""job_request_nodes"": 1, ""job_request_ntasks_per_node"": 1, ""job_request_time"": ""30s"", ""match_policy"": ""first"", ""n_jobs"": 500, ""problem_class"": ""A"", ""queue_depth"": 32, ""queue_policy"": ""fcfs"", ""reservation_depth"": 64, ""workload"": ""sleep""}}}, ""system"": {""cpu_affinity"": true, ""flux_time_limit"": ""3m"", ""max_cores_per_node"": 112, ""max_gpus_per_node"": 0, ""queue"": ""pbatch"", ""slurm_time_limit"": ""00:03:00"", ""sys_nodes"": 1}}",5,dane/SO_M
3fbe1c47ae,"{""config"": {""instance_level"": {""0"": {""match_policy"": ""first"", ""queue_depth"": 32, ""queue_policy"": ""fcfs"", ""reservation_depth"": 64}, ""1"": {""job_request_cores_per_task"": 14, ""job_request_gpus_per_task"": 0, ""job_request_nodes"": 1, ""job_request_ntasks_per_node"": 1, ""job_request_time"": ""30s"", ""match_policy"": ""low"", ""n_jobs"": 500, ""problem_class"": ""A"", ""queue_depth"": 32, ""queue_policy"": ""hybrid"", ""reservation_depth"": 64, ""workload"": ""sleep""}, ""2"": {""job_request_cores_per_task"": 14, ""job_request_gpus_per_task"": 0, ""job_request_nodes"": 1, ""job_request_ntasks_per_node"": 1, ""job_request_time"": ""30s"", ""match_policy"": ""first"", ""n_jobs"": 500, ""problem_class"": ""A"", ""queue_depth"": 32, ""queue_policy"": ""hybrid"", ""reservation_depth"": 64, ""workload"": ""sleep""}}}, ""system"": {""cpu_affinity"": true, ""flux_time_limit"": ""3m"", ""max_cores_per_node"": 112, ""max_gpus_per_node"": 0, ""queue"": ""pbatch"", ""slurm_time_limit"": ""00:03:00"", ""sys_nodes"": 1}}",1,dane/SO_M
3fbe1c47ae,"{""config"": {""instance_level"": {""0"": {""match_policy"": ""first"", ""queue_depth"": 32, ""queue_policy"": ""fcfs"", ""reservation_depth"": 64}, ""1"": {""job_request_cores_per_task"": 14, ""job_request_gpus_per_task"": 0, ""job_request_nodes"": 1, ""job_request_ntasks_per_node"": 1, ""job_request_time"": ""30s"", ""match_policy"": ""low"", ""n_jobs"": 500, ""problem_class"": ""A"", ""queue_depth"": 32, ""queue_policy"": ""hybrid"", ""reservation_depth"": 64, ""workload"": ""sleep""}, ""2"": {""job_request_cores_per_task"": 14, ""job_request_gpus_per_task"": 0, ""job_request_nodes"": 1, ""job_request_ntasks_per_node"": 1, ""job_request_time"": ""30s"", ""match_policy"": ""first"", ""n_jobs"": 500, ""problem_class"": ""A"", ""queue_depth"": 32, ""queue_policy"": ""hybrid"", ""reservation_depth"": 64, ""workload"": ""sleep""}}}, ""system"": {""cpu_affinity"": true, ""flux_time_limit"": ""3m"", ""max_cores_per_node"": 112, ""max_gpus_per_node"": 0, ""queue"": ""pbatch"", ""slurm_time_limit"": ""00:03:00"", ""sys_nodes"": 1}}",2,dane/SO_M
3fbe1c47ae,"{""config"": {""instance_level"": {""0"": {""match_policy"": ""first"", ""queue_depth"": 32, ""queue_policy"": ""fcfs"", ""reservation_depth"": 64}, ""1"": {""job_request_cores_per_task"": 14, ""job_request_gpus_per_task"": 0, ""job_request_nodes"": 1, ""job_request_ntasks_per_node"": 1, ""job_request_time"": ""30s"", ""match_policy"": ""low"", ""n_jobs"": 500, ""problem_class"": ""A"", ""queue_depth"": 32, ""queue_policy"": ""hybrid"", ""reservation_depth"": 64, ""workload"": ""sleep""}, ""2"": {""job_request_cores_per_task"": 14, ""job_request_gpus_per_task"": 0, ""job_request_nodes"": 1, ""job_request_ntasks_per_node"": 1, ""job_request_time"": ""30s"", ""match_policy"": ""first"", ""n_jobs"": 500, ""problem_class"": ""A"", ""queue_depth"": 32, ""queue_policy"": ""hybrid"", ""reservation_depth"": 64, ""workload"": ""sleep""}}}, ""system"": {""cpu_affinity"": true, ""flux_time_limit"": ""3m"", ""max_cores_per_node"": 112, ""max_gpus_per_node"": 0, ""queue"": ""pbatch"", ""slurm_time_limit"": ""00:03:00"", ""sys_nodes"": 1}}",3,dane/SO_M
3fbe1c47ae,"{""config"": {""instance_level"": {""0"": {""match_policy"": ""first"", ""queue_depth"": 32, ""queue_policy"": ""fcfs"", ""reservation_depth"": 64}, ""1"": {""job_request_cores_per_task"": 14, ""job_request_gpus_per_task"": 0, ""job_request_nodes"": 1, ""job_request_ntasks_per_node"": 1, ""job_request_time"": ""30s"", ""match_policy"": ""low"", ""n_jobs"": 500, ""problem_class"": ""A"", ""queue_depth"": 32, ""queue_policy"": ""hybrid"", ""reservation_depth"": 64, ""workload"": ""sleep""}, ""2"": {""job_request_cores_per_task"": 14, ""job_request_gpus_per_task"": 0, ""job_request_nodes"": 1, ""job_request_ntasks_per_node"": 1, ""job_request_time"": ""30s"", ""match_policy"": ""first"", ""n_jobs"": 500, ""problem_class"": ""A"", ""queue_depth"": 32, ""queue_policy"": ""hybrid"", ""reservation_depth"": 64, ""workload"": ""sleep""}}}, ""system"": {""cpu_affinity"": true, ""flux_time_limit"": ""3m"", ""max_cores_per_node"": 112, ""max_gpus_per_node"": 0, ""queue"": ""pbatch"", ""slurm_time_limit"": ""00:03:00"", ""sys_nodes"": 1}}",4,dane/SO_M
3fbe1c47ae,"{""config"": {""instance_level"": {""0"": {""match_policy"": ""first"", ""queue_depth"": 32, ""queue_policy"": ""fcfs"", ""reservation_depth"": 64}, ""1"": {""job_request_cores_per_task"": 14, ""job_request_gpus_per_task"": 0, ""job_request_nodes"": 1, ""job_request_ntasks_per_node"": 1, ""job_request_time"": ""30s"", ""match_policy"": ""low"", ""n_jobs"": 500, ""problem_class"": ""A"", ""queue_depth"": 32, ""queue_policy"": ""hybrid"", ""reservation_depth"": 64, ""workload"": ""sleep""}, ""2"": {""job_request_cores_per_task"": 14, ""job_request_gpus_per_task"": 0, ""job_request_nodes"": 1, ""job_request_ntasks_per_node"": 1, ""job_request_time"": ""30s"", ""match_policy"": ""first"", ""n_jobs"": 500, ""problem_class"": ""A"", ""queue_depth"": 32, ""queue_policy"": ""hybrid"", ""reservation_depth"": 64, ""workload"": ""sleep""}}}, ""system"": {""cpu_affinity"": true, ""flux_time_limit"": ""3m"", ""max_cores_per_node"": 112, ""max_gpus_per_node"": 0, ""queue"": ""pbatch"", ""slurm_time_limit"": ""00:03:00"", ""sys_nodes"": 1}}",5,dane/SO_M
3932ca5d57,"{""config"": {""instance_level"": {""0"": {""match_policy"": ""first"", ""queue_depth"": 32, ""queue_policy"": ""fcfs"", ""reservation_depth"": 64}, ""1"": {""job_request_cores_per_task"": 14, ""job_request_gpus_per_task"": 0, ""job_request_nodes"": 1, ""job_request_ntasks_per_node"": 1, ""job_request_time"": ""30s"", ""match_policy"": ""low"", ""n_jobs"": 500, ""problem_class"": ""A"", ""queue_depth"": 32, ""queue_policy"": ""hybrid"", ""reservation_depth"": 64, ""workload"": ""sleep""}, ""2"": {""job_request_cores_per_task"": 14, ""job_request_gpus_per_task"": 0, ""job_request_nodes"": 1, ""job_request_ntasks_per_node"": 1, ""job_request_time"": ""30s"", ""match_policy"": ""low"", ""n_jobs"": 500, ""problem_class"": ""A"", ""queue_depth"": 32, ""queue_policy"": ""fcfs"", ""reservation_depth"": 64, ""workload"": ""sleep""}}}, ""system"": {""cpu_affinity"": true, ""flux_time_limit"": ""3m"", ""max_cores_per_node"": 112, ""max_gpus_per_node"": 0, ""queue"": ""pbatch"", ""slurm_time_limit"": ""00:03:00"", ""sys_nodes"": 1}}",1,dane/SO_M
3932ca5d57,"{""config"": {""instance_level"": {""0"": {""match_policy"": ""first"", ""queue_depth"": 32, ""queue_policy"": ""fcfs"", ""reservation_depth"": 64}, ""1"": {""job_request_cores_per_task"": 14, ""job_request_gpus_per_task"": 0, ""job_request_nodes"": 1, ""job_request_ntasks_per_node"": 1, ""job_request_time"": ""30s"", ""match_policy"": ""low"", ""n_jobs"": 500, ""problem_class"": ""A"", ""queue_depth"": 32, ""queue_policy"": ""hybrid"", ""reservation_depth"": 64, ""workload"": ""sleep""}, ""2"": {""job_request_cores_per_task"": 14, ""job_request_gpus_per_task"": 0, ""job_request_nodes"": 1, ""job_request_ntasks_per_node"": 1, ""job_request_time"": ""30s"", ""match_policy"": ""low"", ""n_jobs"": 500, ""problem_class"": ""A"", ""queue_depth"": 32, ""queue_policy"": ""fcfs"", ""reservation_depth"": 64, ""workload"": ""sleep""}}}, ""system"": {""cpu_affinity"": true, ""flux_time_limit"": ""3m"", ""max_cores_per_node"": 112, ""max_gpus_per_node"": 0, ""queue"": ""pbatch"", ""slurm_time_limit"": ""00:03:00"", ""sys_nodes"": 1}}",2,dane/SO_M
3932ca5d57,"{""config"": {""instance_level"": {""0"": {""match_policy"": ""first"", ""queue_depth"": 32, ""queue_policy"": ""fcfs"", ""reservation_depth"": 64}, ""1"": {""job_request_cores_per_task"": 14, ""job_request_gpus_per_task"": 0, ""job_request_nodes"": 1, ""job_request_ntasks_per_node"": 1, ""job_request_time"": ""30s"", ""match_policy"": ""low"", ""n_jobs"": 500, ""problem_class"": ""A"", ""queue_depth"": 32, ""queue_policy"": ""hybrid"", ""reservation_depth"": 64, ""workload"": ""sleep""}, ""2"": {""job_request_cores_per_task"": 14, ""job_request_gpus_per_task"": 0, ""job_request_nodes"": 1, ""job_request_ntasks_per_node"": 1, ""job_request_time"": ""30s"", ""match_policy"": ""low"", ""n_jobs"": 500, ""problem_class"": ""A"", ""queue_depth"": 32, ""queue_policy"": ""fcfs"", ""reservation_depth"": 64, ""workload"": ""sleep""}}}, ""system"": {""cpu_affinity"": true, ""flux_time_limit"": ""3m"", ""max_cores_per_node"": 112, ""max_gpus_per_node"": 0, ""queue"": ""pbatch"", ""slurm_time_limit"": ""00:03:00"", ""sys_nodes"": 1}}",3,dane/SO_M
3932ca5d57,"{""config"": {""instance_level"": {""0"": {""match_policy"": ""first"", ""queue_depth"": 32, ""queue_policy"": ""fcfs"", ""reservation_depth"": 64}, ""1"": {""job_request_cores_per_task"": 14, ""job_request_gpus_per_task"": 0, ""job_request_nodes"": 1, ""job_request_ntasks_per_node"": 1, ""job_request_time"": ""30s"", ""match_policy"": ""low"", ""n_jobs"": 500, ""problem_class"": ""A"", ""queue_depth"": 32, ""queue_policy"": ""hybrid"", ""reservation_depth"": 64, ""workload"": ""sleep""}, ""2"": {""job_request_cores_per_task"": 14, ""job_request_gpus_per_task"": 0, ""job_request_nodes"": 1, ""job_request_ntasks_per_node"": 1, ""job_request_time"": ""30s"", ""match_policy"": ""low"", ""n_jobs"": 500, ""problem_class"": ""A"", ""queue_depth"": 32, ""queue_policy"": ""fcfs"", ""reservation_depth"": 64, ""workload"": ""sleep""}}}, ""system"": {""cpu_affinity"": true, ""flux_time_limit"": ""3m"", ""max_cores_per_node"": 112, ""max_gpus_per_node"": 0, ""queue"": ""pbatch"", ""slurm_time_limit"": ""00:03:00"", ""sys_nodes"": 1}}",4,dane/SO_M
3932ca5d57,"{""config"": {""instance_level"": {""0"": {""match_policy"": ""first"", ""queue_depth"": 32, ""queue_policy"": ""fcfs"", ""reservation_depth"": 64}, ""1"": {""job_request_cores_per_task"": 14, ""job_request_gpus_per_task"": 0, ""job_request_nodes"": 1, ""job_request_ntasks_per_node"": 1, ""job_request_time"": ""30s"", ""match_policy"": ""low"", ""n_jobs"": 500, ""problem_class"": ""A"", ""queue_depth"": 32, ""queue_policy"": ""hybrid"", ""reservation_depth"": 64, ""workload"": ""sleep""}, ""2"": {""job_request_cores_per_task"": 14, ""job_request_gpus_per_task"": 0, ""job_request_nodes"": 1, ""job_request_ntasks_per_node"": 1, ""job_request_time"": ""30s"", ""match_policy"": ""low"", ""n_jobs"": 500, ""problem_class"": ""A"", ""queue_depth"": 32, ""queue_policy"": ""fcfs"", ""reservation_depth"": 64, ""workload"": ""sleep""}}}, ""system"": {""cpu_affinity"": true, ""flux_time_limit"": ""3m"", ""max_cores_per_node"": 112, ""max_gpus_per_node"": 0, ""queue"": ""pbatch"", ""slurm_time_limit"": ""00:03:00"", ""sys_nodes"": 1}}",5,dane/SO_M
b616d1800c,"{""config"": {""instance_level"": {""0"": {""match_policy"": ""first"", ""queue_depth"": 32, ""queue_policy"": ""fcfs"", ""reservation_depth"": 64}, ""1"": {""job_request_cores_per_task"": 14, ""job_request_gpus_per_task"": 0, ""job_request_nodes"": 1, ""job_request_ntasks_per_node"": 1, ""job_request_time"": ""30s"", ""match_policy"": ""low"", ""n_jobs"": 500, ""problem_class"": ""A"", ""queue_depth"": 32, ""queue_policy"": ""hybrid"", ""reservation_depth"": 64, ""workload"": ""sleep""}, ""2"": {""job_request_cores_per_task"": 14, ""job_request_gpus_per_task"": 0, ""job_request_nodes"": 1, ""job_request_ntasks_per_node"": 1, ""job_request_time"": ""30s"", ""match_policy"": ""low"", ""n_jobs"": 500, ""problem_class"": ""A"", ""queue_depth"": 32, ""queue_policy"": ""hybrid"", ""reservation_depth"": 64, ""workload"": ""sleep""}}}, ""system"": {""cpu_affinity"": true, ""flux_time_limit"": ""3m"", ""max_cores_per_node"": 112, ""max_gpus_per_node"": 0, ""queue"": ""pbatch"", ""slurm_time_limit"": ""00:03:00"", ""sys_nodes"": 1}}",1,dane/SO_M
b616d1800c,"{""config"": {""instance_level"": {""0"": {""match_policy"": ""first"", ""queue_depth"": 32, ""queue_policy"": ""fcfs"", ""reservation_depth"": 64}, ""1"": {""job_request_cores_per_task"": 14, ""job_request_gpus_per_task"": 0, ""job_request_nodes"": 1, ""job_request_ntasks_per_node"": 1, ""job_request_time"": ""30s"", ""match_policy"": ""low"", ""n_jobs"": 500, ""problem_class"": ""A"", ""queue_depth"": 32, ""queue_policy"": ""hybrid"", ""reservation_depth"": 64, ""workload"": ""sleep""}, ""2"": {""job_request_cores_per_task"": 14, ""job_request_gpus_per_task"": 0, ""job_request_nodes"": 1, ""job_request_ntasks_per_node"": 1, ""job_request_time"": ""30s"", ""match_policy"": ""low"", ""n_jobs"": 500, ""problem_class"": ""A"", ""queue_depth"": 32, ""queue_policy"": ""hybrid"", ""reservation_depth"": 64, ""workload"": ""sleep""}}}, ""system"": {""cpu_affinity"": true, ""flux_time_limit"": ""3m"", ""max_cores_per_node"": 112, ""max_gpus_per_node"": 0, ""queue"": ""pbatch"", ""slurm_time_limit"": ""00:03:00"", ""sys_nodes"": 1}}",2,dane/SO_M
b616d1800c,"{""config"": {""instance_level"": {""0"": {""match_policy"": ""first"", ""queue_depth"": 32, ""queue_policy"": ""fcfs"", ""reservation_depth"": 64}, ""1"": {""job_request_cores_per_task"": 14, ""job_request_gpus_per_task"": 0, ""job_request_nodes"": 1, ""job_request_ntasks_per_node"": 1, ""job_request_time"": ""30s"", ""match_policy"": ""low"", ""n_jobs"": 500, ""problem_class"": ""A"", ""queue_depth"": 32, ""queue_policy"": ""hybrid"", ""reservation_depth"": 64, ""workload"": ""sleep""}, ""2"": {""job_request_cores_per_task"": 14, ""job_request_gpus_per_task"": 0, ""job_request_nodes"": 1, ""job_request_ntasks_per_node"": 1, ""job_request_time"": ""30s"", ""match_policy"": ""low"", ""n_jobs"": 500, ""problem_class"": ""A"", ""queue_depth"": 32, ""queue_policy"": ""hybrid"", ""reservation_depth"": 64, ""workload"": ""sleep""}}}, ""system"": {""cpu_affinity"": true, ""flux_time_limit"": ""3m"", ""max_cores_per_node"": 112, ""max_gpus_per_node"": 0, ""queue"": ""pbatch"", ""slurm_time_limit"": ""00:03:00"", ""sys_nodes"": 1}}",3,dane/SO_M
b616d1800c,"{""config"": {""instance_level"": {""0"": {""match_policy"": ""first"", ""queue_depth"": 32, ""queue_policy"": ""fcfs"", ""reservation_depth"": 64}, ""1"": {""job_request_cores_per_task"": 14, ""job_request_gpus_per_task"": 0, ""job_request_nodes"": 1, ""job_request_ntasks_per_node"": 1, ""job_request_time"": ""30s"", ""match_policy"": ""low"", ""n_jobs"": 500, ""problem_class"": ""A"", ""queue_depth"": 32, ""queue_policy"": ""hybrid"", ""reservation_depth"": 64, ""workload"": ""sleep""}, ""2"": {""job_request_cores_per_task"": 14, ""job_request_gpus_per_task"": 0, ""job_request_nodes"": 1, ""job_request_ntasks_per_node"": 1, ""job_request_time"": ""30s"", ""match_policy"": ""low"", ""n_jobs"": 500, ""problem_class"": ""A"", ""queue_depth"": 32, ""queue_policy"": ""hybrid"", ""reservation_depth"": 64, ""workload"": ""sleep""}}}, ""system"": {""cpu_affinity"": true, ""flux_time_limit"": ""3m"", ""max_cores_per_node"": 112, ""max_gpus_per_node"": 0, ""queue"": ""pbatch"", ""slurm_time_limit"": ""00:03:00"", ""sys_nodes"": 1}}",4,dane/SO_M
b616d1800c,"{""config"": {""instance_level"": {""0"": {""match_policy"": ""first"", ""queue_depth"": 32, ""queue_policy"": ""fcfs"", ""reservation_depth"": 64}, ""1"": {""job_request_cores_per_task"": 14, ""job_request_gpus_per_task"": 0, ""job_request_nodes"": 1, ""job_request_ntasks_per_node"": 1, ""job_request_time"": ""30s"", ""match_policy"": ""low"", ""n_jobs"": 500, ""problem_class"": ""A"", ""queue_depth"": 32, ""queue_policy"": ""hybrid"", ""reservation_depth"": 64, ""workload"": ""sleep""}, ""2"": {""job_request_cores_per_task"": 14, ""job_request_gpus_per_task"": 0, ""job_request_nodes"": 1, ""job_request_ntasks_per_node"": 1, ""job_request_time"": ""30s"", ""match_policy"": ""low"", ""n_jobs"": 500, ""problem_class"": ""A"", ""queue_depth"": 32, ""queue_policy"": ""hybrid"", ""reservation_depth"": 64, ""workload"": ""sleep""}}}, ""system"": {""cpu_affinity"": true, ""flux_time_limit"": ""3m"", ""max_cores_per_node"": 112, ""max_gpus_per_node"": 0, ""queue"": ""pbatch"", ""slurm_time_limit"": ""00:03:00"", ""sys_nodes"": 1}}",5,dane/SO_M
